#,Date,Low Range,Full Range,Temp
1,10-30-2020 14:00:00,746.2,744.4,6.61
2,10-30-2020 14:30:00,744.2,741.9,6.52
3,10-30-2020 15:00:00,745.6,744,6.57
4,10-30-2020 15:30:00,749.4,747.3,6.61
5,10-30-2020 16:00:00,744.8,743.1,6.62
6,10-30-2020 16:30:00,744.8,742.7,6.62
7,10-30-2020 17:00:00,743.9,741.8,6.61
8,10-30-2020 17:30:00,740.3,738.5,6.52
9,10-30-2020 18:00:00,741.2,739.4,6.44
10,10-30-2020 18:30:00,743.3,741.2,6.37
11,10-30-2020 19:00:00,746.9,744.6,6.32
12,10-30-2020 19:30:00,750,748,6.29
13,10-30-2020 20:00:00,755.2,753.1,6.28
14,10-30-2020 20:30:00,758.6,756.5,6.29
15,10-30-2020 21:00:00,762.1,759.9,6.3
16,10-30-2020 21:30:00,763.8,762,6.34
17,10-30-2020 22:00:00,761.9,759.9,6.34
18,10-30-2020 22:30:00,760.4,757.7,6.33
19,10-30-2020 23:00:00,759.1,756.5,6.29
20,10-30-2020 23:30:00,751.6,749.3,6.23
21,10-31-2020 00:00:00,751,748.9,6.23
22,10-31-2020 00:30:00,749.3,747.2,6.19
23,10-31-2020 01:00:00,748.1,746,6.17
24,10-31-2020 01:30:00,747.3,745.6,6.18
25,10-31-2020 02:00:00,745.6,743.4,6.17
26,10-31-2020 02:30:00,745.2,743,6.17
27,10-31-2020 03:00:00,744.9,742.2,6.19
28,10-31-2020 03:30:00,743.8,741.7,6.22
29,10-31-2020 04:00:00,744.4,742.1,6.24
30,10-31-2020 04:30:00,745.2,743.4,6.27
31,10-31-2020 05:00:00,745.8,743.4,6.28
32,10-31-2020 05:30:00,745.9,743.4,6.26
33,10-31-2020 06:00:00,746.2,743.8,6.23
34,10-31-2020 06:30:00,748.4,746,6.21
35,10-31-2020 07:00:00,747.9,745.6,6.12
36,10-31-2020 07:30:00,750.6,748.2,6.09
37,10-31-2020 08:00:00,751.3,749.1,5.99
38,10-31-2020 08:30:00,750.7,748.3,5.9
39,10-31-2020 09:00:00,750.2,747.9,5.84
40,10-31-2020 09:30:00,750,748,5.81
41,10-31-2020 10:00:00,750.6,748.4,5.81
42,10-31-2020 10:30:00,751.3,749.2,5.83
43,10-31-2020 11:00:00,754.8,752.5,5.95
44,10-31-2020 11:30:00,758.3,756.3,6.01
45,10-31-2020 12:00:00,758,755.5,5.98
46,10-31-2020 12:30:00,759.1,757.1,6.04
47,10-31-2020 13:00:00,762.5,760,6.13
48,10-31-2020 13:30:00,764.4,761.6,6.22
49,10-31-2020 14:00:00,763.9,761.2,6.22
50,10-31-2020 14:30:00,765,762.9,6.29
51,10-31-2020 15:00:00,766.1,763.7,6.33
52,10-31-2020 15:30:00,768.1,765.7,6.45
53,10-31-2020 16:00:00,770.5,768.2,6.5
54,10-31-2020 16:30:00,772.4,770.3,6.52
55,10-31-2020 17:00:00,773.8,771.1,6.55
56,10-31-2020 17:30:00,773.4,771.1,6.55
57,10-31-2020 18:00:00,772.5,770.3,6.55
58,10-31-2020 18:30:00,773.2,771.1,6.55
59,10-31-2020 19:00:00,774.8,772,6.58
60,10-31-2020 19:30:00,776.6,774,6.66
61,10-31-2020 20:00:00,778,775.7,6.74
62,10-31-2020 20:30:00,778.6,776,6.8
63,10-31-2020 21:00:00,777.4,774.7,6.88
64,10-31-2020 21:30:00,778.1,775.9,6.93
65,10-31-2020 22:00:00,776.6,774.2,7
66,10-31-2020 22:30:00,777.5,775,7.04
67,10-31-2020 23:00:00,779.4,777.1,7.1
68,10-31-2020 23:30:00,782.6,780.4,7.18
69,11-01-2020 00:00:00,784.4,781.6,7.22
70,11-01-2020 00:30:00,784.1,781.2,7.21
71,11-01-2020 01:00:00,783.7,781.2,7.21
72,11-01-2020 01:30:00,782.8,779.9,7.23
73,11-01-2020 02:00:00,781.8,779.1,7.23
74,11-01-2020 02:30:00,782.1,779.5,7.24
75,11-01-2020 03:00:00,784.2,781.6,7.3
76,11-01-2020 03:30:00,787.2,784.1,7.36
77,11-01-2020 04:00:00,790.6,787.8,7.44
78,11-01-2020 04:30:00,794.2,791.2,7.51
79,11-01-2020 05:00:00,796.8,793.7,7.57
80,11-01-2020 05:30:00,796,793.6,7.62
81,11-01-2020 06:00:00,796,793.1,7.68
82,11-01-2020 06:30:00,796.2,793.5,7.72
83,11-01-2020 07:00:00,799.4,796.9,7.73
84,11-01-2020 07:30:00,804.9,802,7.72
85,11-01-2020 08:00:00,809.5,806.8,7.67
86,11-01-2020 08:30:00,808.6,805.5,7.6
87,11-01-2020 09:00:00,804.1,801.3,7.56
88,11-01-2020 09:30:00,802.1,799.2,7.51
89,11-01-2020 10:00:00,804.2,801,7.44
90,11-01-2020 10:30:00,804.1,801,7.39
91,11-01-2020 11:00:00,800.4,797.2,7.36
92,11-01-2020 11:30:00,796.6,793.8,7.36
93,11-01-2020 12:00:00,795.4,792.6,7.33
94,11-01-2020 12:30:00,795.5,792.6,7.32
95,11-01-2020 13:00:00,794.1,791.4,7.25
96,11-01-2020 13:30:00,795,791.8,7.24
97,11-01-2020 14:00:00,795.5,792.7,7.24
98,11-01-2020 14:30:00,796.3,793.9,7.24
99,11-01-2020 15:00:00,796,793.1,7.24
100,11-01-2020 15:30:00,795.8,792.7,7.22
101,11-01-2020 16:00:00,796,793.1,7.22
102,11-01-2020 16:30:00,795.8,792.7,7.17
103,11-01-2020 17:00:00,793.5,791.1,7.06
104,11-01-2020 17:30:00,790.6,787.8,6.91
105,11-01-2020 18:00:00,787.8,784.6,6.77
106,11-01-2020 18:30:00,785.9,783,6.62
107,11-01-2020 19:00:00,785.3,782.2,6.51
108,11-01-2020 19:30:00,784.4,781.9,6.4
109,11-01-2020 20:00:00,783.6,781.1,6.29
110,11-01-2020 20:30:00,782,779.1,6.18
111,11-01-2020 21:00:00,780,777.5,6.09
112,11-01-2020 21:30:00,778.4,775.4,6.01
113,11-01-2020 22:00:00,776.4,773.8,5.93
114,11-01-2020 22:30:00,774.1,771.7,5.85
115,11-01-2020 23:00:00,770.5,768,5.76
116,11-01-2020 23:30:00,765,762.9,5.68
117,11-02-2020 00:00:00,761.2,758.7,5.61
118,11-02-2020 00:30:00,759.1,757.1,5.55
119,11-02-2020 01:00:00,758,755.4,5.49
120,11-02-2020 01:30:00,756.4,753.8,5.43
121,11-02-2020 02:00:00,753.7,751.3,5.34
122,11-02-2020 02:30:00,751.9,749.7,5.27
123,11-02-2020 03:00:00,751,748.8,5.23
124,11-02-2020 03:30:00,750.1,747.6,5.18
125,11-02-2020 04:00:00,749.2,746.8,5.16
126,11-02-2020 04:30:00,749.4,746.8,5.15
127,11-02-2020 05:00:00,749.2,746.8,5.11
128,11-02-2020 05:30:00,749.1,746.8,5.09
129,11-02-2020 06:00:00,748.9,746.4,5.05
130,11-02-2020 06:30:00,748.1,745.7,4.98
131,11-02-2020 07:00:00,747.4,744.8,4.95
132,11-02-2020 07:30:00,745.4,743.2,4.84
133,11-02-2020 08:00:00,742.8,740.7,4.78
134,11-02-2020 08:30:00,741.4,739,4.76
135,11-02-2020 09:00:00,740.7,738.6,4.72
136,11-02-2020 09:30:00,742.9,740.8,4.66
137,11-02-2020 10:00:00,743.5,741.2,4.64
138,11-02-2020 10:30:00,744.7,742.1,4.61
139,11-02-2020 11:00:00,744.6,742.1,4.61
140,11-02-2020 11:30:00,743.9,741.3,4.61
141,11-02-2020 12:00:00,744.9,742.5,4.62
142,11-02-2020 12:30:00,746.3,743.8,4.62
143,11-02-2020 13:00:00,747.8,745.5,4.66
144,11-02-2020 13:30:00,747.6,745,4.7
145,11-02-2020 14:00:00,745.8,743.3,4.72
146,11-02-2020 14:30:00,746.5,743.7,4.76
147,11-02-2020 15:00:00,748.1,745.8,4.83
148,11-02-2020 15:30:00,749.5,747,4.88
149,11-02-2020 16:00:00,750.8,748.2,4.95
150,11-02-2020 16:30:00,751,748.6,5.03
151,11-02-2020 17:00:00,750.3,747.7,5.04
152,11-02-2020 17:30:00,748.9,746.9,5.03
153,11-02-2020 18:00:00,747.8,745.2,5.03
154,11-02-2020 18:30:00,747.4,745.2,5.01
155,11-02-2020 19:00:00,747.8,745.6,5.01
156,11-02-2020 19:30:00,749.4,746.5,5.04
157,11-02-2020 20:00:00,752.1,749.8,5.06
158,11-02-2020 20:30:00,752.9,750.7,5.1
159,11-02-2020 21:00:00,753.5,751.5,5.14
160,11-02-2020 21:30:00,752.9,750.2,5.16
161,11-02-2020 22:00:00,752.9,750.6,5.2
162,11-02-2020 22:30:00,753.8,751.4,5.25
163,11-02-2020 23:00:00,754.2,751.8,5.28
164,11-02-2020 23:30:00,755,752.2,5.32
165,11-03-2020 00:00:00,755.8,753.4,5.35
166,11-03-2020 00:30:00,756.4,754.2,5.39
167,11-03-2020 01:00:00,757.3,754.6,5.43
168,11-03-2020 01:30:00,758.2,755.9,5.46
169,11-03-2020 02:00:00,759.1,757.1,5.5
170,11-03-2020 02:30:00,760.9,758.4,5.56
171,11-03-2020 03:00:00,763,760.4,5.63
172,11-03-2020 03:30:00,765.6,762.9,5.74
173,11-03-2020 04:00:00,767.8,765.4,5.82
174,11-03-2020 04:30:00,769.7,767.4,5.89
175,11-03-2020 05:00:00,772.3,769.9,5.98
176,11-03-2020 05:30:00,774.4,772,6.02
177,11-03-2020 06:00:00,776.3,773.7,6.07
178,11-03-2020 06:30:00,776.5,774.1,6.06
179,11-03-2020 07:00:00,776.6,773.7,6.07
180,11-03-2020 07:30:00,776.3,773.7,6.07
181,11-03-2020 08:00:00,776.1,773.7,6.06
182,11-03-2020 08:30:00,777.1,774.5,6.07
183,11-03-2020 09:00:00,779.1,776.6,6.07
184,11-03-2020 09:30:00,780.7,777.9,6.09
185,11-03-2020 10:00:00,783.4,780.4,6.11
186,11-03-2020 10:30:00,787.8,785.1,6.15
187,11-03-2020 11:00:00,794,791,6.22
188,11-03-2020 11:30:00,797.5,794.7,6.29
189,11-03-2020 12:00:00,800.1,796.8,6.35
190,11-03-2020 12:30:00,801.9,798.9,6.39
191,11-03-2020 13:00:00,805.4,802.6,6.57
192,11-03-2020 13:30:00,809.1,806.3,6.74
193,11-03-2020 14:00:00,810.2,807.5,6.77
194,11-03-2020 14:30:00,812.5,809.6,6.83
195,11-03-2020 15:00:00,816.7,813.4,6.86
196,11-03-2020 15:30:00,821,818,6.91
197,11-03-2020 16:00:00,823.1,820.1,6.99
198,11-03-2020 16:30:00,825.6,822.6,7.1
199,11-03-2020 17:00:00,828.3,825,7.19
200,11-03-2020 17:30:00,829.6,826.2,7.29
201,11-03-2020 18:00:00,828.7,825.3,7.36
202,11-03-2020 18:30:00,828.4,824.8,7.4
203,11-03-2020 19:00:00,829.7,826,7.49
204,11-03-2020 19:30:00,829.7,826,7.57
205,11-03-2020 20:00:00,825.4,822.1,7.66
206,11-03-2020 20:30:00,824.1,820.8,7.69
207,11-03-2020 21:00:00,821.3,818.6,7.75
208,11-03-2020 21:30:00,811.6,810,7.81
209,11-03-2020 22:00:00,812.9,810.4,7.88
210,11-03-2020 22:30:00,813.5,811.2,7.89
211,11-03-2020 23:00:00,813.9,811.6,7.91
212,11-03-2020 23:30:00,813.3,811.2,7.89
213,11-04-2020 00:00:00,813.3,811.2,7.9
214,11-04-2020 00:30:00,812.9,810.8,7.91
215,11-04-2020 01:00:00,812.5,809.9,7.91
216,11-04-2020 01:30:00,812.4,809.9,7.96
217,11-04-2020 02:00:00,813,810.3,8
218,11-04-2020 02:30:00,813.7,811.1,8.06
219,11-04-2020 03:00:00,813.4,811,8.16
220,11-04-2020 03:30:00,814.4,811.8,8.28
221,11-04-2020 04:00:00,816.4,814.2,8.39
222,11-04-2020 04:30:00,819.9,817.5,8.47
223,11-04-2020 05:00:00,822,819.6,8.56
224,11-04-2020 05:30:00,826,823.4,8.62
225,11-04-2020 06:00:00,830.4,827.6,8.64
226,11-04-2020 06:30:00,833.3,830.1,8.67
227,11-04-2020 07:00:00,833.8,831,8.67
228,11-04-2020 07:30:00,834.9,832.3,8.66
229,11-04-2020 08:00:00,834.7,832.3,8.66
230,11-04-2020 08:30:00,834.9,832.3,8.63
231,11-04-2020 09:00:00,835.1,832.3,8.63
232,11-04-2020 09:30:00,835.4,833.1,8.63
233,11-04-2020 10:00:00,836,833.6,8.63
234,11-04-2020 10:30:00,835.8,833.1,8.63
235,11-04-2020 11:00:00,838,834.8,8.64
236,11-04-2020 11:30:00,841,838.2,8.66
237,11-04-2020 12:00:00,841.9,838.6,8.67
238,11-04-2020 12:30:00,844.1,841.1,8.7
239,11-04-2020 13:00:00,850.2,847.8,8.85
240,11-04-2020 13:30:00,855.5,852.4,8.97
241,11-04-2020 14:00:00,858.2,855.3,9.02
242,11-04-2020 14:30:00,862,859.8,9.26
243,11-04-2020 15:00:00,867.2,864.4,9.36
244,11-04-2020 15:30:00,868.7,865.6,9.45
245,11-04-2020 16:00:00,871,868.2,9.35
246,11-04-2020 16:30:00,872.7,869.5,9.35
247,11-04-2020 17:00:00,869.3,866.4,9.45
248,11-04-2020 17:30:00,867.5,864.3,9.47
249,11-04-2020 18:00:00,866.4,863,9.46
250,11-04-2020 18:30:00,857.8,854.6,9.39
251,11-04-2020 19:00:00,855.9,852.9,9.39
252,11-04-2020 19:30:00,845.4,842.6,9.41
253,11-04-2020 20:00:00,842.2,839.2,9.45
254,11-04-2020 20:30:00,841.7,838.7,9.5
255,11-04-2020 21:00:00,841.1,838.7,9.56
256,11-04-2020 21:30:00,840.9,838.2,9.6
257,11-04-2020 22:00:00,839.7,836.9,9.67
258,11-04-2020 22:30:00,840,837.3,9.7
259,11-04-2020 23:00:00,840.2,837.3,9.73
260,11-04-2020 23:30:00,840,837.2,9.8
261,11-05-2020 00:00:00,838.5,835.9,9.86
262,11-05-2020 00:30:00,837.9,835,9.92
263,11-05-2020 01:00:00,835.9,833.2,9.99
264,11-05-2020 01:30:00,837,834.4,10.06
265,11-05-2020 02:00:00,837.7,835.2,10.1
266,11-05-2020 02:30:00,839.1,836.5,10.15
267,11-05-2020 03:00:00,842.6,839.8,10.2
268,11-05-2020 03:30:00,851.2,848.3,10.21
269,11-05-2020 04:00:00,852.4,849.1,10.24
270,11-05-2020 04:30:00,859.7,856.3,10.26
271,11-05-2020 05:00:00,864.3,861,10.26
272,11-05-2020 05:30:00,864.9,862.3,10.26
273,11-05-2020 06:00:00,867,864,10.25
274,11-05-2020 06:30:00,866.9,863.6,10.23
275,11-05-2020 07:00:00,865.5,862.3,10.2
276,11-05-2020 07:30:00,864.8,861.5,10.17
277,11-05-2020 08:00:00,863.7,860.7,10.12
278,11-05-2020 08:30:00,863.3,860.3,10.09
279,11-05-2020 09:00:00,864.7,862,10.08
280,11-05-2020 09:30:00,867.7,864.6,10.04
281,11-05-2020 10:00:00,869.3,866.3,10.03
282,11-05-2020 10:30:00,875.4,872.3,10.04
283,11-05-2020 11:00:00,876.9,874,10.04
284,11-05-2020 11:30:00,878.1,874.8,10.03
285,11-05-2020 12:00:00,879.4,876.1,10.04
286,11-05-2020 12:30:00,879.5,876.1,10.06
287,11-05-2020 13:00:00,879.6,876.9,10.1
288,11-05-2020 13:30:00,880.7,877.7,10.2
289,11-05-2020 14:00:00,881.7,878.4,10.27
290,11-05-2020 14:30:00,883.3,880.1,10.35
291,11-05-2020 15:00:00,882.8,879.6,10.41
292,11-05-2020 15:30:00,881.7,878.4,10.36
293,11-05-2020 16:00:00,883.4,880.5,10.36
294,11-05-2020 16:30:00,885.7,882.5,10.47
295,11-05-2020 17:00:00,887.7,884.6,10.52
296,11-05-2020 17:30:00,893.4,890.1,10.51
297,11-05-2020 18:00:00,898.6,895.2,10.54
298,11-05-2020 18:30:00,900.1,897.4,10.52
299,11-05-2020 19:00:00,896.7,893.6,10.49
300,11-05-2020 19:30:00,892.8,889.3,10.49
301,11-05-2020 20:00:00,889.9,886.8,10.48
302,11-05-2020 20:30:00,879,875.7,10.47
303,11-05-2020 21:00:00,876.4,873.6,10.46
304,11-05-2020 21:30:00,870.4,867.2,10.46
305,11-05-2020 22:00:00,870.6,867.6,10.46
306,11-05-2020 22:30:00,869,865.9,10.48
307,11-05-2020 23:00:00,867.2,864.2,10.52
308,11-05-2020 23:30:00,865.3,862.5,10.54
309,11-06-2020 00:00:00,864.8,862,10.59
310,11-06-2020 00:30:00,865.9,862.8,10.68
311,11-06-2020 01:00:00,863.1,860.6,10.73
312,11-06-2020 01:30:00,864.6,861.8,10.82
313,11-06-2020 02:00:00,864.2,860.9,10.9
314,11-06-2020 02:30:00,865.6,862.9,10.98
315,11-06-2020 03:00:00,867.7,865,11.05
316,11-06-2020 03:30:00,870.5,867.5,11.07
317,11-06-2020 04:00:00,872,868.8,11.04
318,11-06-2020 04:30:00,872,869.3,10.98
319,11-06-2020 05:00:00,871.7,869.3,10.94
320,11-06-2020 05:30:00,871.5,869,10.87
321,11-06-2020 06:00:00,870.8,868.2,10.79
322,11-06-2020 06:30:00,869.4,867.4,10.73
323,11-06-2020 07:00:00,869,866.6,10.62
324,11-06-2020 07:30:00,868.2,865,10.53
325,11-06-2020 08:00:00,868.9,866,10.43
326,11-06-2020 08:30:00,871.8,869,10.34
327,11-06-2020 09:00:00,872.7,869.5,10.27
328,11-06-2020 09:30:00,874.4,871.2,10.25
329,11-06-2020 10:00:00,875.7,872.5,10.24
330,11-06-2020 10:30:00,877.5,874.7,10.2
331,11-06-2020 11:00:00,877.6,874.7,10.18
332,11-06-2020 11:30:00,878.7,876,10.18
333,11-06-2020 12:00:00,877.7,874.7,10.19
334,11-06-2020 12:30:00,875.9,873,10.2
335,11-06-2020 13:00:00,876.3,873.3,10.29
336,11-06-2020 13:30:00,879.5,877,10.45
337,11-06-2020 14:00:00,881.7,879.1,10.48
338,11-06-2020 14:30:00,883.2,880.3,10.53
339,11-06-2020 15:00:00,886.4,883.3,10.54
340,11-06-2020 15:30:00,886.9,884.2,10.47
341,11-06-2020 16:00:00,887.7,885.4,10.54
342,11-06-2020 16:30:00,889.3,886.5,10.73
343,11-06-2020 17:00:00,891.1,888.2,10.71
344,11-06-2020 17:30:00,893.8,890.8,10.68
345,11-06-2020 18:00:00,896.3,893.4,10.65
346,11-06-2020 18:30:00,897.4,894.3,10.65
347,11-06-2020 19:00:00,899.3,896.8,10.66
348,11-06-2020 19:30:00,899.8,897.2,10.65
349,11-06-2020 20:00:00,898.8,895.5,10.65
350,11-06-2020 20:30:00,897.8,894.6,10.7
351,11-06-2020 21:00:00,898,894.6,10.74
352,11-06-2020 21:30:00,898.3,895,10.77
353,11-06-2020 22:00:00,897.7,894.6,10.8
354,11-06-2020 22:30:00,894.9,891.6,10.81
355,11-06-2020 23:00:00,891,887.7,10.8
356,11-06-2020 23:30:00,886.7,883.5,10.8
357,11-07-2020 00:00:00,885.1,881.7,10.84
358,11-07-2020 00:30:00,884.5,881.3,10.86
359,11-07-2020 01:00:00,884.6,881.2,10.96
360,11-07-2020 01:30:00,883.5,880.3,11.04
361,11-07-2020 02:00:00,883.1,880.2,11.18
362,11-07-2020 02:30:00,882.7,879.6,11.29
363,11-07-2020 03:00:00,880.3,877,11.4
364,11-07-2020 03:30:00,880.9,877.7,11.49
365,11-07-2020 04:00:00,881.1,878.1,11.57
366,11-07-2020 04:30:00,882.6,879.3,11.63
367,11-07-2020 05:00:00,883.5,880.1,11.65
368,11-07-2020 05:30:00,884.5,881.8,11.66
369,11-07-2020 06:00:00,885.1,881.8,11.66
370,11-07-2020 06:30:00,884.5,881.4,11.65
371,11-07-2020 07:00:00,883.9,880.6,11.61
372,11-07-2020 07:30:00,883.9,880.6,11.57
373,11-07-2020 08:00:00,886.4,883.2,11.54
374,11-07-2020 08:30:00,887.6,885,11.49
375,11-07-2020 09:00:00,887.9,885,11.47
376,11-07-2020 09:30:00,889.7,886.7,11.46
377,11-07-2020 10:00:00,892.4,889.2,11.46
378,11-07-2020 10:30:00,897.3,893.9,11.48
379,11-07-2020 11:00:00,902.8,900.3,11.52
380,11-07-2020 11:30:00,908.5,905.7,11.57
381,11-07-2020 12:00:00,911.5,908.7,11.64
382,11-07-2020 12:30:00,911.3,908.6,11.68
383,11-07-2020 13:00:00,911.8,909.4,11.75
384,11-07-2020 13:30:00,912.6,910.2,11.8
385,11-07-2020 14:00:00,916.2,913.9,11.89
386,11-07-2020 14:30:00,920.7,918.5,12.02
387,11-07-2020 15:00:00,924.6,922.3,12.07
388,11-07-2020 15:30:00,927.2,925.3,12.07
389,11-07-2020 16:00:00,929.5,927.8,12.14
390,11-07-2020 16:30:00,930.5,928.1,12.17
391,11-07-2020 17:00:00,930.8,928.5,12.22
392,11-07-2020 17:30:00,930.4,928.1,12.2
393,11-07-2020 18:00:00,930.5,929,12.17
394,11-07-2020 18:30:00,931.1,929.5,12.13
395,11-07-2020 19:00:00,931.1,929.1,12.1
396,11-07-2020 19:30:00,931.4,929.5,12.08
397,11-07-2020 20:00:00,931.5,929.5,12.07
398,11-07-2020 20:30:00,931.2,929.1,12.05
399,11-07-2020 21:00:00,928.1,926.1,12.07
400,11-07-2020 21:30:00,926.3,924.4,12.07
401,11-07-2020 22:00:00,925.1,923.1,12.07
402,11-07-2020 22:30:00,924.7,923.1,12.07
403,11-07-2020 23:00:00,924.6,923.1,12.08
404,11-07-2020 23:30:00,924.4,922.7,12.05
405,11-08-2020 00:00:00,923.9,921.9,12.04
406,11-08-2020 00:30:00,921.8,919.8,12.03
407,11-08-2020 01:00:00,921.6,919.4,12.02
408,11-08-2020 01:30:00,920.2,918.1,12
409,11-08-2020 02:00:00,919.6,917.2,12.02
410,11-08-2020 02:30:00,919.7,917.6,12.03
411,11-08-2020 03:00:00,920.4,918.5,12.07
412,11-08-2020 03:30:00,919.7,917.6,12.1
413,11-08-2020 04:00:00,918.2,916.2,12.15
414,11-08-2020 04:30:00,916.6,914.9,12.2
415,11-08-2020 05:00:00,916,914,12.24
416,11-08-2020 05:30:00,915.8,914,12.25
417,11-08-2020 06:00:00,915.8,913.6,12.27
418,11-08-2020 06:30:00,915.1,912.7,12.25
419,11-08-2020 07:00:00,914.7,912.8,12.22
420,11-08-2020 07:30:00,914.9,912.8,12.19
421,11-08-2020 08:00:00,915.7,913.7,12.14
422,11-08-2020 08:30:00,917.6,915.9,12.09
423,11-08-2020 09:00:00,919.8,918,12.07
424,11-08-2020 09:30:00,922.2,920.6,12.04
425,11-08-2020 10:00:00,928.2,926.6,12.02
426,11-08-2020 10:30:00,931.4,929.6,11.99
427,11-08-2020 11:00:00,933.7,931.7,12.03
428,11-08-2020 11:30:00,934.5,932.6,12.03
429,11-08-2020 12:00:00,937.4,935.4,12.13
430,11-08-2020 12:30:00,939.9,937.9,12.21
431,11-08-2020 13:00:00,941.9,940,12.25
432,11-08-2020 13:30:00,947.9,945.9,12.37
433,11-08-2020 14:00:00,949.3,947.6,12.37
434,11-08-2020 14:30:00,955.3,953,12.45
435,11-08-2020 15:00:00,956.8,955.1,12.49
436,11-08-2020 15:30:00,960.6,958.7,12.73
437,11-08-2020 16:00:00,957.6,955.6,12.83
438,11-08-2020 16:30:00,956.6,954.7,12.88
439,11-08-2020 17:00:00,953.7,951.8,12.83
440,11-08-2020 17:30:00,954.6,952.2,12.81
441,11-08-2020 18:00:00,955,953.1,12.75
442,11-08-2020 18:30:00,954.2,952.3,12.7
443,11-08-2020 19:00:00,953.9,951.9,12.67
444,11-08-2020 19:30:00,952.2,950.2,12.7
445,11-08-2020 20:00:00,950.5,948.5,12.73
446,11-08-2020 20:30:00,949.2,947.1,12.78
447,11-08-2020 21:00:00,948.9,947.1,12.83
448,11-08-2020 21:30:00,949.4,948.4,12.84
449,11-08-2020 22:00:00,951.4,950.4,12.89
450,11-08-2020 22:30:00,953.3,952.1,12.91
451,11-08-2020 23:00:00,953.6,953,12.93
452,11-08-2020 23:30:00,950.8,950,12.94
453,11-09-2020 00:00:00,948.8,947.8,12.95
454,11-09-2020 00:30:00,944.3,944,12.98
455,11-09-2020 01:00:00,943.1,942.6,13.03
456,11-09-2020 01:30:00,943.6,943.4,13.09
457,11-09-2020 02:00:00,943.8,943.3,13.17
458,11-09-2020 02:30:00,942,943.6,13.3
459,11-09-2020 03:00:00,941.9,940.5,13.43
460,11-09-2020 03:30:00,938.1,937.9,13.51
461,11-09-2020 04:00:00,935.5,936.5,13.62
462,11-09-2020 04:30:00,934.6,934.3,13.65
463,11-09-2020 05:00:00,935,933,13.7
464,11-09-2020 05:30:00,934.5,932.6,13.75
465,11-09-2020 06:00:00,935.1,932.9,13.83
466,11-09-2020 06:30:00,933.4,931.2,13.87
467,11-09-2020 07:00:00,934.5,932.5,13.82
468,11-09-2020 07:30:00,937.5,936.3,13.78
469,11-09-2020 08:00:00,940.7,938.9,13.79
470,11-09-2020 08:30:00,944.7,943.2,13.77
471,11-09-2020 09:00:00,951.4,950,13.77
472,11-09-2020 09:30:00,954.9,953.8,13.77
473,11-09-2020 10:00:00,961.5,959.7,13.82
474,11-09-2020 10:30:00,969.6,967.8,13.87
475,11-09-2020 11:00:00,979.7,979.2,13.93
476,11-09-2020 11:30:00,987.2,986,13.99
477,11-09-2020 12:00:00,991.8,989.8,14.05
478,11-09-2020 12:30:00,995.9,994,14.09
479,11-09-2020 13:00:00,1000.3,998.5,14.23
480,11-09-2020 13:30:00,1003.7,1001.4,14.32
481,11-09-2020 14:00:00,1003.3,1001.4,14.34
482,11-09-2020 14:30:00,1005,1002.9,14.49
483,11-09-2020 15:00:00,1004.2,1002,14.55
484,11-09-2020 15:30:00,999.1,996.8,14.61
485,11-09-2020 16:00:00,997.2,995.4,14.78
486,11-09-2020 16:30:00,996.3,994.4,14.93
487,11-09-2020 17:00:00,996,993.9,14.93
488,11-09-2020 17:30:00,997.9,996.5,14.93
489,11-09-2020 18:00:00,998.7,996.9,14.95
490,11-09-2020 18:30:00,1001.4,999,14.96
491,11-09-2020 19:00:00,1003.1,1001.1,14.98
492,11-09-2020 19:30:00,1003.4,1001.6,14.99
493,11-09-2020 20:00:00,1002,1000.3,14.98
494,11-09-2020 20:30:00,1000.3,998.2,14.96
495,11-09-2020 21:00:00,999.5,997.3,14.96
496,11-09-2020 21:30:00,997.9,996,14.96
497,11-09-2020 22:00:00,996.2,993.9,14.95
498,11-09-2020 22:30:00,994.5,992.7,14.94
499,11-09-2020 23:00:00,994,992.2,14.94
500,11-09-2020 23:30:00,994.8,993.1,14.93
501,11-10-2020 00:00:00,997.6,995.2,14.93
502,11-10-2020 00:30:00,1000,998.2,14.91
503,11-10-2020 01:00:00,1001.4,1000.4,14.91
504,11-10-2020 01:30:00,1004.3,1002,14.94
505,11-10-2020 02:00:00,1007.3,1005.4,14.99
506,11-10-2020 02:30:00,1011,1009.2,15.04
507,11-10-2020 03:00:00,1015.1,1012.9,15.11
508,11-10-2020 03:30:00,1018,1016.7,15.17
509,11-10-2020 04:00:00,1020.9,1019.2,15.22
510,11-10-2020 04:30:00,1021.8,1019.2,15.26
511,11-10-2020 05:00:00,1023.7,1021.3,15.29
512,11-10-2020 05:30:00,1025.6,1023.4,15.33
513,11-10-2020 06:00:00,1032.1,1030.2,15.35
514,11-10-2020 06:30:00,1028.5,1025.9,15.33
515,11-10-2020 07:00:00,1022.9,1020.5,15.23
516,11-10-2020 07:30:00,1018.4,1016.7,15.15
517,11-10-2020 08:00:00,1014.4,1013,15.07
518,11-10-2020 08:30:00,1011.2,1009.2,15.02
519,11-10-2020 09:00:00,998.7,996.5,14.95
520,11-10-2020 09:30:00,986.8,985,14.89
521,11-10-2020 10:00:00,974.1,971.9,14.82
522,11-10-2020 10:30:00,966.5,964.3,14.73
523,11-10-2020 11:00:00,959.5,957.6,14.63
524,11-10-2020 11:30:00,954,952.6,14.54
525,11-10-2020 12:00:00,944.4,942.9,14.45
526,11-10-2020 12:30:00,939.5,938.7,14.35
527,11-10-2020 13:00:00,933.5,933.7,14.28
528,11-10-2020 13:30:00,931.6,930.9,14.17
529,11-10-2020 14:00:00,930.2,928.4,14.09
530,11-10-2020 14:30:00,927,925.1,14
531,11-10-2020 15:00:00,923.2,921.7,13.92
532,11-10-2020 15:30:00,920.8,918.8,13.84
533,11-10-2020 16:00:00,921,919,13.73
534,11-10-2020 16:30:00,921.8,919.9,13.65
535,11-10-2020 17:00:00,920.1,917.8,13.6
536,11-10-2020 17:30:00,794.5,792.4,13.12
537,11-10-2020 18:00:00,379.5,378.2,12.47
538,11-10-2020 18:30:00,388.1,387.2,12.42
539,11-10-2020 19:00:00,492.4,492.1,12.38
540,11-10-2020 19:30:00,557.2,556.8,12.43
541,11-10-2020 20:00:00,527.1,526.5,12.38
542,11-10-2020 20:30:00,571.9,571.5,12.28
543,11-10-2020 21:00:00,550.7,550.7,12.22
544,11-10-2020 21:30:00,469.2,468.6,12.07
545,11-10-2020 22:00:00,391.4,390.3,11.94
546,11-10-2020 22:30:00,327.5,326,11.8
547,11-10-2020 23:00:00,297.4,295.8,11.66
548,11-10-2020 23:30:00,288.5,286.8,11.53
549,11-11-2020 00:00:00,305.4,304,11.41
550,11-11-2020 00:30:00,319.8,318.4,11.25
551,11-11-2020 01:00:00,324.3,322.9,11.08
552,11-11-2020 01:30:00,318.8,317.3,10.91
553,11-11-2020 02:00:00,308.3,306.7,10.71
554,11-11-2020 02:30:00,303.1,301.8,10.53
555,11-11-2020 03:00:00,302.3,300.7,10.37
556,11-11-2020 03:30:00,306.1,304.8,10.18
557,11-11-2020 04:00:00,315.8,314.7,10.02
558,11-11-2020 04:30:00,328.1,326.2,9.85
559,11-11-2020 05:00:00,340.1,338.6,9.71
560,11-11-2020 05:30:00,350,348.9,9.56
561,11-11-2020 06:00:00,358.5,357.2,9.43
562,11-11-2020 06:30:00,365.4,364.2,9.29
563,11-11-2020 07:00:00,375.9,374.6,9.13
564,11-11-2020 07:30:00,385.5,384.1,8.97
565,11-11-2020 08:00:00,401,399.8,8.86
566,11-11-2020 08:30:00,410.3,409.8,8.74
567,11-11-2020 09:00:00,422.4,421.8,8.64
568,11-11-2020 09:30:00,433.3,432.6,8.55
569,11-11-2020 10:00:00,443.4,442.6,8.47
570,11-11-2020 10:30:00,454.9,454.7,8.41
571,11-11-2020 11:00:00,464.4,463.4,8.36
572,11-11-2020 11:30:00,479.8,479.2,8.36
573,11-11-2020 12:00:00,487.8,487.9,8.37
574,11-11-2020 12:30:00,499.4,499.5,8.41
575,11-11-2020 13:00:00,509.9,509.5,8.48
576,11-11-2020 13:30:00,523.8,523.6,8.56
577,11-11-2020 14:00:00,538.6,538.2,8.64
578,11-11-2020 14:30:00,549.2,549,8.74
579,11-11-2020 15:00:00,559.7,559.4,8.78
580,11-11-2020 15:30:00,570.2,569.8,8.84
581,11-11-2020 16:00:00,581.3,581,8.92
582,11-11-2020 16:30:00,589.9,588.9,9.01
583,11-11-2020 17:00:00,598.5,597.3,9.04
584,11-11-2020 17:30:00,605.4,604.8,9.07
585,11-11-2020 18:00:00,612,611.1,9.09
586,11-11-2020 18:30:00,618.8,617.8,9.12
587,11-11-2020 19:00:00,626.6,625.7,9.14
588,11-11-2020 19:30:00,632.3,631.6,9.19
589,11-11-2020 20:00:00,638.3,637.4,9.23
590,11-11-2020 20:30:00,643.9,642.9,9.25
591,11-11-2020 21:00:00,647.3,646.2,9.26
592,11-11-2020 21:30:00,648.5,647.9,9.25
593,11-11-2020 22:00:00,650.2,649.6,9.24
594,11-11-2020 22:30:00,652,651.3,9.19
595,11-11-2020 23:00:00,653.5,652.2,9.12
596,11-11-2020 23:30:00,654.6,653.9,9.04
597,11-12-2020 00:00:00,655.4,654.4,8.96
598,11-12-2020 00:30:00,655.6,654.4,8.91
599,11-12-2020 01:00:00,655.2,654.5,8.83
600,11-12-2020 01:30:00,655.6,654.5,8.75
601,11-12-2020 02:00:00,655.6,654.6,8.67
602,11-12-2020 02:30:00,655,654.2,8.59
603,11-12-2020 03:00:00,654.5,653.5,8.48
604,11-12-2020 03:30:00,653.9,653.1,8.41
605,11-12-2020 04:00:00,653.1,651.9,8.31
606,11-12-2020 04:30:00,651.5,650.7,8.19
607,11-12-2020 05:00:00,650.7,650,8.09
608,11-12-2020 05:30:00,649.3,648.3,8
609,11-12-2020 06:00:00,648.4,647.6,7.9
610,11-12-2020 06:30:00,647.4,646.4,7.8
611,11-12-2020 07:00:00,645.2,644.8,7.66
612,11-12-2020 07:30:00,644.3,643.2,7.57
613,11-12-2020 08:00:00,642.8,642.4,7.46
614,11-12-2020 08:30:00,640.6,640,7.32
615,11-12-2020 09:00:00,639.5,639.2,7.21
616,11-12-2020 09:30:00,639.4,639.2,7.13
617,11-12-2020 10:00:00,638.9,639.3,7.08
618,11-12-2020 10:30:00,639,638.5,7.06
619,11-12-2020 11:00:00,639.5,638.9,7.07
620,11-12-2020 11:30:00,640.9,639.7,7.11
621,11-12-2020 12:00:00,641.9,641.3,7.18
622,11-12-2020 12:30:00,642.2,641.3,7.18
623,11-12-2020 13:00:00,643.2,642.5,7.27
624,11-12-2020 13:30:00,644.5,643.7,7.36
625,11-12-2020 14:00:00,646.1,645.3,7.51
626,11-12-2020 14:30:00,647,646.5,7.56
627,11-12-2020 15:00:00,647.5,646.5,7.58
628,11-12-2020 15:30:00,648.3,646.9,7.63
629,11-12-2020 16:00:00,648.8,648.1,7.67
630,11-12-2020 16:30:00,648.9,648.1,7.71
631,11-12-2020 17:00:00,648.5,648.1,7.75
632,11-12-2020 17:30:00,648.8,647.6,7.79
633,11-12-2020 18:00:00,649.6,648.4,7.89
634,11-12-2020 18:30:00,650,649.2,7.97
635,11-12-2020 19:00:00,650.1,649.6,8.03
636,11-12-2020 19:30:00,650.8,649.5,8.08
637,11-12-2020 20:00:00,649.7,649.1,8.18
638,11-12-2020 20:30:00,648.9,647.8,8.23
639,11-12-2020 21:00:00,648.1,646.9,8.29
640,11-12-2020 21:30:00,647.1,646.4,8.35
641,11-12-2020 22:00:00,646.4,645.5,8.41
642,11-12-2020 22:30:00,646.8,646.3,8.52
643,11-12-2020 23:00:00,647.4,646.7,8.59
644,11-12-2020 23:30:00,649.3,648.7,8.68
645,11-13-2020 00:00:00,649.2,648.3,8.7
646,11-13-2020 00:30:00,649,648.3,8.73
647,11-13-2020 01:00:00,648.2,647.4,8.72
648,11-13-2020 01:30:00,646.9,646.2,8.7
649,11-13-2020 02:00:00,646,645.4,8.67
650,11-13-2020 02:30:00,645.2,644.1,8.62
651,11-13-2020 03:00:00,644.5,643.7,8.57
652,11-13-2020 03:30:00,643.2,642.5,8.51
653,11-13-2020 04:00:00,642.2,641.3,8.44
654,11-13-2020 04:30:00,640.4,640.5,8.39
655,11-13-2020 05:00:00,639,638.1,8.27
656,11-13-2020 05:30:00,638.9,638.5,8.22
657,11-13-2020 06:00:00,638.2,637.3,8.12
658,11-13-2020 06:30:00,637.2,636.5,8.03
659,11-13-2020 07:00:00,635.9,635.3,7.95
660,11-13-2020 07:30:00,633.9,633.3,7.8
661,11-13-2020 08:00:00,633.1,632.1,7.72
662,11-13-2020 08:30:00,631.9,631.3,7.62
663,11-13-2020 09:00:00,630.7,630.1,7.57
664,11-13-2020 09:30:00,630.6,629.8,7.46
665,11-13-2020 10:00:00,631,630.2,7.39
666,11-13-2020 10:30:00,632.5,632,7.33
667,11-13-2020 11:00:00,633.4,632.8,7.29
668,11-13-2020 11:30:00,634.5,633.7,7.24
669,11-13-2020 12:00:00,635.8,635.4,7.19
670,11-13-2020 12:30:00,637.2,636.3,7.12
671,11-13-2020 13:00:00,638.7,638,7.1
672,11-13-2020 13:30:00,638.2,638,7.07
673,11-13-2020 14:00:00,637.9,637.2,7.06
674,11-13-2020 14:30:00,637.6,637.2,7.06
675,11-13-2020 15:00:00,637.6,637.2,7.05
676,11-13-2020 15:30:00,637.2,636.8,7.02
677,11-13-2020 16:00:00,635.2,634.7,7.01
678,11-13-2020 16:30:00,635.6,634.7,6.97
679,11-13-2020 17:00:00,633.7,633.1,6.88
680,11-13-2020 17:30:00,635.4,634.8,6.79
681,11-13-2020 18:00:00,637.8,637.4,6.71
682,11-13-2020 18:30:00,639.9,639.6,6.62
683,11-13-2020 19:00:00,641.5,640.5,6.49
684,11-13-2020 19:30:00,642,641,6.41
685,11-13-2020 20:00:00,641.6,641,6.38
686,11-13-2020 20:30:00,641.6,641,6.34
687,11-13-2020 21:00:00,638.9,638.5,6.29
688,11-13-2020 21:30:00,639,638.6,6.26
689,11-13-2020 22:00:00,640.3,639.9,6.21
690,11-13-2020 22:30:00,637.1,636.5,6.18
691,11-13-2020 23:00:00,627.6,627.2,6.22
692,11-13-2020 23:30:00,617.4,617.1,6.27
693,11-14-2020 00:00:00,610,609.5,6.27
694,11-14-2020 00:30:00,603.8,603.3,6.17
695,11-14-2020 01:00:00,596.7,595.8,6.05
696,11-14-2020 01:30:00,587.4,587.1,5.9
697,11-14-2020 02:00:00,576.9,576.7,5.71
698,11-14-2020 02:30:00,567.9,567.5,5.59
699,11-14-2020 03:00:00,561.7,561.7,5.48
700,11-14-2020 03:30:00,558.6,558.4,5.4
701,11-14-2020 04:00:00,556.2,556.4,5.32
702,11-14-2020 04:30:00,552.2,551.8,5.25
703,11-14-2020 05:00:00,552.5,552.3,5.16
704,11-14-2020 05:30:00,553.7,553.2,5.07
705,11-14-2020 06:00:00,554.1,553.6,4.99
706,11-14-2020 06:30:00,555.7,554.9,4.94
707,11-14-2020 07:00:00,557.5,557.1,4.86
708,11-14-2020 07:30:00,561,560.5,4.78
709,11-14-2020 08:00:00,565.9,565.5,4.71
710,11-14-2020 08:30:00,569.3,568.9,4.64
711,11-14-2020 09:00:00,572,571.5,4.59
712,11-14-2020 09:30:00,575.4,574.9,4.54
713,11-14-2020 10:00:00,580.7,580.4,4.51
714,11-14-2020 10:30:00,586,585.8,4.53
715,11-14-2020 11:00:00,590.6,590,4.56
716,11-14-2020 11:30:00,595.5,595.1,4.55
717,11-14-2020 12:00:00,601.2,600.5,4.51
718,11-14-2020 12:30:00,605,604.3,4.51
719,11-14-2020 13:00:00,609.5,608.6,4.5
720,11-14-2020 13:30:00,615.2,614.5,4.5
721,11-14-2020 14:00:00,618.9,617.8,4.5
722,11-14-2020 14:30:00,623.4,622.9,4.5
723,11-14-2020 15:00:00,627.7,627.1,4.48
724,11-14-2020 15:30:00,631.7,631.3,4.49
725,11-14-2020 16:00:00,634.6,634.3,4.5
726,11-14-2020 16:30:00,637.5,636.8,4.5
727,11-14-2020 17:00:00,640.1,638.9,4.5
728,11-14-2020 17:30:00,642.4,641.9,4.5
729,11-14-2020 18:00:00,644.9,644.4,4.53
730,11-14-2020 18:30:00,647.4,646.5,4.56
731,11-14-2020 19:00:00,651.4,650.7,4.59
732,11-14-2020 19:30:00,655.8,655.3,4.64
733,11-14-2020 20:00:00,661.1,660.3,4.7
734,11-14-2020 20:30:00,665,664.5,4.76
735,11-14-2020 21:00:00,668.2,667.4,4.84
736,11-14-2020 21:30:00,670.3,669.5,4.89
737,11-14-2020 22:00:00,672.1,670.7,4.99
738,11-14-2020 22:30:00,677.7,676.8,5.27
739,11-14-2020 23:00:00,680.7,679.6,5.49
740,11-14-2020 23:30:00,678.1,677,5.57
741,11-15-2020 00:00:00,674.3,673.6,5.59
742,11-15-2020 00:30:00,673.5,672.3,5.62
743,11-15-2020 01:00:00,672.6,672.3,5.72
744,11-15-2020 01:30:00,671.6,670.9,5.81
745,11-15-2020 02:00:00,669.9,669.2,5.9
746,11-15-2020 02:30:00,669.4,668.7,6.01
747,11-15-2020 03:00:00,673.2,672.4,6.11
748,11-15-2020 03:30:00,679.7,679.1,6.17
749,11-15-2020 04:00:00,688.5,687.5,6.26
750,11-15-2020 04:30:00,692.9,692.1,6.37
751,11-15-2020 05:00:00,699.1,697.5,6.49
752,11-15-2020 05:30:00,706.3,705.4,6.66
753,11-15-2020 06:00:00,711,709.9,6.79
754,11-15-2020 06:30:00,722.6,721.7,6.94
755,11-15-2020 07:00:00,724.5,724.1,7.02
756,11-15-2020 07:30:00,726.7,726.2,7.08
757,11-15-2020 08:00:00,729.7,729.1,7.22
758,11-15-2020 08:30:00,733.7,732.8,7.35
759,11-15-2020 09:00:00,733.4,732.7,7.5
760,11-15-2020 09:30:00,724.4,724.2,7.56
761,11-15-2020 10:00:00,717.4,717,7.55
762,11-15-2020 10:30:00,716,715.7,7.56
763,11-15-2020 11:00:00,716.3,716.1,7.58
764,11-15-2020 11:30:00,716.9,716.5,7.63
765,11-15-2020 12:00:00,713.9,713.5,7.66
766,11-15-2020 12:30:00,706.1,705.5,7.66
767,11-15-2020 13:00:00,693.2,693.2,7.67
768,11-15-2020 13:30:00,676.2,675.9,7.72
769,11-15-2020 14:00:00,659.3,659.4,7.77
770,11-15-2020 14:30:00,640.8,641.3,7.75
771,11-15-2020 15:00:00,624.6,624.1,7.73
772,11-15-2020 15:30:00,611.3,611.2,7.66
773,11-15-2020 16:00:00,604.1,604.1,7.58
774,11-15-2020 16:30:00,596.7,596.6,7.49
775,11-15-2020 17:00:00,589.6,589.5,7.36
776,11-15-2020 17:30:00,584.9,585,7.25
777,11-15-2020 18:00:00,578.6,578.7,7.17
778,11-15-2020 18:30:00,572.7,572.9,7.07
779,11-15-2020 19:00:00,566.2,566.3,6.95
780,11-15-2020 19:30:00,562.5,562.6,6.84
781,11-15-2020 20:00:00,554.5,555.1,6.73
782,11-15-2020 20:30:00,546.7,547.3,6.61
783,11-15-2020 21:00:00,538.9,539.4,6.51
784,11-15-2020 21:30:00,534,534.4,6.43
785,11-15-2020 22:00:00,527.2,527.3,6.34
786,11-15-2020 22:30:00,508.4,508.2,6.27
787,11-15-2020 23:00:00,500,499.9,6.16
788,11-15-2020 23:30:00,492.2,492,6.07
789,11-16-2020 00:00:00,487.9,487.5,5.98
790,11-16-2020 00:30:00,485.6,485.4,5.87
791,11-16-2020 01:00:00,483.2,482.6,5.73
792,11-16-2020 01:30:00,483.4,483.1,5.61
793,11-16-2020 02:00:00,486.5,486.5,5.48
794,11-16-2020 02:30:00,491.4,490.7,5.34
795,11-16-2020 03:00:00,497.7,497.4,5.23
796,11-16-2020 03:30:00,502.8,502.9,5.09
797,11-16-2020 04:00:00,508.1,507.6,4.96
798,11-16-2020 04:30:00,513.6,513.1,4.86
799,11-16-2020 05:00:00,518.9,519,4.75
800,11-16-2020 05:30:00,524.1,524.1,4.62
801,11-16-2020 06:00:00,528,527.9,4.5
802,11-16-2020 06:30:00,532.1,531.8,4.4
803,11-16-2020 07:00:00,536.5,536.4,4.31
804,11-16-2020 07:30:00,540.4,540.2,4.21
805,11-16-2020 08:00:00,543.3,543.2,4.1
806,11-16-2020 08:30:00,546.7,546.2,4.01
807,11-16-2020 09:00:00,549.3,549.2,3.92
808,11-16-2020 09:30:00,551.7,551.3,3.87
809,11-16-2020 10:00:00,553.8,553.5,3.82
810,11-16-2020 10:30:00,557.1,556.4,3.78
811,11-16-2020 11:00:00,562.2,561.9,3.77
812,11-16-2020 11:30:00,567.3,566.9,3.77
813,11-16-2020 12:00:00,570.4,570.3,3.81
814,11-16-2020 12:30:00,575.1,574.5,3.83
815,11-16-2020 13:00:00,578.1,577.8,3.88
816,11-16-2020 13:30:00,582.7,582,3.84
817,11-16-2020 14:00:00,587.9,587.5,3.86
818,11-16-2020 14:30:00,589.5,588.7,3.88
819,11-16-2020 15:00:00,592.2,591.3,3.91
820,11-16-2020 15:30:00,595,594.2,3.93
821,11-16-2020 16:00:00,597.3,596.7,3.95
822,11-16-2020 16:30:00,599.6,598.8,3.99
823,11-16-2020 17:00:00,602.6,602.1,4
824,11-16-2020 17:30:00,604.3,603.4,4.03
825,11-16-2020 18:00:00,606.2,605.1,4.04
826,11-16-2020 18:30:00,608,607.2,4.05
827,11-16-2020 19:00:00,609.8,608.8,4.09
828,11-16-2020 19:30:00,612.6,611.7,4.14
829,11-16-2020 20:00:00,615.1,614.2,4.2
830,11-16-2020 20:30:00,618.3,617.1,4.25
831,11-16-2020 21:00:00,620.8,620,4.33
832,11-16-2020 21:30:00,623.3,622.5,4.42
833,11-16-2020 22:00:00,626.3,625.8,4.53
834,11-16-2020 22:30:00,629.3,628.7,4.6
835,11-16-2020 23:00:00,632.6,631.6,4.67
836,11-16-2020 23:30:00,635.1,634.5,4.71
837,11-17-2020 00:00:00,637.5,636.6,4.76
838,11-17-2020 00:30:00,639.7,639.1,4.79
839,11-17-2020 01:00:00,641.9,640.8,4.83
840,11-17-2020 01:30:00,644.5,643.3,4.83
841,11-17-2020 02:00:00,648,647.1,4.86
842,11-17-2020 02:30:00,651.1,650.1,4.84
843,11-17-2020 03:00:00,652.1,651.3,4.83
844,11-17-2020 03:30:00,653.4,652.6,4.82
845,11-17-2020 04:00:00,654.6,653.9,4.79
846,11-17-2020 04:30:00,655.5,654.3,4.76
847,11-17-2020 05:00:00,655.9,655.7,4.7
848,11-17-2020 05:30:00,656,655.7,4.66
849,11-17-2020 06:00:00,655.8,654.9,4.6
850,11-17-2020 06:30:00,655.5,654.5,4.54
851,11-17-2020 07:00:00,655.7,654.5,4.47
852,11-17-2020 07:30:00,655.2,654.2,4.4
853,11-17-2020 08:00:00,655.3,654.2,4.34
854,11-17-2020 08:30:00,656.5,655.5,4.31
855,11-17-2020 09:00:00,656.7,656,4.25
856,11-17-2020 09:30:00,656,655.6,4.16
857,11-17-2020 10:00:00,655.9,655.2,4.1
858,11-17-2020 10:30:00,655.8,654.8,4.08
859,11-17-2020 11:00:00,655.8,654.8,4.06
860,11-17-2020 11:30:00,656.3,655.7,4.06
861,11-17-2020 12:00:00,657.7,656.9,4.08
862,11-17-2020 12:30:00,659.1,658.2,4.09
863,11-17-2020 13:00:00,660.9,659.9,4.12
864,11-17-2020 13:30:00,660.5,661.1,4.14
865,11-17-2020 14:00:00,663.2,662.4,4.16
866,11-17-2020 14:30:00,665.3,664.5,4.19
867,11-17-2020 15:00:00,666.9,665.7,4.17
868,11-17-2020 15:30:00,667.8,667,4.17
869,11-17-2020 16:00:00,669.7,669.1,4.19
870,11-17-2020 16:30:00,671.2,670,4.15
871,11-17-2020 17:00:00,671.3,670,4.1
872,11-17-2020 17:30:00,670.2,669.2,4.04
873,11-17-2020 18:00:00,668.6,668,3.94
874,11-17-2020 18:30:00,666.9,666,3.86
875,11-17-2020 19:00:00,665.4,664.3,3.78
876,11-17-2020 19:30:00,664.3,663.5,3.73
877,11-17-2020 20:00:00,663.8,662.7,3.71
878,11-17-2020 20:30:00,663.6,662.7,3.71
879,11-17-2020 21:00:00,664.2,663.5,3.71
880,11-17-2020 21:30:00,664.6,663.9,3.75
881,11-17-2020 22:00:00,665.5,664.3,3.77
882,11-17-2020 22:30:00,666.2,665.1,3.81
883,11-17-2020 23:00:00,667,666,3.84
884,11-17-2020 23:30:00,668,667.2,3.91
885,11-18-2020 00:00:00,669.6,668.8,4
886,11-18-2020 00:30:00,670.8,670,4.06
887,11-18-2020 01:00:00,673.2,672.1,4.16
888,11-18-2020 01:30:00,675.1,674.2,4.21
889,11-18-2020 02:00:00,676.8,675.8,4.28
890,11-18-2020 02:30:00,679,677.9,4.34
891,11-18-2020 03:00:00,680.6,680,4.39
892,11-18-2020 03:30:00,682.3,681.6,4.45
893,11-18-2020 04:00:00,684.3,683.3,4.53
894,11-18-2020 04:30:00,684.3,683.3,4.53
895,11-18-2020 05:00:00,683.2,682.4,4.51
896,11-18-2020 05:30:00,680.9,679.9,4.47
897,11-18-2020 06:00:00,678.6,677.4,4.43
898,11-18-2020 06:30:00,675.8,674.5,4.39
899,11-18-2020 07:00:00,673.1,672.4,4.37
900,11-18-2020 07:30:00,672.1,671.5,4.33
901,11-18-2020 08:00:00,672.1,671.1,4.33
902,11-18-2020 08:30:00,672.9,672,4.32
903,11-18-2020 09:00:00,674.1,673.2,4.32
904,11-18-2020 09:30:00,679.2,678.3,4.39
905,11-18-2020 10:00:00,688.4,687.2,4.4
906,11-18-2020 10:30:00,696.1,695.6,4.49
907,11-18-2020 11:00:00,703.3,702.3,4.6
908,11-18-2020 11:30:00,707.3,706,4.7
909,11-18-2020 12:00:00,711.5,710.2,4.77
910,11-18-2020 12:30:00,714.2,712.7,4.86
911,11-18-2020 13:00:00,715.8,714.7,4.98
912,11-18-2020 13:30:00,719.2,718,5.14
913,11-18-2020 14:00:00,721.1,719.6,5.22
914,11-18-2020 14:30:00,721.5,720.4,5.25
915,11-18-2020 15:00:00,721.3,720,5.28
916,11-18-2020 15:30:00,717.6,716.2,5.26
917,11-18-2020 16:00:00,717.5,716.2,5.27
918,11-18-2020 16:30:00,714.9,713.6,5.29
919,11-18-2020 17:00:00,714.3,712.7,5.32
920,11-18-2020 17:30:00,712.5,711,5.31
921,11-18-2020 18:00:00,710.5,709.4,5.31
922,11-18-2020 18:30:00,709.4,708.1,5.28
923,11-18-2020 19:00:00,709.4,708.1,5.26
924,11-18-2020 19:30:00,710.5,708.9,5.28
925,11-18-2020 20:00:00,711.1,709.8,5.29
926,11-18-2020 20:30:00,711.4,710.2,5.28
927,11-18-2020 21:00:00,712.6,711.1,5.27
928,11-18-2020 21:30:00,715.9,714.5,5.28
929,11-18-2020 22:00:00,720.6,719.5,5.31
930,11-18-2020 22:30:00,725.4,724.2,5.33
931,11-18-2020 23:00:00,727.2,725.8,5.35
932,11-18-2020 23:30:00,727.7,726.7,5.39
933,11-19-2020 00:00:00,725.5,724.1,5.39
934,11-19-2020 00:30:00,721.3,720.3,5.44
935,11-19-2020 01:00:00,717.1,716,5.48
936,11-19-2020 01:30:00,714,712.1,5.59
937,11-19-2020 02:00:00,711.8,710.3,5.72
938,11-19-2020 02:30:00,709.7,708.1,5.82
939,11-19-2020 03:00:00,706.3,705.1,5.9
940,11-19-2020 03:30:00,701.1,699.6,5.89
941,11-19-2020 04:00:00,696,694.6,5.82
942,11-19-2020 04:30:00,692.9,692.1,5.74
943,11-19-2020 05:00:00,688.1,686.7,5.65
944,11-19-2020 05:30:00,682.2,681.3,5.55
945,11-19-2020 06:00:00,674.6,673.7,5.48
946,11-19-2020 06:30:00,673.7,674.6,5.38
947,11-19-2020 07:00:00,670.6,671.7,5.33
948,11-19-2020 07:30:00,664.1,663.7,5.29
949,11-19-2020 08:00:00,663.2,662.4,5.26
950,11-19-2020 08:30:00,663.1,662.5,5.23
951,11-19-2020 09:00:00,665,664.2,5.22
952,11-19-2020 09:30:00,644.3,647.3,5.21
953,11-19-2020 10:00:00,671.5,670.9,5.25
954,11-19-2020 10:30:00,675.6,674.7,5.31
955,11-19-2020 11:00:00,679.3,678.4,5.35
956,11-19-2020 11:30:00,684.5,683,5.46
957,11-19-2020 12:00:00,689.3,688,5.55
958,11-19-2020 12:30:00,694.6,693.4,5.65
959,11-19-2020 13:00:00,698.9,697.6,5.68
960,11-19-2020 13:30:00,705.2,703.9,5.81
961,11-19-2020 14:00:00,710,708.4,5.98
962,11-19-2020 14:30:00,711,709.7,6
963,11-19-2020 15:00:00,713.5,712.2,6.06
964,11-19-2020 15:30:00,716,714.6,6.16
965,11-19-2020 16:00:00,721.9,720.9,6.29
966,11-19-2020 16:30:00,724.5,723,6.35
967,11-19-2020 17:00:00,726.7,725.4,6.43
968,11-19-2020 17:30:00,728.7,727.1,6.48
969,11-19-2020 18:00:00,730.6,729.2,6.49
970,11-19-2020 18:30:00,733,731.7,6.5
971,11-19-2020 19:00:00,735.1,733.8,6.52
972,11-19-2020 19:30:00,737.9,736.3,6.57
973,11-19-2020 20:00:00,741.9,740.5,6.63
974,11-19-2020 20:30:00,745.6,744.3,6.71
975,11-19-2020 21:00:00,749.4,747.6,6.78
976,11-19-2020 21:30:00,752.9,751.4,6.86
977,11-19-2020 22:00:00,757,755.6,6.93
978,11-19-2020 22:30:00,760.4,759.3,7
979,11-19-2020 23:00:00,763,761.8,7.08
980,11-19-2020 23:30:00,766.4,765.1,7.19
981,11-20-2020 00:00:00,769.8,768.4,7.32
982,11-20-2020 00:30:00,773.5,772.1,7.45
983,11-20-2020 01:00:00,777.3,775.8,7.58
984,11-20-2020 01:30:00,780.4,779.1,7.78
985,11-20-2020 02:00:00,781.4,779.8,7.88
986,11-20-2020 02:30:00,782.1,780.6,8
987,11-20-2020 03:00:00,783.8,782.2,8.11
988,11-20-2020 03:30:00,785.9,784.2,8.22
989,11-20-2020 04:00:00,787.9,785.8,8.3
990,11-20-2020 04:30:00,789.7,789.2,8.34
991,11-20-2020 05:00:00,790.4,788.3,8.37
992,11-20-2020 05:30:00,790.2,788.3,8.41
993,11-20-2020 06:00:00,789.5,787.9,8.4
994,11-20-2020 06:30:00,788.7,786.6,8.4
995,11-20-2020 07:00:00,787.5,785.8,8.4
996,11-20-2020 07:30:00,786.3,784.5,8.37
997,11-20-2020 08:00:00,784.8,783.2,8.36
998,11-20-2020 08:30:00,783.3,781.6,8.34
999,11-20-2020 09:00:00,782.3,780.7,8.33
1000,11-20-2020 09:30:00,781.8,779.9,8.31
1001,11-20-2020 10:00:00,781.5,779.9,8.3
1002,11-20-2020 10:30:00,781.9,779.9,8.33
1003,11-20-2020 11:00:00,782.5,780.7,8.36
1004,11-20-2020 11:30:00,783.2,781.9,8.39
1005,11-20-2020 12:00:00,784.8,783.2,8.45
1006,11-20-2020 12:30:00,786.3,784.4,8.47
1007,11-20-2020 13:00:00,787.7,785.7,8.5
1008,11-20-2020 13:30:00,790,788.2,8.55
1009,11-20-2020 14:00:00,792.6,791.1,8.63
1010,11-20-2020 14:30:00,794.3,794.8,8.75
1011,11-20-2020 15:00:00,795.7,793.9,8.8
1012,11-20-2020 15:30:00,796.3,794.7,8.84
1013,11-20-2020 16:00:00,797.6,796,8.86
1014,11-20-2020 16:30:00,798.9,797.2,8.87
1015,11-20-2020 17:00:00,802.5,800.6,8.87
1016,11-20-2020 17:30:00,803,801.5,8.84
1017,11-20-2020 18:00:00,805,803.2,8.83
1018,11-20-2020 18:30:00,806.6,804.6,8.74
1019,11-20-2020 19:00:00,807.9,805.9,8.7
1020,11-20-2020 19:30:00,810.1,808,8.68
1021,11-20-2020 20:00:00,811.5,809.7,8.66
1022,11-20-2020 20:30:00,813.4,811.9,8.63
1023,11-20-2020 21:00:00,815,813.2,8.62
1024,11-20-2020 21:30:00,815.9,814,8.62
1025,11-20-2020 22:00:00,817.8,815.7,8.61
1026,11-20-2020 22:30:00,819.4,817.9,8.59
1027,11-20-2020 23:00:00,819.5,817,8.57
1028,11-20-2020 23:30:00,818.1,816.2,8.52
1029,11-21-2020 00:00:00,816.2,814.1,8.46
1030,11-21-2020 00:30:00,813.4,811.2,8.41
1031,11-21-2020 01:00:00,811.1,809.1,8.36
1032,11-21-2020 01:30:00,808.1,806.2,8.29
1033,11-21-2020 02:00:00,805.3,803.7,8.24
1034,11-21-2020 02:30:00,803.6,802.1,8.19
1035,11-21-2020 03:00:00,801.2,799.6,8.12
1036,11-21-2020 03:30:00,798.9,797.1,8.06
1037,11-21-2020 04:00:00,797.3,795.4,8.02
1038,11-21-2020 04:30:00,796.1,794.2,7.99
1039,11-21-2020 05:00:00,794,792.1,7.95
1040,11-21-2020 05:30:00,791.5,789.6,7.88
1041,11-21-2020 06:00:00,788.5,786.7,7.8
1042,11-21-2020 06:30:00,785.1,783.8,7.68
1043,11-21-2020 07:00:00,782.7,780.9,7.58
1044,11-21-2020 07:30:00,779.1,777.7,7.41
1045,11-21-2020 08:00:00,776.4,774.8,7.3
1046,11-21-2020 08:30:00,773,771.9,7.14
1047,11-21-2020 09:00:00,769.5,768.2,7.01
1048,11-21-2020 09:30:00,765.9,764.9,6.86
1049,11-21-2020 10:00:00,762.8,761.7,6.74
1050,11-21-2020 10:30:00,760.1,758.7,6.71
1051,11-21-2020 11:00:00,758.8,757.5,6.66
1052,11-21-2020 11:30:00,758,757.1,6.65
1053,11-21-2020 12:00:00,756.6,755.4,6.63
1054,11-21-2020 12:30:00,754,752.9,6.58
1055,11-21-2020 13:00:00,753.1,752,6.57
1056,11-21-2020 13:30:00,752.8,751.6,6.57
1057,11-21-2020 14:00:00,753.1,752,6.61
1058,11-21-2020 14:30:00,750.9,749.9,6.61
1059,11-21-2020 15:00:00,749.9,748.6,6.6
1060,11-21-2020 15:30:00,749.5,747.8,6.56
1061,11-21-2020 16:00:00,749.4,749.5,6.56
1062,11-21-2020 16:30:00,750.5,749.1,6.57
1063,11-21-2020 17:00:00,754.2,752.9,6.58
1064,11-21-2020 17:30:00,756.8,756.4,6.48
1065,11-21-2020 18:00:00,759.4,757.7,6.4
1066,11-21-2020 18:30:00,760.6,759,6.34
1067,11-21-2020 19:00:00,760.1,758.7,6.24
1068,11-21-2020 19:30:00,760.2,758.7,6.18
1069,11-21-2020 20:00:00,759.7,757.9,6.12
1070,11-21-2020 20:30:00,759.1,757.5,6.04
1071,11-21-2020 21:00:00,758.7,757.2,5.98
1072,11-21-2020 21:30:00,758.1,756.8,5.94
1073,11-21-2020 22:00:00,756.7,755.5,5.89
1074,11-21-2020 22:30:00,755.3,754.3,5.83
1075,11-21-2020 23:00:00,753.2,752.2,5.79
1076,11-21-2020 23:30:00,751,749.7,5.76
1077,11-22-2020 00:00:00,749.3,748,5.72
1078,11-22-2020 00:30:00,747.6,746.4,5.7
1079,11-22-2020 01:00:00,746.7,745.1,5.67
1080,11-22-2020 01:30:00,745.5,743.9,5.63
1081,11-22-2020 02:00:00,745.1,743.9,5.63
1082,11-22-2020 02:30:00,744,742.6,5.6
1083,11-22-2020 03:00:00,743.4,742.2,5.6
1084,11-22-2020 03:30:00,743,741.8,5.6
1085,11-22-2020 04:00:00,742.5,741.4,5.59
1086,11-22-2020 04:30:00,741.7,740.5,5.56
1087,11-22-2020 05:00:00,742.1,740.5,5.6
1088,11-22-2020 05:30:00,742.4,741.3,5.6
1089,11-22-2020 06:00:00,742.7,741.3,5.6
1090,11-22-2020 06:30:00,742.2,740.9,5.59
1091,11-22-2020 07:00:00,741.5,740.5,5.56
1092,11-22-2020 07:30:00,740.6,739.3,5.55
1093,11-22-2020 08:00:00,740.7,739.3,5.54
1094,11-22-2020 08:30:00,741,740.2,5.49
1095,11-22-2020 09:00:00,742.1,740.6,5.46
1096,11-22-2020 09:30:00,743.2,741.9,5.42
1097,11-22-2020 10:00:00,742.5,740.7,5.33
1098,11-22-2020 10:30:00,741.8,740.7,5.28
1099,11-22-2020 11:00:00,740.8,739.5,5.22
1100,11-22-2020 11:30:00,739.7,738.3,5.18
1101,11-22-2020 12:00:00,739.1,738.3,5.2
1102,11-22-2020 12:30:00,739,738.2,5.22
1103,11-22-2020 13:00:00,739.5,738.2,5.27
1104,11-22-2020 13:30:00,742.4,740.7,5.31
1105,11-22-2020 14:00:00,747.6,746.2,5.32
1106,11-22-2020 14:30:00,753,751.7,5.38
1107,11-22-2020 15:00:00,756.4,755.5,5.39
1108,11-22-2020 15:30:00,760.8,759.3,5.39
1109,11-22-2020 16:00:00,760.5,759.3,5.38
1110,11-22-2020 16:30:00,763.4,762.8,5.35
1111,11-22-2020 17:00:00,765.2,764.5,5.34
1112,11-22-2020 17:30:00,766.7,765.3,5.32
1113,11-22-2020 18:00:00,764.2,762.8,5.29
1114,11-22-2020 18:30:00,762,760.7,5.25
1115,11-22-2020 19:00:00,759.3,758.2,5.2
1116,11-22-2020 19:30:00,755.9,754.8,5.17
1117,11-22-2020 20:00:00,753.6,752.3,5.16
1118,11-22-2020 20:30:00,752.2,751,5.16
1119,11-22-2020 21:00:00,751.2,749.8,5.15
1120,11-22-2020 21:30:00,750.2,748.9,5.11
1121,11-22-2020 22:00:00,748.2,746.8,5.07
1122,11-22-2020 22:30:00,746.6,745.6,5.06
1123,11-22-2020 23:00:00,744.5,743.5,5.06
1124,11-22-2020 23:30:00,743.7,742.6,5.06
1125,11-23-2020 00:00:00,742.6,741.3,5.06
1126,11-23-2020 00:30:00,742.2,740.9,5.05
1127,11-23-2020 01:00:00,741.6,740.9,5.05
1128,11-23-2020 01:30:00,741.6,740.9,5.04
1129,11-23-2020 02:00:00,742.1,740.9,5.04
1130,11-23-2020 02:30:00,743.6,742.2,5.09
1131,11-23-2020 03:00:00,745.9,744.7,5.11
1132,11-23-2020 03:30:00,747.8,746.8,5.16
1133,11-23-2020 04:00:00,750.2,749.3,5.22
1134,11-23-2020 04:30:00,751.6,750.5,5.27
1135,11-23-2020 05:00:00,752.4,751.3,5.33
1136,11-23-2020 05:30:00,752.7,751.7,5.37
1137,11-23-2020 06:00:00,752.8,751.7,5.4
1138,11-23-2020 06:30:00,751.9,750.8,5.44
1139,11-23-2020 07:00:00,751.2,749.9,5.46
1140,11-23-2020 07:30:00,750.5,749.5,5.49
1141,11-23-2020 08:00:00,750.6,749.9,5.53
1142,11-23-2020 08:30:00,751.4,750.7,5.54
1143,11-23-2020 09:00:00,753,752.4,5.55
1144,11-23-2020 09:30:00,754.2,754.1,5.56
1145,11-23-2020 10:00:00,756,755.8,5.56
1146,11-23-2020 10:30:00,757.6,757.1,5.6
1147,11-23-2020 11:00:00,759.3,758.7,5.63
1148,11-23-2020 11:30:00,761.4,761.2,5.72
1149,11-23-2020 12:00:00,763.8,763.7,5.81
1150,11-23-2020 12:30:00,764.9,764.5,5.82
1151,11-23-2020 13:00:00,765.7,765.3,5.85
1152,11-23-2020 13:30:00,766.2,765.7,5.89
1153,11-23-2020 14:00:00,767.7,767.4,5.98
1154,11-23-2020 14:30:00,768.9,768.6,6.04
1155,11-23-2020 15:00:00,769.4,769,6.06
1156,11-23-2020 15:30:00,770,769.8,6.09
1157,11-23-2020 16:00:00,770,769.8,6.1
1158,11-23-2020 16:30:00,769.1,769,6.1
1159,11-23-2020 17:00:00,768.2,767.7,6.09
1160,11-23-2020 17:30:00,767.9,767.3,6.07
1161,11-23-2020 18:00:00,768.2,767.3,6.06
1162,11-23-2020 18:30:00,769.7,769.4,6.02
1163,11-23-2020 19:00:00,772,771.6,5.96
1164,11-23-2020 19:30:00,773.4,772.9,5.9
1165,11-23-2020 20:00:00,773.7,773.4,5.84
1166,11-23-2020 20:30:00,774.4,773.9,5.78
1167,11-23-2020 21:00:00,774.8,774.8,5.76
1168,11-23-2020 21:30:00,774.8,774.4,5.72
1169,11-23-2020 22:00:00,775.5,775.2,5.72
1170,11-23-2020 22:30:00,776.4,775.2,5.71
1171,11-23-2020 23:00:00,776.9,775.7,5.7
1172,11-23-2020 23:30:00,776.8,775.7,5.67
1173,11-24-2020 00:00:00,776.2,774.8,5.66
1174,11-24-2020 00:30:00,774.7,773.6,5.62
1175,11-24-2020 01:00:00,772.8,771.5,5.61
1176,11-24-2020 01:30:00,770.8,769.4,5.59
1177,11-24-2020 02:00:00,768.7,767.7,5.55
1178,11-24-2020 02:30:00,767.2,765.6,5.53
1179,11-24-2020 03:00:00,765.2,763.9,5.51
1180,11-24-2020 03:30:00,763.6,762.2,5.49
1181,11-24-2020 04:00:00,760.9,759.7,5.45
1182,11-24-2020 04:30:00,759.4,758.5,5.43
1183,11-24-2020 05:00:00,757.6,755.9,5.39
1184,11-24-2020 05:30:00,755.8,754.3,5.37
1185,11-24-2020 06:00:00,752.4,751.3,5.33
1186,11-24-2020 06:30:00,750.3,748.8,5.29
1187,11-24-2020 07:00:00,748.6,747.2,5.22
1188,11-24-2020 07:30:00,746.3,745.5,5.15
1189,11-24-2020 08:00:00,744.4,743,5.06
1190,11-24-2020 08:30:00,745.9,744.7,5.09
1191,11-24-2020 09:00:00,746.4,745.6,5.1
1192,11-24-2020 09:30:00,744.1,743.1,4.95
1193,11-24-2020 10:00:00,740.8,739.8,4.83
1194,11-24-2020 10:30:00,739.1,738.2,4.78
1195,11-24-2020 11:00:00,737.8,736.9,4.78
1196,11-24-2020 11:30:00,737.5,736.4,4.81
1197,11-24-2020 12:00:00,736,735.2,4.81
1198,11-24-2020 12:30:00,734.4,733.5,4.79
1199,11-24-2020 13:00:00,729.4,728.1,4.67
1200,11-24-2020 13:30:00,728.9,728.1,4.64
1201,11-24-2020 14:00:00,726.8,726,4.58
1202,11-24-2020 14:30:00,728,726.9,4.53
1203,11-24-2020 15:00:00,757.5,756.6,4.51
1204,11-24-2020 15:30:00,801.6,800.4,4.6
1205,11-24-2020 16:00:00,760.8,759.5,4.6
1206,11-24-2020 16:30:00,751.2,750.2,4.55
1207,11-24-2020 17:00:00,706.6,705.8,4.44
1208,11-24-2020 17:30:00,689.3,688.4,4.37
1209,11-24-2020 18:00:00,664.7,664,4.3
1210,11-24-2020 18:30:00,670.9,669.9,4.3
1211,11-24-2020 19:00:00,687.2,685.9,4.37
1212,11-24-2020 19:30:00,714.3,713,4.45
1213,11-24-2020 20:00:00,722.7,721.4,4.51
1214,11-24-2020 20:30:00,720.1,718.8,4.6
1215,11-24-2020 21:00:00,755,754.4,4.7
1216,11-24-2020 21:30:00,805.7,804.1,4.78
1217,11-24-2020 22:00:00,852.1,855.8,4.77
1218,11-24-2020 22:30:00,943.8,942.8,4.77
1219,11-24-2020 23:00:00,1008.4,1007.7,4.78
1220,11-24-2020 23:30:00,1027.2,1028.4,4.81
1221,11-25-2020 00:00:00,948.7,947.9,4.83
1222,11-25-2020 00:30:00,873.7,872,4.83
1223,11-25-2020 01:00:00,818.6,816.9,4.81
1224,11-25-2020 01:30:00,759.8,759,4.81
1225,11-25-2020 02:00:00,703.5,702.5,4.81
1226,11-25-2020 02:30:00,651.1,650.5,4.81
1227,11-25-2020 03:00:00,618.3,618,4.81
1228,11-25-2020 03:30:00,588.1,587.7,4.82
1229,11-25-2020 04:00:00,576.8,576.8,4.82
1230,11-25-2020 04:30:00,563.4,563.8,4.79
1231,11-25-2020 05:00:00,555.9,556.3,4.82
1232,11-25-2020 05:30:00,550.8,550.4,4.81
1233,11-25-2020 06:00:00,548.9,548.7,4.81
1234,11-25-2020 06:30:00,551.4,551.2,4.82
1235,11-25-2020 07:00:00,556.9,556.7,4.81
1236,11-25-2020 07:30:00,562.5,562.5,4.83
1237,11-25-2020 08:00:00,570,570.1,4.83
1238,11-25-2020 08:30:00,580.7,580.1,4.87
1239,11-25-2020 09:00:00,586.1,586,4.89
1240,11-25-2020 09:30:00,588,587.7,4.93
1241,11-25-2020 10:00:00,591.2,590.6,4.96
1242,11-25-2020 10:30:00,591.9,591.4,5
1243,11-25-2020 11:00:00,592.3,591.8,5.05
1244,11-25-2020 11:30:00,592.9,592.6,5.09
1245,11-25-2020 12:00:00,593.4,592.6,5.12
1246,11-25-2020 12:30:00,593,592.6,5.16
1247,11-25-2020 13:00:00,593.1,592.6,5.18
1248,11-25-2020 13:30:00,595.4,594.6,5.21
1249,11-25-2020 14:00:00,597.1,596.7,5.26
1250,11-25-2020 14:30:00,597.7,597.1,5.31
1251,11-25-2020 15:00:00,592,591.1,5.44
1252,11-25-2020 15:30:00,591.6,590.6,5.56
1253,11-25-2020 16:00:00,564.3,563.7,5.72
1254,11-25-2020 16:30:00,533.6,533.5,5.77
1255,11-25-2020 17:00:00,531.9,531.4,5.78
1256,11-25-2020 17:30:00,532,531.8,5.77
1257,11-25-2020 18:00:00,539,538.9,5.78
1258,11-25-2020 18:30:00,554.1,554,5.82
1259,11-25-2020 19:00:00,571.2,570.7,5.85
1260,11-25-2020 19:30:00,579,578.3,5.87
1261,11-25-2020 20:00:00,582,581.6,5.89
1262,11-25-2020 20:30:00,584.7,584.1,5.89
1263,11-25-2020 21:00:00,590.4,590,5.91
1264,11-25-2020 21:30:00,599,598,5.91
1265,11-25-2020 22:00:00,605.1,604.3,5.94
1266,11-25-2020 22:30:00,609.3,608.5,5.94
1267,11-25-2020 23:00:00,612.4,612.3,5.93
1268,11-25-2020 23:30:00,614.5,614.8,5.93
1269,11-26-2020 00:00:00,620.4,620.7,5.98
1270,11-26-2020 00:30:00,627.5,627.4,5.99
1271,11-26-2020 01:00:00,629.5,629,6.01
1272,11-26-2020 01:30:00,626.2,625.7,6.01
1273,11-26-2020 02:00:00,618.4,617.7,5.99
1274,11-26-2020 02:30:00,611.4,610.6,5.96
1275,11-26-2020 03:00:00,598.9,598,5.93
1276,11-26-2020 03:30:00,589.4,588.8,5.9
1277,11-26-2020 04:00:00,579.3,578.7,5.88
1278,11-26-2020 04:30:00,573.9,573.7,5.84
1279,11-26-2020 05:00:00,571.7,571.6,5.82
1280,11-26-2020 05:30:00,571.7,571.6,5.78
1281,11-26-2020 06:00:00,572.3,572,5.77
1282,11-26-2020 06:30:00,573.5,572.9,5.74
1283,11-26-2020 07:00:00,575,574.6,5.72
1284,11-26-2020 07:30:00,576.8,576.3,5.71
1285,11-26-2020 08:00:00,577.6,577.6,5.68
1286,11-26-2020 08:30:00,579.1,578.4,5.68
1287,11-26-2020 09:00:00,581.6,580.9,5.68
1288,11-26-2020 09:30:00,583.6,583.4,5.7
1289,11-26-2020 10:00:00,586.6,587.2,5.7
1290,11-26-2020 10:30:00,587.6,587.6,5.71
1291,11-26-2020 11:00:00,590.9,590.1,5.73
1292,11-26-2020 11:30:00,592.8,592.2,5.77
1293,11-26-2020 12:00:00,596,595.5,5.82
1294,11-26-2020 12:30:00,597.9,597.2,5.88
1295,11-26-2020 13:00:00,598.9,598.4,5.93
1296,11-26-2020 13:30:00,602.5,601.7,6.04
1297,11-26-2020 14:00:00,604.5,603.3,6.13
1298,11-26-2020 14:30:00,605.3,604.6,6.16
1299,11-26-2020 15:00:00,607.3,606.6,6.17
1300,11-26-2020 15:30:00,609,608.3,6.19
1301,11-26-2020 16:00:00,610.6,610,6.21
1302,11-26-2020 16:30:00,612,611.2,6.22
1303,11-26-2020 17:00:00,613.6,612.9,6.24
1304,11-26-2020 17:30:00,615.1,615.4,6.27
1305,11-26-2020 18:00:00,615.9,615,6.29
1306,11-26-2020 18:30:00,616.6,615.8,6.33
1307,11-26-2020 19:00:00,618.3,617.9,6.37
1308,11-26-2020 19:30:00,619.8,619.1,6.41
1309,11-26-2020 20:00:00,621.4,620.4,6.43
1310,11-26-2020 20:30:00,622.6,622,6.48
1311,11-26-2020 21:00:00,623.4,623.2,6.51
1312,11-26-2020 21:30:00,625.6,624.9,6.56
1313,11-26-2020 22:00:00,627.7,627,6.62
1314,11-26-2020 22:30:00,630.1,629.4,6.68
1315,11-26-2020 23:00:00,631.4,630.7,6.72
1316,11-26-2020 23:30:00,632.2,631.5,6.79
1317,11-27-2020 00:00:00,632.8,632.3,6.84
1318,11-27-2020 00:30:00,633.2,633.1,6.85
1319,11-27-2020 01:00:00,633.8,633.5,6.84
1320,11-27-2020 01:30:00,634.9,634.4,6.83
1321,11-27-2020 02:00:00,636.2,635.7,6.8
1322,11-27-2020 02:30:00,637.3,636.5,6.78
1323,11-27-2020 03:00:00,637,636.6,6.74
1324,11-27-2020 03:30:00,637.1,637,6.72
1325,11-27-2020 04:00:00,636.8,636.6,6.67
1326,11-27-2020 04:30:00,636.4,636.2,6.65
1327,11-27-2020 05:00:00,636.5,636.2,6.61
1328,11-27-2020 05:30:00,638.4,638.4,6.57
1329,11-27-2020 06:00:00,639,638.4,6.55
1330,11-27-2020 06:30:00,639.1,638.4,6.51
1331,11-27-2020 07:00:00,639.2,638.4,6.48
1332,11-27-2020 07:30:00,640.6,639.7,6.44
1333,11-27-2020 08:00:00,642.1,641.8,6.41
1334,11-27-2020 08:30:00,642.9,642.3,6.38
1335,11-27-2020 09:00:00,644.3,643.6,6.37
1336,11-27-2020 09:30:00,645.2,644.4,6.35
1337,11-27-2020 10:00:00,646.3,645.7,6.34
1338,11-27-2020 10:30:00,648,647.8,6.35
1339,11-27-2020 11:00:00,650.6,650.3,6.37
1340,11-27-2020 11:30:00,652.7,652.8,6.38
1341,11-27-2020 12:00:00,655.4,654.9,6.4
1342,11-27-2020 12:30:00,657.9,657.4,6.46
1343,11-27-2020 13:00:00,660.3,659.5,6.51
1344,11-27-2020 13:30:00,662.3,661.6,6.52
1345,11-27-2020 14:00:00,664.3,663.6,6.58
1346,11-27-2020 14:30:00,666.1,665.7,6.61
1347,11-27-2020 15:00:00,668,667.4,6.66
1348,11-27-2020 15:30:00,669.2,668.6,6.67
1349,11-27-2020 16:00:00,670.3,669.5,6.66
1350,11-27-2020 16:30:00,671.6,670.8,6.65
1351,11-27-2020 17:00:00,674.7,674.2,6.6
1352,11-27-2020 17:30:00,675.1,674.2,6.51
1353,11-27-2020 18:00:00,675.9,675.1,6.46
1354,11-27-2020 18:30:00,676.3,675.6,6.43
1355,11-27-2020 19:00:00,676.3,675.6,6.37
1356,11-27-2020 19:30:00,677.4,676.9,6.32
1357,11-27-2020 20:00:00,678.6,677.8,6.29
1358,11-27-2020 20:30:00,679.3,678.2,6.27
1359,11-27-2020 21:00:00,679.7,679.1,6.26
1360,11-27-2020 21:30:00,679.6,679.1,6.23
1361,11-27-2020 22:00:00,679.6,679.1,6.23
1362,11-27-2020 22:30:00,679.8,679.1,6.24
1363,11-27-2020 23:00:00,681.3,680.3,6.26
1364,11-27-2020 23:30:00,682.7,682,6.26
1365,11-28-2020 00:00:00,683.6,682.9,6.23
1366,11-28-2020 00:30:00,684.6,683.7,6.23
1367,11-28-2020 01:00:00,684.7,683.8,6.18
1368,11-28-2020 01:30:00,684.4,683.3,6.16
1369,11-28-2020 02:00:00,684.6,683.8,6.12
1370,11-28-2020 02:30:00,684.4,683.8,6.1
1371,11-28-2020 03:00:00,684.5,683.8,6.06
1372,11-28-2020 03:30:00,684.3,683.1,5.96
1373,11-28-2020 04:00:00,683.7,683.1,5.9
1374,11-28-2020 04:30:00,683.7,683.1,5.87
1375,11-28-2020 05:00:00,682.4,682,5.74
1376,11-28-2020 05:30:00,682.5,682,5.68
1377,11-28-2020 06:00:00,681.3,680.8,5.59
1378,11-28-2020 06:30:00,679.6,678.8,5.48
1379,11-28-2020 07:00:00,678,677.2,5.33
1380,11-28-2020 07:30:00,675.4,674.7,5.18
1381,11-28-2020 08:00:00,673,672.7,5.06
1382,11-28-2020 08:30:00,671.2,671.5,4.99
1383,11-28-2020 09:00:00,669.4,670.3,4.89
1384,11-28-2020 09:30:00,668.3,667.9,4.77
1385,11-28-2020 10:00:00,667,666.2,4.7
1386,11-28-2020 10:30:00,666.7,666.2,4.68
1387,11-28-2020 11:00:00,668.7,667.9,4.76
1388,11-28-2020 11:30:00,673.1,672.4,4.86
1389,11-28-2020 12:00:00,677.5,676.6,4.93
1390,11-28-2020 12:30:00,681.8,681.3,4.93
1391,11-28-2020 13:00:00,687.8,687.1,5.01
1392,11-28-2020 13:30:00,692.9,692.1,5.1
1393,11-28-2020 14:00:00,699.5,698.4,5.18
1394,11-28-2020 14:30:00,701.9,701,5.17
1395,11-28-2020 15:00:00,702.4,701.4,5.17
1396,11-28-2020 15:30:00,700.3,699.7,5.15
1397,11-28-2020 16:00:00,699.4,698.5,5.12
1398,11-28-2020 16:30:00,698.7,698.1,5.1
1399,11-28-2020 17:00:00,698.9,698.1,5.09
1400,11-28-2020 17:30:00,698,697.3,5.05
1401,11-28-2020 18:00:00,695.9,695.2,4.95
1402,11-28-2020 18:30:00,696.4,695.7,4.89
1403,11-28-2020 19:00:00,697,696.6,4.86
1404,11-28-2020 19:30:00,697,696.6,4.84
1405,11-28-2020 20:00:00,696.8,696.2,4.82
1406,11-28-2020 20:30:00,696.6,696.2,4.81
1407,11-28-2020 21:00:00,697.2,696.6,4.82
1408,11-28-2020 21:30:00,697.7,697.4,4.81
1409,11-28-2020 22:00:00,698.1,697,4.79
1410,11-28-2020 22:30:00,698.3,697.4,4.81
1411,11-28-2020 23:00:00,698.7,698.3,4.83
1412,11-28-2020 23:30:00,699.7,698.7,4.88
1413,11-29-2020 00:00:00,703,702,4.94
1414,11-29-2020 00:30:00,705.2,704.5,4.98
1415,11-29-2020 01:00:00,707.2,706.6,5.05
1416,11-29-2020 01:30:00,709.1,707.8,5.12
1417,11-29-2020 02:00:00,709.8,709,5.15
1418,11-29-2020 02:30:00,710,709,5.18
1419,11-29-2020 03:00:00,711.4,710.7,5.27
1420,11-29-2020 03:30:00,712.4,711,5.31
1421,11-29-2020 04:00:00,713.6,712.3,5.37
1422,11-29-2020 04:30:00,713.2,712.3,5.37
1423,11-29-2020 05:00:00,712.9,712.3,5.39
1424,11-29-2020 05:30:00,712.6,711.4,5.42
1425,11-29-2020 06:00:00,712.3,711.4,5.42
1426,11-29-2020 06:30:00,711.3,710.2,5.37
1427,11-29-2020 07:00:00,710.5,709.3,5.37
1428,11-29-2020 07:30:00,710.2,709.8,5.33
1429,11-29-2020 08:00:00,710.2,709.8,5.28
1430,11-29-2020 08:30:00,709.1,708.1,5.22
1431,11-29-2020 09:00:00,708.7,707.7,5.18
1432,11-29-2020 09:30:00,708.3,707.8,5.15
1433,11-29-2020 10:00:00,709.5,708.2,5.15
1434,11-29-2020 10:30:00,712.8,711.6,5.17
1435,11-29-2020 11:00:00,718.3,717,5.26
1436,11-29-2020 11:30:00,720.6,719.5,5.29
1437,11-29-2020 12:00:00,722.2,721.2,5.33
1438,11-29-2020 12:30:00,724.6,723.7,5.34
1439,11-29-2020 13:00:00,727.7,726.6,5.42
1440,11-29-2020 13:30:00,730.1,728.7,5.45
1441,11-29-2020 14:00:00,732.5,731.2,5.5
1442,11-29-2020 14:30:00,734.7,733.3,5.53
1443,11-29-2020 15:00:00,736.1,734.6,5.55
1444,11-29-2020 15:30:00,737.5,736.3,5.57
1445,11-29-2020 16:00:00,740.6,739.7,5.56
1446,11-29-2020 16:30:00,742.4,741.4,5.55
1447,11-29-2020 17:00:00,742.7,741.8,5.51
1448,11-29-2020 17:30:00,742.4,741,5.48
1449,11-29-2020 18:00:00,742,740.6,5.43
1450,11-29-2020 18:30:00,742.1,741.1,5.4
1451,11-29-2020 19:00:00,742.5,741.5,5.39
1452,11-29-2020 19:30:00,743.7,742.8,5.37
1453,11-29-2020 20:00:00,744.3,742.8,5.35
1454,11-29-2020 20:30:00,743.4,742.4,5.29
1455,11-29-2020 21:00:00,742.1,740.8,5.26
1456,11-29-2020 21:30:00,739.9,740,5.21
1457,11-29-2020 22:00:00,736.8,736.2,5.16
1458,11-29-2020 22:30:00,735.5,734.9,5.16
1459,11-29-2020 23:00:00,734.2,733.6,5.15
1460,11-29-2020 23:30:00,734.5,733.6,5.14
1461,11-30-2020 00:00:00,734.6,734.1,5.14
1462,11-30-2020 00:30:00,734.7,734.1,5.11
1463,11-30-2020 01:00:00,734.2,733.3,5.09
1464,11-30-2020 01:30:00,733.7,732.8,5.1
1465,11-30-2020 02:00:00,732.9,732,5.1
1466,11-30-2020 02:30:00,731.9,730.7,5.11
1467,11-30-2020 03:00:00,731.9,731.1,5.14
1468,11-30-2020 03:30:00,732.4,731.1,5.14
1469,11-30-2020 04:00:00,733.7,732.4,5.14
1470,11-30-2020 04:30:00,735.3,734.5,5.11
1471,11-30-2020 05:00:00,736.3,735,5.09
1472,11-30-2020 05:30:00,737.3,736.2,5.09
1473,11-30-2020 06:00:00,736.7,735.8,5.06
1474,11-30-2020 06:30:00,734.7,733.7,5
1475,11-30-2020 07:00:00,732.8,731.7,4.95
1476,11-30-2020 07:30:00,732,730.4,4.9
1477,11-30-2020 08:00:00,731.3,730.1,4.83
1478,11-30-2020 08:30:00,729.6,728.4,4.72
1479,11-30-2020 09:00:00,726.6,725.6,4.61
1480,11-30-2020 09:30:00,723.1,722.3,4.5
1481,11-30-2020 10:00:00,720.8,719.7,4.45
1482,11-30-2020 10:30:00,718.5,717.7,4.4
1483,11-30-2020 11:00:00,718,716.8,4.39
1484,11-30-2020 11:30:00,719.2,718.1,4.36
1485,11-30-2020 12:00:00,718.5,717.3,4.26
1486,11-30-2020 12:30:00,718.1,717,4.21
1487,11-30-2020 13:00:00,716.5,715.7,4.15
1488,11-30-2020 13:30:00,715.5,714.5,4.09
1489,11-30-2020 14:00:00,714.2,713.3,4.04
1490,11-30-2020 14:30:00,714,712.9,4
1491,11-30-2020 15:00:00,712.7,711.6,3.94
1492,11-30-2020 15:30:00,712,710.8,3.91
1493,11-30-2020 16:00:00,710.9,710,3.87
1494,11-30-2020 16:30:00,710.4,709.6,3.84
1495,11-30-2020 17:00:00,709.7,708.8,3.81
1496,11-30-2020 17:30:00,708.7,708,3.73
1497,11-30-2020 18:00:00,707.2,705.9,3.65
1498,11-30-2020 18:30:00,705.7,704.7,3.56
1499,11-30-2020 19:00:00,703.4,702.7,3.45
1500,11-30-2020 19:30:00,701.5,700.6,3.37
1501,11-30-2020 20:00:00,699,698.1,3.27
1502,11-30-2020 20:30:00,696.9,696.1,3.21
1503,11-30-2020 21:00:00,694.7,694,3.15
1504,11-30-2020 21:30:00,691.5,690.7,3.03
1505,11-30-2020 22:00:00,687.8,687,2.88
1506,11-30-2020 22:30:00,685.9,684.9,2.81
1507,11-30-2020 23:00:00,684.2,683.2,2.76
1508,11-30-2020 23:30:00,681.3,680.7,2.75
1509,12-01-2020 00:00:00,679.6,679,2.76
1510,12-01-2020 00:30:00,679.3,678.6,2.75
1511,12-01-2020 01:00:00,677.5,677,2.64
1512,12-01-2020 01:30:00,675.6,675,2.49
1513,12-01-2020 02:00:00,673.7,673.3,2.4
1514,12-01-2020 02:30:00,671.7,670.8,2.35
1515,12-01-2020 03:00:00,670,669.6,2.31
1516,12-01-2020 03:30:00,669.3,668.8,2.29
1517,12-01-2020 04:00:00,667.5,666.7,2.22
1518,12-01-2020 04:30:00,667.1,666.6,2.29
1519,12-01-2020 05:00:00,666.6,666.2,2.29
1520,12-01-2020 05:30:00,666.9,666.6,2.27
1521,12-01-2020 06:00:00,670.3,670,2.32
1522,12-01-2020 06:30:00,678.2,677.1,2.42
1523,12-01-2020 07:00:00,686,685.2,2.46
1524,12-01-2020 07:30:00,689.1,688.6,2.44
1525,12-01-2020 08:00:00,694.5,694,2.54
1526,12-01-2020 08:30:00,702.7,701.6,2.61
1527,12-01-2020 09:00:00,708.8,707.9,2.64
1528,12-01-2020 09:30:00,711.8,711.4,2.61
1529,12-01-2020 10:00:00,714.4,713.5,2.55
1530,12-01-2020 10:30:00,716.8,716.1,2.54
1531,12-01-2020 11:00:00,720,719.1,2.47
1532,12-01-2020 11:30:00,719.9,719.2,2.42
1533,12-01-2020 12:00:00,721.4,720,2.44
1534,12-01-2020 12:30:00,721.8,720.9,2.41
1535,12-01-2020 13:00:00,723.6,722.6,2.41
1536,12-01-2020 13:30:00,725.6,724.3,2.41
1537,12-01-2020 14:00:00,726.5,725.6,2.4
1538,12-01-2020 14:30:00,725.6,724.3,2.35
1539,12-01-2020 15:00:00,720.8,719.7,2.27
1540,12-01-2020 15:30:00,718.7,718,2.24
1541,12-01-2020 16:00:00,717.9,716.8,2.19
1542,12-01-2020 16:30:00,716.3,715.1,2.15
1543,12-01-2020 17:00:00,712.6,711.7,2.13
1544,12-01-2020 17:30:00,704.7,703.7,2.05
1545,12-01-2020 18:00:00,700.9,700.4,1.97
1546,12-01-2020 18:30:00,695.5,694.9,1.91
1547,12-01-2020 19:00:00,693.6,692.8,1.87
1548,12-01-2020 19:30:00,691.3,690.3,1.84
1549,12-01-2020 20:00:00,689.7,689,1.82
1550,12-01-2020 20:30:00,691,690.3,1.84
1551,12-01-2020 21:00:00,693.1,692.4,1.85
1552,12-01-2020 21:30:00,696,695.7,1.92
1553,12-01-2020 22:00:00,701.1,700.4,1.98
1554,12-01-2020 22:30:00,704.4,703.7,2.03
1555,12-01-2020 23:00:00,707.5,706.2,2.1
1556,12-01-2020 23:30:00,710.6,709.6,2.15
1557,12-02-2020 00:00:00,712.8,712.1,2.21
1558,12-02-2020 00:30:00,715.1,714.2,2.25
1559,12-02-2020 01:00:00,715.8,714.6,2.26
1560,12-02-2020 01:30:00,716.7,715,2.31
1561,12-02-2020 02:00:00,717.7,716.7,2.35
1562,12-02-2020 02:30:00,718.1,717.1,2.38
1563,12-02-2020 03:00:00,718.1,717,2.41
1564,12-02-2020 03:30:00,718.9,717.9,2.44
1565,12-02-2020 04:00:00,717.7,716.6,2.42
1566,12-02-2020 04:30:00,716.6,715.7,2.44
1567,12-02-2020 05:00:00,716.5,715.7,2.46
1568,12-02-2020 05:30:00,714.9,714.1,2.42
1569,12-02-2020 06:00:00,714,713.2,2.43
1570,12-02-2020 06:30:00,712.5,711.5,2.42
1571,12-02-2020 07:00:00,710.3,709.8,2.41
1572,12-02-2020 07:30:00,707.6,706.9,2.35
1573,12-02-2020 08:00:00,707.6,706.9,2.38
1574,12-02-2020 08:30:00,707.3,706.5,2.36
1575,12-02-2020 09:00:00,707.2,706,2.35
1576,12-02-2020 09:30:00,707,706.1,2.31
1577,12-02-2020 10:00:00,708.1,707.3,2.32
1578,12-02-2020 10:30:00,709,708.2,2.3
1579,12-02-2020 11:00:00,711.2,710.3,2.29
1580,12-02-2020 11:30:00,714.6,713.3,2.3
1581,12-02-2020 12:00:00,718.4,717.5,2.37
1582,12-02-2020 12:30:00,719.9,719.2,2.36
1583,12-02-2020 13:00:00,722.4,721.3,2.38
1584,12-02-2020 13:30:00,725.8,725.1,2.43
1585,12-02-2020 14:00:00,727.9,727.2,2.47
1586,12-02-2020 14:30:00,729.2,728.5,2.44
1587,12-02-2020 15:00:00,729.5,728.5,2.41
1588,12-02-2020 15:30:00,729.6,728.6,2.33
1589,12-02-2020 16:00:00,728.6,727.8,2.3
1590,12-02-2020 16:30:00,725.4,724.4,2.25
1591,12-02-2020 17:00:00,719.1,718,2.2
1592,12-02-2020 17:30:00,712.7,711.7,2.13
1593,12-02-2020 18:00:00,701.8,700.8,2.03
1594,12-02-2020 18:30:00,690.8,690.2,1.97
1595,12-02-2020 19:00:00,687.2,686.4,1.94
1596,12-02-2020 19:30:00,686,685.5,1.92
1597,12-02-2020 20:00:00,684.5,683.9,1.87
1598,12-02-2020 20:30:00,682.1,681.8,1.88
1599,12-02-2020 21:00:00,682.1,681.3,1.94
1600,12-02-2020 21:30:00,683.4,682.9,2.01
1601,12-02-2020 22:00:00,682.9,681.7,2.03
1602,12-02-2020 22:30:00,683.4,682.9,2.08
1603,12-02-2020 23:00:00,684.1,683.2,2.19
1604,12-02-2020 23:30:00,682.1,681.5,2.24
1605,12-03-2020 00:00:00,682.6,681.9,2.32
1606,12-03-2020 00:30:00,679.3,679.2,2.47
1607,12-03-2020 01:00:00,678.8,678.2,2.64
1608,12-03-2020 01:30:00,676.8,676.1,2.74
1609,12-03-2020 02:00:00,676.3,675.6,2.76
1610,12-03-2020 02:30:00,675,674.8,2.76
1611,12-03-2020 03:00:00,673.5,673.1,2.75
1612,12-03-2020 03:30:00,669,668.5,2.7
1613,12-03-2020 04:00:00,662,661.8,2.58
1614,12-03-2020 04:30:00,654.8,654.2,2.44
1615,12-03-2020 05:00:00,649.5,649.2,2.4
1616,12-03-2020 05:30:00,646.4,646.2,2.38
1617,12-03-2020 06:00:00,643.4,643.4,2.27
1618,12-03-2020 06:30:00,641.9,641.3,2.24
1619,12-03-2020 07:00:00,642,641.3,2.24
1620,12-03-2020 07:30:00,642.9,642.1,2.25
1621,12-03-2020 08:00:00,644.6,644.3,2.18
1622,12-03-2020 08:30:00,646.9,646.4,2.22
1623,12-03-2020 09:00:00,651.2,653.1,2.26
1624,12-03-2020 09:30:00,659.2,660.3,2.27
1625,12-03-2020 10:00:00,664.7,665.8,2.3
1626,12-03-2020 10:30:00,667.7,667.5,2.3
1627,12-03-2020 11:00:00,671.6,671.3,2.32
1628,12-03-2020 11:30:00,675.3,674.6,2.35
1629,12-03-2020 12:00:00,682.8,681.8,2.44
1630,12-03-2020 12:30:00,694.7,694,2.52
1631,12-03-2020 13:00:00,702.5,701.6,2.57
1632,12-03-2020 13:30:00,708.1,707.1,2.66
1633,12-03-2020 14:00:00,710.3,709.6,2.72
1634,12-03-2020 14:30:00,710.1,709.1,2.76
1635,12-03-2020 15:00:00,709,708.3,2.8
1636,12-03-2020 15:30:00,711.9,710.8,2.81
1637,12-03-2020 16:00:00,713.3,712.9,2.85
1638,12-03-2020 16:30:00,713.5,712.9,2.87
1639,12-03-2020 17:00:00,721.5,721.8,2.88
1640,12-03-2020 17:30:00,708.1,706.9,2.86
1641,12-03-2020 18:00:00,706.5,705.7,2.86
1642,12-03-2020 18:30:00,706.5,705.7,2.85
1643,12-03-2020 19:00:00,706.4,705.7,2.85
1644,12-03-2020 19:30:00,705.8,705.2,2.85
1645,12-03-2020 20:00:00,707.3,706.5,2.88
1646,12-03-2020 20:30:00,708.2,707.3,2.88
1647,12-03-2020 21:00:00,708,708.2,2.92
1648,12-03-2020 21:30:00,708.7,708.6,2.94
1649,12-03-2020 22:00:00,709,709,2.97
1650,12-03-2020 22:30:00,712,711.9,3.02
1651,12-03-2020 23:00:00,712.9,712.8,3.03
1652,12-03-2020 23:30:00,712.4,712.7,3.08
1653,12-04-2020 00:00:00,714.3,713.9,3.14
1654,12-04-2020 00:30:00,717.5,717.3,3.16
1655,12-04-2020 01:00:00,720.1,719.8,3.24
1656,12-04-2020 01:30:00,722.3,723.6,3.32
1657,12-04-2020 02:00:00,725.6,726.5,3.35
1658,12-04-2020 02:30:00,724.6,726.9,3.36
1659,12-04-2020 03:00:00,723.2,725.7,3.35
1660,12-04-2020 03:30:00,723.1,725.2,3.37
1661,12-04-2020 04:00:00,722.8,725.2,3.44
1662,12-04-2020 04:30:00,719.5,721.8,3.45
1663,12-04-2020 05:00:00,720.4,722.6,3.49
1664,12-04-2020 05:30:00,725.1,724.2,3.55
1665,12-04-2020 06:00:00,724.9,724.2,3.58
1666,12-04-2020 06:30:00,725.2,724.2,3.58
1667,12-04-2020 07:00:00,728.1,727.6,3.63
1668,12-04-2020 07:30:00,729.7,728.9,3.64
1669,12-04-2020 08:00:00,728.6,727.6,3.59
1670,12-04-2020 08:30:00,727,726,3.54
1671,12-04-2020 09:00:00,729.3,728.4,3.61
1672,12-04-2020 09:30:00,728.5,727.6,3.61
1673,12-04-2020 10:00:00,719.4,718.8,3.5
1674,12-04-2020 10:30:00,712.7,712,3.43
1675,12-04-2020 11:00:00,714.8,714.1,3.49
1676,12-04-2020 11:30:00,713.2,712.4,3.52
1677,12-04-2020 12:00:00,715,714,3.64
1678,12-04-2020 12:30:00,721.3,720.7,3.73
1679,12-04-2020 13:00:00,727.9,727.4,3.82
1680,12-04-2020 13:30:00,728.6,727.4,3.86
1681,12-04-2020 14:00:00,730.6,729.4,3.98
1682,12-04-2020 14:30:00,731.3,730.2,4.06
1683,12-04-2020 15:00:00,730.5,729.8,4.08
1684,12-04-2020 15:30:00,731.1,729.8,4.05
1685,12-04-2020 16:00:00,732.2,731.1,4.04
1686,12-04-2020 16:30:00,732.9,732.4,4.03
1687,12-04-2020 17:00:00,732.5,732,4
1688,12-04-2020 17:30:00,731.9,731.1,3.98
1689,12-04-2020 18:00:00,730.7,729.5,3.94
1690,12-04-2020 18:30:00,729.4,728.7,3.89
1691,12-04-2020 19:00:00,729.7,728.7,3.82
1692,12-04-2020 19:30:00,729.6,728.7,3.8
1693,12-04-2020 20:00:00,729.7,728.8,3.73
1694,12-04-2020 20:30:00,728.2,727.6,3.66
1695,12-04-2020 21:00:00,727.2,726.3,3.59
1696,12-04-2020 21:30:00,724.5,723.4,3.5
1697,12-04-2020 22:00:00,721.4,720.5,3.43
1698,12-04-2020 22:30:00,719.1,718.4,3.39
1699,12-04-2020 23:00:00,718.1,717.1,3.41
1700,12-04-2020 23:30:00,718.5,717.5,3.48
1701,12-05-2020 00:00:00,719.9,718.7,3.6
1702,12-05-2020 00:30:00,721.7,720.8,3.66
1703,12-05-2020 01:00:00,719.9,719.1,3.61
1704,12-05-2020 01:30:00,722.1,721.2,3.67
1705,12-05-2020 02:00:00,723.6,722.8,3.72
1706,12-05-2020 02:30:00,725.2,725,3.66
1707,12-05-2020 03:00:00,724.1,723.3,3.73
1708,12-05-2020 03:30:00,721.2,720,3.61
1709,12-05-2020 04:00:00,719.9,719,3.69
1710,12-05-2020 04:30:00,720.2,719.1,3.64
1711,12-05-2020 05:00:00,719.8,718.2,3.65
1712,12-05-2020 05:30:00,720.1,719,3.69
1713,12-05-2020 06:00:00,723.2,722,3.72
1714,12-05-2020 06:30:00,724.9,724.1,3.71
1715,12-05-2020 07:00:00,725.7,724.5,3.72
1716,12-05-2020 07:30:00,727.8,727.1,3.77
1717,12-05-2020 08:00:00,731.2,730,3.76
1718,12-05-2020 08:30:00,731.5,730.1,3.72
1719,12-05-2020 09:00:00,739.5,738.1,3.78
1720,12-05-2020 09:30:00,742.3,741.1,3.73
1721,12-05-2020 10:00:00,746.4,745.3,3.83
1722,12-05-2020 10:30:00,749.4,747.8,3.82
1723,12-05-2020 11:00:00,753.2,752.1,3.86
1724,12-05-2020 11:30:00,756.4,755,3.87
1725,12-05-2020 12:00:00,756.7,755.5,3.86
1726,12-05-2020 12:30:00,757.6,756.3,3.82
1727,12-05-2020 13:00:00,759.4,758.5,3.83
1728,12-05-2020 13:30:00,755,754.3,3.7
1729,12-05-2020 14:00:00,753.6,752.6,3.72
1730,12-05-2020 14:30:00,748.6,747.5,3.66
1731,12-05-2020 15:00:00,743.7,742.4,3.69
1732,12-05-2020 15:30:00,751.6,751,3.64
1733,12-05-2020 16:00:00,749.2,748,3.56
1734,12-05-2020 16:30:00,747.6,746.4,3.45
1735,12-05-2020 17:00:00,737.3,736.3,3.32
1736,12-05-2020 17:30:00,725.5,724.5,3.24
1737,12-05-2020 18:00:00,713.4,712.3,3.09
1738,12-05-2020 18:30:00,706.4,705.5,3.03
1739,12-05-2020 19:00:00,703,702.2,2.94
1740,12-05-2020 19:30:00,701.6,701.4,2.92
1741,12-05-2020 20:00:00,701.3,700.6,2.85
1742,12-05-2020 20:30:00,698.7,697.7,2.77
1743,12-05-2020 21:00:00,696.2,695.6,2.71
1744,12-05-2020 21:30:00,694.6,693.9,2.68
1745,12-05-2020 22:00:00,694,693.1,2.65
1746,12-05-2020 22:30:00,693.9,693.1,2.65
1747,12-05-2020 23:00:00,694.2,693.1,2.68
1748,12-05-2020 23:30:00,695.1,694.3,2.71
1749,12-06-2020 00:00:00,696.2,695.6,2.74
1750,12-06-2020 00:30:00,697.8,697.2,2.78
1751,12-06-2020 01:00:00,699.2,698.5,2.82
1752,12-06-2020 01:30:00,700.6,699.7,2.87
1753,12-06-2020 02:00:00,702.7,701.8,2.96
1754,12-06-2020 02:30:00,703.8,703,2.99
1755,12-06-2020 03:00:00,704.9,703.8,3.07
1756,12-06-2020 03:30:00,706.2,705,3.14
1757,12-06-2020 04:00:00,706,705,3.19
1758,12-06-2020 04:30:00,704.7,703.7,3.24
1759,12-06-2020 05:00:00,701.4,700.7,3.26
1760,12-06-2020 05:30:00,697.7,697.3,3.26
1761,12-06-2020 06:00:00,696.1,695.2,3.27
1762,12-06-2020 06:30:00,694.9,693.9,3.3
1763,12-06-2020 07:00:00,691.1,690.5,3.28
1764,12-06-2020 07:30:00,687.2,686.7,3.25
1765,12-06-2020 08:00:00,682.9,682.1,3.21
1766,12-06-2020 08:30:00,679.8,678.7,3.2
1767,12-06-2020 09:00:00,677.9,677.4,3.19
1768,12-06-2020 09:30:00,677.1,676.2,3.17
1769,12-06-2020 10:00:00,680.5,680,3.17
1770,12-06-2020 10:30:00,680.5,679.6,3.19
1771,12-06-2020 11:00:00,682.6,682.1,3.2
1772,12-06-2020 11:30:00,686.4,685.4,3.28
1773,12-06-2020 12:00:00,693.1,692.1,3.36
1774,12-06-2020 12:30:00,699.1,698.5,3.41
1775,12-06-2020 13:00:00,704.2,703.1,3.45
1776,12-06-2020 13:30:00,706.4,705.6,3.54
1777,12-06-2020 14:00:00,712,711,3.69
1778,12-06-2020 14:30:00,716.6,716,3.82
1779,12-06-2020 15:00:00,719.9,718.9,3.84
1780,12-06-2020 15:30:00,726.9,725.8,3.78
1781,12-06-2020 16:00:00,733.4,732.6,3.8
1782,12-06-2020 16:30:00,732.3,731.3,3.81
1783,12-06-2020 17:00:00,729.5,728.7,3.81
1784,12-06-2020 17:30:00,725.9,725.3,3.78
1785,12-06-2020 18:00:00,723.8,722.8,3.76
1786,12-06-2020 18:30:00,722.4,721.2,3.7
1787,12-06-2020 19:00:00,722.8,722,3.66
1788,12-06-2020 19:30:00,725.8,724.6,3.61
1789,12-06-2020 20:00:00,726.3,725.5,3.59
1790,12-06-2020 20:30:00,726.1,725.1,3.55
1791,12-06-2020 21:00:00,725.7,724.7,3.56
1792,12-06-2020 21:30:00,724.7,723.8,3.54
1793,12-06-2020 22:00:00,723.9,723,3.53
1794,12-06-2020 22:30:00,723.4,722.6,3.53
1795,12-06-2020 23:00:00,723.4,722.5,3.55
1796,12-06-2020 23:30:00,723.6,722.5,3.59
1797,12-07-2020 00:00:00,725.8,725,3.63
1798,12-07-2020 00:30:00,727.2,726.3,3.64
1799,12-07-2020 01:00:00,728.7,727.6,3.66
1800,12-07-2020 01:30:00,729.5,728.8,3.71
1801,12-07-2020 02:00:00,729.7,728.8,3.72
1802,12-07-2020 02:30:00,730.2,729.2,3.76
1803,12-07-2020 03:00:00,730.1,729.2,3.77
1804,12-07-2020 03:30:00,729,727.9,3.77
1805,12-07-2020 04:00:00,727.6,726.6,3.76
1806,12-07-2020 04:30:00,726.4,725.4,3.77
1807,12-07-2020 05:00:00,726.2,725.3,3.8
1808,12-07-2020 05:30:00,726.5,725.3,3.83
1809,12-07-2020 06:00:00,726.6,725.3,3.87
1810,12-07-2020 06:30:00,725.9,725.3,3.89
1811,12-07-2020 07:00:00,726.2,725.3,3.91
1812,12-07-2020 07:30:00,725.6,725.3,3.89
1813,12-07-2020 08:00:00,725.9,725.2,3.93
1814,12-07-2020 08:30:00,725.7,724.8,3.97
1815,12-07-2020 09:00:00,724.4,723.9,3.98
1816,12-07-2020 09:30:00,725,723.9,3.99
1817,12-07-2020 10:00:00,723.5,722.6,3.98
1818,12-07-2020 10:30:00,723.9,723,4.01
1819,12-07-2020 11:00:00,723.7,723,4.04
1820,12-07-2020 11:30:00,723,721.8,3.99
1821,12-07-2020 12:00:00,721.4,720.6,3.93
1822,12-07-2020 12:30:00,720.2,719.3,3.92
1823,12-07-2020 13:00:00,720.3,719.3,3.91
1824,12-07-2020 13:30:00,720.1,719.3,3.92
1825,12-07-2020 14:00:00,720.4,719.3,3.93
1826,12-07-2020 14:30:00,721,719.7,3.95
1827,12-07-2020 15:00:00,720.9,719.7,3.97
1828,12-07-2020 15:30:00,721.1,719.7,3.98
1829,12-07-2020 16:00:00,721.5,720.5,3.99
1830,12-07-2020 16:30:00,722.9,721.8,4
1831,12-07-2020 17:00:00,724.8,723.9,3.98
1832,12-07-2020 17:30:00,725.9,724.8,3.94
1833,12-07-2020 18:00:00,726.7,726.1,3.93
1834,12-07-2020 18:30:00,727.4,726.1,3.97
1835,12-07-2020 19:00:00,731.1,729.9,3.99
1836,12-07-2020 19:30:00,732.6,731.2,3.94
1837,12-07-2020 20:00:00,731,730,3.86
1838,12-07-2020 20:30:00,727.9,727,3.8
1839,12-07-2020 21:00:00,723.6,722.4,3.76
1840,12-07-2020 21:30:00,721.7,720.7,3.72
1841,12-07-2020 22:00:00,721.2,719.9,3.72
1842,12-07-2020 22:30:00,721.7,720.7,3.73
1843,12-07-2020 23:00:00,722.2,721.1,3.72
1844,12-07-2020 23:30:00,722.6,722,3.72
1845,12-08-2020 00:00:00,722.4,721.6,3.72
1846,12-08-2020 00:30:00,722.8,722,3.72
1847,12-08-2020 01:00:00,723.6,722.4,3.73
1848,12-08-2020 01:30:00,726.6,725.8,3.76
1849,12-08-2020 02:00:00,726.7,725.8,3.75
1850,12-08-2020 02:30:00,727.1,726.2,3.75
1851,12-08-2020 03:00:00,727.6,726.6,3.76
1852,12-08-2020 03:30:00,728.1,727,3.78
1853,12-08-2020 04:00:00,729.1,727.9,3.83
1854,12-08-2020 04:30:00,731.4,730.4,3.88
1855,12-08-2020 05:00:00,735.6,734.6,3.89
1856,12-08-2020 05:30:00,737,735.9,3.89
1857,12-08-2020 06:00:00,738.7,738,3.94
1858,12-08-2020 06:30:00,740.5,739.7,3.94
1859,12-08-2020 07:00:00,744.5,743.8,4.03
1860,12-08-2020 07:30:00,751,749.7,4.1
1861,12-08-2020 08:00:00,757.9,756.5,4.14
1862,12-08-2020 08:30:00,762.1,760.7,4.17
1863,12-08-2020 09:00:00,763.8,762.9,4.15
1864,12-08-2020 09:30:00,762.8,761.6,4.12
1865,12-08-2020 10:00:00,761.3,759.9,4.12
1866,12-08-2020 10:30:00,756.4,755.3,4.05
1867,12-08-2020 11:00:00,752.5,751.5,4.05
1868,12-08-2020 11:30:00,751.3,750.2,4.03
1869,12-08-2020 12:00:00,751.2,749.8,4.08
1870,12-08-2020 12:30:00,750.7,749.8,4.08
1871,12-08-2020 13:00:00,749.5,748.5,4.05
1872,12-08-2020 13:30:00,747.2,746,4.04
1873,12-08-2020 14:00:00,745.4,744.3,4.05
1874,12-08-2020 14:30:00,743.6,742.6,4.03
1875,12-08-2020 15:00:00,742.6,741.7,4.01
1876,12-08-2020 15:30:00,741.2,740.5,4
1877,12-08-2020 16:00:00,739.6,738.4,3.98
1878,12-08-2020 16:30:00,738.2,737.1,3.98
1879,12-08-2020 17:00:00,737.1,735.8,3.97
1880,12-08-2020 17:30:00,736.7,735.4,3.95
1881,12-08-2020 18:00:00,736.2,734.6,3.92
1882,12-08-2020 18:30:00,735,733.7,3.91
1883,12-08-2020 19:00:00,733.6,732.5,3.88
1884,12-08-2020 19:30:00,729.3,729.5,3.86
1885,12-08-2020 20:00:00,727.8,728.3,3.86
1886,12-08-2020 20:30:00,727,727.4,3.83
1887,12-08-2020 21:00:00,726.8,727,3.82
1888,12-08-2020 21:30:00,727.3,727.4,3.82
1889,12-08-2020 22:00:00,727.6,727.5,3.8
1890,12-08-2020 22:30:00,727.9,727.1,3.75
1891,12-08-2020 23:00:00,727.4,726.7,3.73
1892,12-08-2020 23:30:00,727.2,726.2,3.75
1893,12-09-2020 00:00:00,727.1,726.2,3.75
1894,12-09-2020 00:30:00,727.7,726.7,3.73
1895,12-09-2020 01:00:00,728.7,727.9,3.75
1896,12-09-2020 01:30:00,730.3,729.2,3.76
1897,12-09-2020 02:00:00,731.4,730,3.75
1898,12-09-2020 02:30:00,731.9,730.9,3.75
1899,12-09-2020 03:00:00,732.4,731.3,3.76
1900,12-09-2020 03:30:00,732.6,731.3,3.75
1901,12-09-2020 04:00:00,732.2,730.9,3.73
1902,12-09-2020 04:30:00,731.5,730.1,3.71
1903,12-09-2020 05:00:00,730,728.8,3.69
1904,12-09-2020 05:30:00,725.9,724.6,3.63
1905,12-09-2020 06:00:00,722.6,721.7,3.59
1906,12-09-2020 06:30:00,720.1,719.1,3.56
1907,12-09-2020 07:00:00,718.3,717.5,3.54
1908,12-09-2020 07:30:00,717.2,716.2,3.54
1909,12-09-2020 08:00:00,716,714.9,3.53
1910,12-09-2020 08:30:00,715.2,713.7,3.53
1911,12-09-2020 09:00:00,714.7,713.7,3.5
1912,12-09-2020 09:30:00,716.1,714.9,3.5
1913,12-09-2020 10:00:00,715.8,714.5,3.49
1914,12-09-2020 10:30:00,717.2,716.2,3.5
1915,12-09-2020 11:00:00,718.5,717.5,3.54
1916,12-09-2020 11:30:00,720.5,719.1,3.64
1917,12-09-2020 12:00:00,722.5,721.5,3.76
1918,12-09-2020 12:30:00,726.1,724.9,3.83
1919,12-09-2020 13:00:00,730,728.6,3.97
1920,12-09-2020 13:30:00,732.4,731.1,4.06
1921,12-09-2020 14:00:00,735,734,4.16
1922,12-09-2020 14:30:00,738.1,736.9,4.25
1923,12-09-2020 15:00:00,741.3,740.2,4.33
1924,12-09-2020 15:30:00,742.1,741.1,4.28
1925,12-09-2020 16:00:00,743.6,742.8,4.32
1926,12-09-2020 16:30:00,745.2,743.6,4.32
1927,12-09-2020 17:00:00,747,746.2,4.33
1928,12-09-2020 17:30:00,746.7,744.9,4.28
1929,12-09-2020 18:00:00,746.1,744.9,4.26
1930,12-09-2020 18:30:00,744.8,743.7,4.21
1931,12-09-2020 19:00:00,744.1,742.9,4.19
1932,12-09-2020 19:30:00,742.9,741.6,4.15
1933,12-09-2020 20:00:00,741.1,740,4.09
1934,12-09-2020 20:30:00,739.5,738.3,4.01
1935,12-09-2020 21:00:00,737.4,735.8,3.99
1936,12-09-2020 21:30:00,733.4,732.4,3.94
1937,12-09-2020 22:00:00,729.8,728.6,3.92
1938,12-09-2020 22:30:00,725.1,724,3.92
1939,12-09-2020 23:00:00,723,721.8,3.94
1940,12-09-2020 23:30:00,722.6,721.8,3.94
1941,12-10-2020 00:00:00,722.8,721.8,3.95
1942,12-10-2020 00:30:00,722.8,721.8,3.98
1943,12-10-2020 01:00:00,723.7,722.6,4.04
1944,12-10-2020 01:30:00,726.1,725.1,4.1
1945,12-10-2020 02:00:00,728.9,728,4.16
1946,12-10-2020 02:30:00,732.3,730.9,4.23
1947,12-10-2020 03:00:00,734.9,733.5,4.26
1948,12-10-2020 03:30:00,736.2,735.2,4.28
1949,12-10-2020 04:00:00,737.7,736.4,4.3
1950,12-10-2020 04:30:00,737.7,736.9,4.28
1951,12-10-2020 05:00:00,738,736.8,4.3
1952,12-10-2020 05:30:00,737.4,736,4.26
1953,12-10-2020 06:00:00,736.6,735.6,4.27
1954,12-10-2020 06:30:00,735.3,734.3,4.23
1955,12-10-2020 07:00:00,734.3,733.1,4.25
1956,12-10-2020 07:30:00,733.5,732.2,4.22
1957,12-10-2020 08:00:00,733.1,732.2,4.22
1958,12-10-2020 08:30:00,732.7,731.4,4.21
1959,12-10-2020 09:00:00,733.5,732.3,4.19
1960,12-10-2020 09:30:00,733.4,732.3,4.16
1961,12-10-2020 10:00:00,732.8,731.5,4.12
1962,12-10-2020 10:30:00,732.4,731,4.14
1963,12-10-2020 11:00:00,732,730.6,4.17
1964,12-10-2020 11:30:00,733.7,732.6,4.3
1965,12-10-2020 12:00:00,737.5,736.7,4.48
1966,12-10-2020 12:30:00,744.2,743,4.59
1967,12-10-2020 13:00:00,750.6,749.3,4.72
1968,12-10-2020 13:30:00,754.9,754.3,4.77
1969,12-10-2020 14:00:00,759.6,758.5,4.83
1970,12-10-2020 14:30:00,769.1,768.3,4.88
1971,12-10-2020 15:00:00,769.7,768.7,4.87
1972,12-10-2020 15:30:00,769.1,767.5,4.81
1973,12-10-2020 16:00:00,768.3,767.1,4.77
1974,12-10-2020 16:30:00,767.3,766.2,4.81
1975,12-10-2020 17:00:00,764.7,763.7,4.77
1976,12-10-2020 17:30:00,760.7,759.9,4.75
1977,12-10-2020 18:00:00,752.4,751.5,4.62
1978,12-10-2020 18:30:00,743.3,742.6,4.56
1979,12-10-2020 19:00:00,739.8,738.8,4.51
1980,12-10-2020 19:30:00,737.6,736.7,4.44
1981,12-10-2020 20:00:00,734.6,733.8,4.34
1982,12-10-2020 20:30:00,731.3,729.6,4.27
1983,12-10-2020 21:00:00,728.3,727.6,4.17
1984,12-10-2020 21:30:00,725.9,724.7,4.1
1985,12-10-2020 22:00:00,723.1,722.2,4.04
1986,12-10-2020 22:30:00,720.1,719.2,3.99
1987,12-10-2020 23:00:00,718.7,717.5,4
1988,12-10-2020 23:30:00,718.5,718,4.01
1989,12-11-2020 00:00:00,722.1,721.3,4.04
1990,12-11-2020 00:30:00,727.5,726.4,4.11
1991,12-11-2020 01:00:00,730.1,729.3,4.16
1992,12-11-2020 01:30:00,732.4,731,4.22
1993,12-11-2020 02:00:00,733.3,732.2,4.25
1994,12-11-2020 02:30:00,734.6,733,4.28
1995,12-11-2020 03:00:00,737.1,736.4,4.33
1996,12-11-2020 03:30:00,738.8,738.1,4.36
1997,12-11-2020 04:00:00,740.8,739.3,4.42
1998,12-11-2020 04:30:00,742.9,741.8,4.47
1999,12-11-2020 05:00:00,745.2,743.9,4.53
2000,12-11-2020 05:30:00,746.4,745.1,4.54
2001,12-11-2020 06:00:00,746.2,745.1,4.55
2002,12-11-2020 06:30:00,745.7,744.7,4.6
2003,12-11-2020 07:00:00,745.6,744.6,4.64
2004,12-11-2020 07:30:00,746.1,745,4.67
2005,12-11-2020 08:00:00,747,745.9,4.72
2006,12-11-2020 08:30:00,749.3,748.4,4.77
2007,12-11-2020 09:00:00,752,750.5,4.79
2008,12-11-2020 09:30:00,755.3,754.3,4.82
2009,12-11-2020 10:00:00,756,755.1,4.84
2010,12-11-2020 10:30:00,757.4,756.4,4.86
2011,12-11-2020 11:00:00,758.7,757.6,4.86
2012,12-11-2020 11:30:00,759.3,758.5,4.86
2013,12-11-2020 12:00:00,759.1,758.1,4.86
2014,12-11-2020 12:30:00,758.1,757.2,4.84
2015,12-11-2020 13:00:00,754.8,756,4.83
2016,12-11-2020 13:30:00,756.1,755.1,4.82
2017,12-11-2020 14:00:00,756.1,755.1,4.81
2018,12-11-2020 14:30:00,755.5,754.3,4.79
2019,12-11-2020 15:00:00,754.1,753.1,4.73
2020,12-11-2020 15:30:00,752.3,751.4,4.68
2021,12-11-2020 16:00:00,750.1,749.3,4.65
2022,12-11-2020 16:30:00,747.4,746,4.59
2023,12-11-2020 17:00:00,743,741.8,4.5
2024,12-11-2020 17:30:00,738.6,737.6,4.39
2025,12-11-2020 18:00:00,735.3,734.3,4.28
2026,12-11-2020 18:30:00,730.8,729.3,4.17
2027,12-11-2020 19:00:00,728.4,727.2,4.11
2028,12-11-2020 19:30:00,728.6,727.7,4.08
2029,12-11-2020 20:00:00,731.7,730.7,4.01
2030,12-11-2020 20:30:00,730.2,729.1,3.88
2031,12-11-2020 21:00:00,719.4,718.2,3.75
2032,12-11-2020 21:30:00,710.3,709.3,3.66
2033,12-11-2020 22:00:00,701.2,700.5,3.58
2034,12-11-2020 22:30:00,693.6,692.9,3.54
2035,12-11-2020 23:00:00,689.5,688.3,3.45
2036,12-11-2020 23:30:00,681.9,681.1,3.36
2037,12-12-2020 00:00:00,674.8,674,3.28
2038,12-12-2020 00:30:00,668.3,667.3,3.2
2039,12-12-2020 01:00:00,662.5,661.8,3.1
2040,12-12-2020 01:30:00,656.8,656,3.02
2041,12-12-2020 02:00:00,652.5,651.8,2.97
2042,12-12-2020 02:30:00,650.3,649.7,2.92
2043,12-12-2020 03:00:00,648.6,648,2.86
2044,12-12-2020 03:30:00,647.6,647.2,2.82
2045,12-12-2020 04:00:00,646.5,646.4,2.77
2046,12-12-2020 04:30:00,646.5,646,2.76
2047,12-12-2020 05:00:00,646.9,646.4,2.72
2048,12-12-2020 05:30:00,647.1,646.5,2.68
2049,12-12-2020 06:00:00,647.7,646.9,2.63
2050,12-12-2020 06:30:00,648.5,647.8,2.55
2051,12-12-2020 07:00:00,651.5,651.7,2.48
2052,12-12-2020 07:30:00,651.3,651.3,2.42
2053,12-12-2020 08:00:00,652.2,651.8,2.36
2054,12-12-2020 08:30:00,652,651.4,2.29
2055,12-12-2020 09:00:00,651.2,650.6,2.2
2056,12-12-2020 09:30:00,650.3,649.8,2.13
2057,12-12-2020 10:00:00,649,648.2,2.05
2058,12-12-2020 10:30:00,647.6,648.2,1.94
2059,12-12-2020 11:00:00,645.5,644.9,1.85
2060,12-12-2020 11:30:00,645.3,644.9,1.81
2061,12-12-2020 12:00:00,646.8,646.2,1.79
2062,12-12-2020 12:30:00,649.3,648.4,1.75
2063,12-12-2020 13:00:00,653.7,653.1,1.68
2064,12-12-2020 13:30:00,660.3,659.5,1.63
2065,12-12-2020 14:00:00,666.7,665.9,1.58
2066,12-12-2020 14:30:00,672.4,672.2,1.58
2067,12-12-2020 15:00:00,679,678.6,1.62
2068,12-12-2020 15:30:00,684.7,684.5,1.63
2069,12-12-2020 16:00:00,688.1,687.5,1.6
2070,12-12-2020 16:30:00,690.7,690,1.58
2071,12-12-2020 17:00:00,692.5,691.8,1.54
2072,12-12-2020 17:30:00,692.6,691.8,1.53
2073,12-12-2020 18:00:00,693,692.6,1.51
2074,12-12-2020 18:30:00,693.4,692.7,1.48
2075,12-12-2020 19:00:00,693.4,692.7,1.47
2076,12-12-2020 19:30:00,692.5,692.7,1.46
2077,12-12-2020 20:00:00,691.2,691,1.42
2078,12-12-2020 20:30:00,688.6,688.1,1.37
2079,12-12-2020 21:00:00,685.6,685.6,1.31
2080,12-12-2020 21:30:00,685.6,685.6,1.27
2081,12-12-2020 22:00:00,688.1,687.7,1.25
2082,12-12-2020 22:30:00,689.8,689.4,1.23
2083,12-12-2020 23:00:00,691.3,690.7,1.23
2084,12-12-2020 23:30:00,692.5,692,1.23
2085,12-13-2020 00:00:00,694.2,693.7,1.21
2086,12-13-2020 00:30:00,696.6,696.2,1.23
2087,12-13-2020 01:00:00,705.5,704.7,1.25
2088,12-13-2020 01:30:00,717.7,716.6,1.3
2089,12-13-2020 02:00:00,740.7,740,1.37
2090,12-13-2020 02:30:00,771.9,771,1.45
2091,12-13-2020 03:00:00,801.5,800,1.49
2092,12-13-2020 03:30:00,816.5,815.4,1.51
2093,12-13-2020 04:00:00,825.7,824,1.52
2094,12-13-2020 04:30:00,827.3,826.1,1.49
2095,12-13-2020 05:00:00,826.4,824.9,1.45
2096,12-13-2020 05:30:00,824.3,822.8,1.4
2097,12-13-2020 06:00:00,819.1,818.1,1.38
2098,12-13-2020 06:30:00,815.2,813.4,1.38
2099,12-13-2020 07:00:00,807,805.7,1.38
2100,12-13-2020 07:30:00,803.6,802.2,1.45
2101,12-13-2020 08:00:00,804.7,803.3,1.63
2102,12-13-2020 08:30:00,807.3,806.2,1.8
2103,12-13-2020 09:00:00,817.4,816,1.88
2104,12-13-2020 09:30:00,844,843.3,1.91
2105,12-13-2020 10:00:00,882.1,881.1,1.86
2106,12-13-2020 10:30:00,916.9,916.8,1.82
2107,12-13-2020 11:00:00,945.5,945.3,1.79
2108,12-13-2020 11:30:00,969.9,969.8,1.82
2109,12-13-2020 12:00:00,995.6,995.7,1.87
2110,12-13-2020 12:30:00,1022.7,1022.5,1.93
2111,12-13-2020 13:00:00,1027.9,1027.7,1.88
2112,12-13-2020 13:30:00,1062,1061.9,1.88
2113,12-13-2020 14:00:00,1109.9,1110.1,1.88
2114,12-13-2020 14:30:00,1185.8,1185.8,1.97
2115,12-13-2020 15:00:00,1189,1189.4,1.82
2116,12-13-2020 15:30:00,1258.2,1258,1.82
2117,12-13-2020 16:00:00,1289,1289.1,1.82
2118,12-13-2020 16:30:00,1359.6,1359.9,1.79
2119,12-13-2020 17:00:00,1380.1,1380.2,1.73
2120,12-13-2020 17:30:00,1457.4,1459.5,1.73
2121,12-13-2020 18:00:00,1442.7,1444.5,1.73
2122,12-13-2020 18:30:00,1475.6,1477.6,1.7
2123,12-13-2020 19:00:00,1453.3,1455.7,1.58
2124,12-13-2020 19:30:00,1437.2,1439.1,1.51
2125,12-13-2020 20:00:00,1424.3,1425.3,1.55
2126,12-13-2020 20:30:00,1352,1352.4,1.47
2127,12-13-2020 21:00:00,1336.2,1336.6,1.45
2128,12-13-2020 21:30:00,1298.5,1298.9,1.4
2129,12-13-2020 22:00:00,1267.8,1267.8,1.37
2130,12-13-2020 22:30:00,1235.6,1235.5,1.36
2131,12-13-2020 23:00:00,1220.3,1220.1,1.37
2132,12-13-2020 23:30:00,1202.1,1201.8,1.38
2133,12-14-2020 00:00:00,1215,1214.4,1.46
2134,12-14-2020 00:30:00,1250.4,1250.1,1.57
2135,12-14-2020 01:00:00,1232.9,1232.6,1.52
2136,12-14-2020 01:30:00,1235.1,1235.1,1.6
2137,12-14-2020 02:00:00,1218.2,1218.3,1.48
2138,12-14-2020 02:30:00,1215.4,1215.1,1.54
2139,12-14-2020 03:00:00,1172.1,1171.5,1.55
2140,12-14-2020 03:30:00,1134.1,1133.6,1.51
2141,12-14-2020 04:00:00,1082.4,1082.4,1.45
2142,12-14-2020 04:30:00,1028.6,1027.7,1.48
2143,12-14-2020 05:00:00,1049.2,1048.4,1.57
2144,12-14-2020 05:30:00,1038.7,1038,1.55
2145,12-14-2020 06:00:00,1129.3,1128.6,1.7
2146,12-14-2020 06:30:00,1175.1,1174.2,1.79
2147,12-14-2020 07:00:00,1176.8,1176.4,1.79
2148,12-14-2020 07:30:00,1202.4,1202.1,1.81
2149,12-14-2020 08:00:00,1200.5,1199.9,1.85
2150,12-14-2020 08:30:00,1201.6,1201.2,1.82
2151,12-14-2020 09:00:00,1115.1,1114.7,1.66
2152,12-14-2020 09:30:00,1060.9,1060.5,1.63
2153,12-14-2020 10:00:00,1042.5,1041.8,1.64
2154,12-14-2020 10:30:00,1022.3,1021.4,1.68
2155,12-14-2020 11:00:00,993.6,993.4,1.58
2156,12-14-2020 11:30:00,950.4,949.8,1.59
2157,12-14-2020 12:00:00,943.2,942.4,1.65
2158,12-14-2020 12:30:00,938.6,937.7,1.63
2159,12-14-2020 13:00:00,960.2,959.2,1.73
2160,12-14-2020 13:30:00,953.6,953.1,1.79
2161,12-14-2020 14:00:00,924.5,924.1,1.84
2162,12-14-2020 14:30:00,929.1,928.5,1.81
2163,12-14-2020 15:00:00,915.4,914.3,1.81
2164,12-14-2020 15:30:00,917.8,917.3,1.8
2165,12-14-2020 16:00:00,917.1,916.5,1.76
2166,12-14-2020 16:30:00,911.1,909.6,1.71
2167,12-14-2020 17:00:00,901.4,899.4,1.64
2168,12-14-2020 17:30:00,894.9,893,1.55
2169,12-14-2020 18:00:00,890.6,888.4,1.48
2170,12-14-2020 18:30:00,877.7,876,1.35
2171,12-14-2020 19:00:00,873,871.3,1.3
2172,12-14-2020 19:30:00,908.8,907.7,1.48
2173,12-14-2020 20:00:00,925.1,924.4,1.54
2174,12-14-2020 20:30:00,963.8,963.5,1.65
2175,12-14-2020 21:00:00,1029.5,1029.1,1.82
2176,12-14-2020 21:30:00,1026.7,1026,1.9
2177,12-14-2020 22:00:00,1012.3,1011.4,1.76
2178,12-14-2020 22:30:00,1016.7,1016.2,1.75
2179,12-14-2020 23:00:00,1010.1,1009.6,1.81
2180,12-14-2020 23:30:00,1002.8,1002.4,1.71
2181,12-15-2020 00:00:00,996.4,996.6,1.81
2182,12-15-2020 00:30:00,977.5,976.9,1.66
2183,12-15-2020 01:00:00,968.7,969.1,1.69
2184,12-15-2020 01:30:00,951.9,951.6,1.55
2185,12-15-2020 02:00:00,946.4,946,1.53
2186,12-15-2020 02:30:00,939.2,939.1,1.54
2187,12-15-2020 03:00:00,922.8,922.4,1.43
2188,12-15-2020 03:30:00,917.9,917.2,1.47
2189,12-15-2020 04:00:00,921.8,921.6,1.4
2190,12-15-2020 04:30:00,905.8,905.2,1.36
2191,12-15-2020 05:00:00,897.9,897.1,1.32
2192,12-15-2020 05:30:00,883.5,883,1.2
2193,12-15-2020 06:00:00,879.2,878.6,1.3
2194,12-15-2020 06:30:00,870.9,869.7,1.2
2195,12-15-2020 07:00:00,862.6,862.4,1.17
2196,12-15-2020 07:30:00,845,843.6,1.15
2197,12-15-2020 08:00:00,822.3,821.9,0.97
2198,12-15-2020 08:30:00,844.7,844.1,1.08
2199,12-15-2020 09:00:00,861,859.5,1.1
2200,12-15-2020 09:30:00,857.3,856.9,1.09
2201,12-15-2020 10:00:00,858.5,859,1.18
2202,12-15-2020 10:30:00,860.8,860.3,1.13
2203,12-15-2020 11:00:00,875.7,874.9,1.18
2204,12-15-2020 11:30:00,899.3,897.6,1.3
2205,12-15-2020 12:00:00,906.3,905.7,1.32
2206,12-15-2020 12:30:00,907.9,907.8,1.35
2207,12-15-2020 13:00:00,916.9,915.6,1.37
2208,12-15-2020 13:30:00,916.6,917.3,1.36
