#,Date,Pressure,Temp
1,2020-03-03 14:00:00,97.628,3.683
2,2020-03-03 14:15:00,97.545,2.73
3,2020-03-03 14:30:00,97.594,2.624
4,2020-03-03 14:45:00,97.578,2.624
5,2020-03-03 15:00:00,97.578,2.624
6,2020-03-03 15:15:00,97.594,2.624
7,2020-03-03 15:30:00,97.594,2.624
8,2020-03-03 15:45:00,97.66,2.624
9,2020-03-03 16:00:00,97.659,2.517
10,2020-03-03 16:15:00,97.708,2.517
11,2020-03-03 16:30:00,97.757,2.41
12,2020-03-03 16:45:00,97.756,2.303
13,2020-03-03 17:00:00,97.805,2.303
14,2020-03-03 17:15:00,97.837,2.195
15,2020-03-03 17:30:00,97.87,2.195
16,2020-03-03 17:45:00,97.918,2.088
17,2020-03-03 18:00:00,97.885,1.98
18,2020-03-03 18:15:00,97.934,1.98
19,2020-03-03 18:30:00,97.933,1.872
20,2020-03-03 18:45:00,97.982,1.872
21,2020-03-03 19:00:00,97.965,1.764
22,2020-03-03 19:15:00,97.981,1.764
23,2020-03-03 19:30:00,97.981,1.764
24,2020-03-03 19:45:00,97.98,1.656
25,2020-03-03 20:00:00,97.997,1.656
26,2020-03-03 20:15:00,98.029,1.656
27,2020-03-03 20:30:00,98.013,1.656
28,2020-03-03 20:45:00,98.012,1.548
29,2020-03-03 21:00:00,98.028,1.548
30,2020-03-03 21:15:00,98.028,1.548
31,2020-03-03 21:30:00,98.028,1.548
32,2020-03-03 21:45:00,98.028,1.548
33,2020-03-03 22:00:00,98.028,1.548
34,2020-03-03 22:15:00,98.028,1.548
35,2020-03-03 22:30:00,98.045,1.548
36,2020-03-03 22:45:00,98.045,1.548
37,2020-03-03 23:00:00,98.027,1.439
38,2020-03-03 23:15:00,98.043,1.439
39,2020-03-03 23:30:00,98.043,1.439
40,2020-03-03 23:45:00,98.012,1.548
41,2020-03-04 00:00:00,98.027,1.439
42,2020-03-04 00:15:00,98.043,1.439
43,2020-03-04 00:30:00,98.06,1.439
44,2020-03-04 00:45:00,98.094,1.548
45,2020-03-04 01:00:00,98.11,1.548
46,2020-03-04 01:15:00,98.11,1.548
47,2020-03-04 01:30:00,98.127,1.548
48,2020-03-04 01:45:00,98.127,1.548
49,2020-03-04 02:00:00,98.127,1.548
50,2020-03-04 02:15:00,98.11,1.548
51,2020-03-04 02:30:00,98.11,1.548
52,2020-03-04 02:45:00,98.11,1.548
53,2020-03-04 03:00:00,98.144,1.656
54,2020-03-04 03:15:00,98.144,1.656
55,2020-03-04 03:30:00,98.16,1.656
56,2020-03-04 03:45:00,98.159,1.548
57,2020-03-04 04:00:00,98.159,1.548
58,2020-03-04 04:15:00,98.192,1.548
59,2020-03-04 04:30:00,98.208,1.548
60,2020-03-04 04:45:00,98.258,1.548
61,2020-03-04 05:00:00,98.273,1.439
62,2020-03-04 05:15:00,98.289,1.439
63,2020-03-04 05:30:00,98.289,1.439
64,2020-03-04 05:45:00,98.322,1.439
65,2020-03-04 06:00:00,98.338,1.439
66,2020-03-04 06:15:00,98.337,1.33
67,2020-03-04 06:30:00,98.386,1.33
68,2020-03-04 06:45:00,98.419,1.33
69,2020-03-04 07:00:00,98.452,1.33
70,2020-03-04 07:15:00,98.452,1.33
71,2020-03-04 07:30:00,98.484,1.33
72,2020-03-04 07:45:00,98.517,1.33
73,2020-03-04 08:00:00,98.534,1.33
74,2020-03-04 08:15:00,98.568,1.439
75,2020-03-04 08:30:00,98.602,1.548
76,2020-03-04 08:45:00,98.618,1.548
77,2020-03-04 09:00:00,98.635,1.656
78,2020-03-04 09:15:00,98.636,1.764
79,2020-03-04 09:30:00,98.637,1.872
80,2020-03-04 09:45:00,98.671,1.98
81,2020-03-04 10:00:00,98.672,2.088
82,2020-03-04 10:15:00,98.706,2.195
83,2020-03-04 10:30:00,98.74,2.41
84,2020-03-04 10:45:00,98.741,2.517
85,2020-03-04 11:00:00,98.758,2.73
86,2020-03-04 11:15:00,98.758,2.73
87,2020-03-04 11:30:00,98.775,2.837
88,2020-03-04 11:45:00,98.759,2.943
89,2020-03-04 12:00:00,98.759,3.155
90,2020-03-04 12:15:00,98.743,3.155
91,2020-03-04 12:30:00,98.71,3.155
92,2020-03-04 12:45:00,98.71,3.261
93,2020-03-04 13:00:00,98.743,3.367
94,2020-03-04 13:15:00,98.694,3.367
95,2020-03-04 13:30:00,98.711,3.472
96,2020-03-04 13:45:00,98.694,3.472
97,2020-03-04 14:00:00,98.661,3.472
98,2020-03-04 14:15:00,98.727,3.472
99,2020-03-04 14:30:00,98.776,3.367
100,2020-03-04 14:45:00,98.776,3.367
101,2020-03-04 15:00:00,98.825,3.367
102,2020-03-04 15:15:00,98.875,3.261
103,2020-03-04 15:30:00,98.841,3.155
104,2020-03-04 15:45:00,98.825,3.155
105,2020-03-04 16:00:00,98.858,3.049
106,2020-03-04 16:15:00,98.89,3.049
107,2020-03-04 16:30:00,98.923,2.943
108,2020-03-04 16:45:00,98.955,2.837
109,2020-03-04 17:00:00,98.955,2.837
110,2020-03-04 17:15:00,99.004,2.837
111,2020-03-04 17:30:00,98.955,2.73
112,2020-03-04 17:45:00,99.003,2.624
113,2020-03-04 18:00:00,99.003,2.624
114,2020-03-04 18:15:00,99.036,2.517
115,2020-03-04 18:30:00,99.068,2.41
116,2020-03-04 18:45:00,99.084,2.41
117,2020-03-04 19:00:00,99.084,2.303
118,2020-03-04 19:15:00,99.051,2.303
119,2020-03-04 19:30:00,99.067,2.303
120,2020-03-04 19:45:00,99.05,2.195
121,2020-03-04 20:00:00,99.066,2.195
122,2020-03-04 20:15:00,99.066,2.195
123,2020-03-04 20:30:00,99.033,2.088
124,2020-03-04 20:45:00,99.033,2.088
125,2020-03-04 21:00:00,99.048,1.98
126,2020-03-04 21:15:00,98.983,1.98
127,2020-03-04 21:30:00,98.95,1.98
128,2020-03-04 21:45:00,98.966,1.98
129,2020-03-04 22:00:00,98.966,1.98
130,2020-03-04 22:15:00,98.983,1.98
131,2020-03-04 22:30:00,98.949,1.872
132,2020-03-04 22:45:00,98.932,1.872
133,2020-03-04 23:00:00,98.916,1.872
134,2020-03-04 23:15:00,98.9,1.872
135,2020-03-04 23:30:00,98.916,1.872
136,2020-03-04 23:45:00,98.85,1.764
137,2020-03-05 00:00:00,98.817,1.764
138,2020-03-05 00:15:00,98.817,1.764
139,2020-03-05 00:30:00,98.817,1.764
140,2020-03-05 00:45:00,98.8,1.764
141,2020-03-05 01:00:00,98.784,1.764
142,2020-03-05 01:15:00,98.751,1.764
143,2020-03-05 01:30:00,98.735,1.764
144,2020-03-05 01:45:00,98.718,1.764
145,2020-03-05 02:00:00,98.686,1.764
146,2020-03-05 02:15:00,98.686,1.764
147,2020-03-05 02:30:00,98.669,1.764
148,2020-03-05 02:45:00,98.653,1.764
149,2020-03-05 03:00:00,98.653,1.764
150,2020-03-05 03:15:00,98.669,1.764
151,2020-03-05 03:30:00,98.669,1.764
152,2020-03-05 03:45:00,98.653,1.764
153,2020-03-05 04:00:00,98.636,1.764
154,2020-03-05 04:15:00,98.686,1.764
155,2020-03-05 04:30:00,98.702,1.764
156,2020-03-05 04:45:00,98.653,1.764
157,2020-03-05 05:00:00,98.571,1.764
158,2020-03-05 05:15:00,98.555,1.764
159,2020-03-05 05:30:00,98.505,1.764
160,2020-03-05 05:45:00,98.456,1.764
161,2020-03-05 06:00:00,98.538,1.764
162,2020-03-05 06:15:00,98.456,1.764
163,2020-03-05 06:30:00,98.423,1.764
164,2020-03-05 06:45:00,98.391,1.764
165,2020-03-05 07:00:00,98.505,1.764
166,2020-03-05 07:15:00,98.489,1.764
167,2020-03-05 07:30:00,98.523,1.872
168,2020-03-05 07:45:00,98.523,1.872
169,2020-03-05 08:00:00,98.49,1.872
170,2020-03-05 08:15:00,98.392,1.872
171,2020-03-05 08:30:00,98.376,1.98
172,2020-03-05 08:45:00,98.327,1.98
173,2020-03-05 09:00:00,98.393,2.088
174,2020-03-05 09:15:00,98.393,2.088
175,2020-03-05 09:30:00,98.378,2.195
176,2020-03-05 09:45:00,98.362,2.195
177,2020-03-05 10:00:00,98.379,2.303
178,2020-03-05 10:15:00,98.362,2.303
179,2020-03-05 10:30:00,98.379,2.303
180,2020-03-05 10:45:00,98.379,2.41
181,2020-03-05 11:00:00,98.33,2.41
182,2020-03-05 11:15:00,98.298,2.624
183,2020-03-05 11:30:00,98.315,2.73
184,2020-03-05 11:45:00,98.332,2.837
185,2020-03-05 12:00:00,98.283,2.943
186,2020-03-05 12:15:00,98.317,3.155
187,2020-03-05 12:30:00,98.3,3.261
188,2020-03-05 12:45:00,98.268,3.367
189,2020-03-05 13:00:00,98.284,3.472
190,2020-03-05 13:15:00,98.383,3.578
191,2020-03-05 13:30:00,98.366,3.578
192,2020-03-05 13:45:00,98.333,3.578
193,2020-03-05 14:00:00,98.383,3.367
194,2020-03-05 14:15:00,98.415,3.367
195,2020-03-05 14:30:00,98.349,3.155
196,2020-03-05 14:45:00,98.382,3.049
197,2020-03-05 15:00:00,98.415,2.943
198,2020-03-05 15:15:00,98.431,2.837
199,2020-03-05 15:30:00,98.446,2.73
200,2020-03-05 15:45:00,98.43,2.624
201,2020-03-05 16:00:00,98.446,2.624
202,2020-03-05 16:15:00,98.429,2.517
203,2020-03-05 16:30:00,98.428,2.41
204,2020-03-05 16:45:00,98.445,2.41
205,2020-03-05 17:00:00,98.461,2.303
206,2020-03-05 17:15:00,98.444,2.303
207,2020-03-05 17:30:00,98.461,2.303
208,2020-03-05 17:45:00,98.46,2.195
209,2020-03-05 18:00:00,98.46,2.195
210,2020-03-05 18:15:00,98.46,2.195
211,2020-03-05 18:30:00,98.492,2.088
212,2020-03-05 18:45:00,98.492,2.088
213,2020-03-05 19:00:00,98.541,2.088
214,2020-03-05 19:15:00,98.54,1.98
215,2020-03-05 19:30:00,98.54,1.98
216,2020-03-05 19:45:00,98.556,1.98
217,2020-03-05 20:00:00,98.556,1.98
218,2020-03-05 20:15:00,98.54,1.98
219,2020-03-05 20:30:00,98.556,1.98
220,2020-03-05 20:45:00,98.589,1.98
221,2020-03-05 21:00:00,98.606,1.98
222,2020-03-05 21:15:00,98.637,1.872
223,2020-03-05 21:30:00,98.637,1.872
224,2020-03-05 21:45:00,98.654,1.872
225,2020-03-05 22:00:00,98.703,1.872
226,2020-03-05 22:15:00,98.752,1.872
227,2020-03-05 22:30:00,98.785,1.872
228,2020-03-05 22:45:00,98.834,1.872
229,2020-03-05 23:00:00,98.834,1.872
230,2020-03-05 23:15:00,98.9,1.872
231,2020-03-05 23:30:00,98.883,1.872
232,2020-03-05 23:45:00,98.965,1.872
233,2020-03-06 00:00:00,99.031,1.872
234,2020-03-06 00:15:00,99.064,1.872
235,2020-03-06 00:30:00,99.096,1.872
236,2020-03-06 00:45:00,99.096,1.872
237,2020-03-06 01:00:00,99.21,1.764
238,2020-03-06 01:15:00,99.161,1.764
239,2020-03-06 01:30:00,99.243,1.764
240,2020-03-06 01:45:00,99.227,1.764
241,2020-03-06 02:00:00,99.275,1.656
242,2020-03-06 02:15:00,99.307,1.656
243,2020-03-06 02:30:00,99.324,1.656
244,2020-03-06 02:45:00,99.373,1.656
245,2020-03-06 03:00:00,99.406,1.656
246,2020-03-06 03:15:00,99.422,1.656
247,2020-03-06 03:30:00,99.439,1.656
248,2020-03-06 03:45:00,99.47,1.548
249,2020-03-06 04:00:00,99.552,1.548
250,2020-03-06 04:15:00,99.634,1.548
251,2020-03-06 04:30:00,99.618,1.548
252,2020-03-06 04:45:00,99.618,1.548
253,2020-03-06 05:00:00,99.7,1.548
254,2020-03-06 05:15:00,99.716,1.548
255,2020-03-06 05:30:00,99.765,1.548
256,2020-03-06 05:45:00,99.798,1.548
257,2020-03-06 06:00:00,99.815,1.548
258,2020-03-06 06:15:00,99.831,1.548
259,2020-03-06 06:30:00,99.88,1.548
260,2020-03-06 06:45:00,99.93,1.548
261,2020-03-06 07:00:00,99.93,1.548
262,2020-03-06 07:15:00,99.962,1.548
263,2020-03-06 07:30:00,99.979,1.548
264,2020-03-06 07:45:00,100.061,1.548
265,2020-03-06 08:00:00,100.059,1.439
266,2020-03-06 08:15:00,100.077,1.548
267,2020-03-06 08:30:00,100.094,1.548
268,2020-03-06 08:45:00,100.111,1.656
269,2020-03-06 09:00:00,100.112,1.764
270,2020-03-06 09:15:00,100.129,1.764
271,2020-03-06 09:30:00,100.146,1.872
272,2020-03-06 09:45:00,100.213,1.98
273,2020-03-06 10:00:00,100.23,2.088
274,2020-03-06 10:15:00,100.248,2.195
275,2020-03-06 10:30:00,100.249,2.303
276,2020-03-06 10:45:00,100.266,2.41
277,2020-03-06 11:00:00,100.284,2.624
278,2020-03-06 11:15:00,100.267,2.624
279,2020-03-06 11:30:00,100.318,2.837
280,2020-03-06 11:45:00,100.368,2.943
281,2020-03-06 12:00:00,100.368,3.049
282,2020-03-06 12:15:00,100.368,3.155
283,2020-03-06 12:30:00,100.369,3.261
284,2020-03-06 12:45:00,100.369,3.261
285,2020-03-06 13:00:00,100.352,3.367
286,2020-03-06 13:15:00,100.353,3.472
287,2020-03-06 13:30:00,100.336,3.472
288,2020-03-06 13:45:00,100.369,3.472
289,2020-03-06 14:00:00,100.369,3.472
290,2020-03-06 14:15:00,100.402,3.472
291,2020-03-06 14:30:00,100.385,3.367
292,2020-03-06 14:45:00,100.385,3.367
293,2020-03-06 15:00:00,100.385,3.367
294,2020-03-06 15:15:00,100.369,3.261
295,2020-03-06 15:30:00,100.369,3.261
296,2020-03-06 15:45:00,100.368,3.155
297,2020-03-06 16:00:00,100.385,3.155
298,2020-03-06 16:15:00,100.368,3.049
299,2020-03-06 16:30:00,100.384,3.049
300,2020-03-06 16:45:00,100.384,2.943
301,2020-03-06 17:00:00,100.383,2.837
302,2020-03-06 17:15:00,100.383,2.837
303,2020-03-06 17:30:00,100.366,2.73
304,2020-03-06 17:45:00,100.383,2.73
305,2020-03-06 18:00:00,100.366,2.624
306,2020-03-06 18:15:00,100.382,2.624
307,2020-03-06 18:30:00,100.365,2.517
308,2020-03-06 18:45:00,100.414,2.517
309,2020-03-06 19:00:00,100.397,2.41
310,2020-03-06 19:15:00,100.364,2.303
311,2020-03-06 19:30:00,100.38,2.303
312,2020-03-06 19:45:00,100.379,2.195
313,2020-03-06 20:00:00,100.362,2.088
314,2020-03-06 20:15:00,100.378,2.088
315,2020-03-06 20:30:00,100.378,2.088
316,2020-03-06 20:45:00,100.394,1.98
317,2020-03-06 21:00:00,100.394,1.98
318,2020-03-06 21:15:00,100.394,1.98
319,2020-03-06 21:30:00,100.41,1.98
320,2020-03-06 21:45:00,100.393,1.872
321,2020-03-06 22:00:00,100.393,1.872
322,2020-03-06 22:15:00,100.393,1.872
323,2020-03-06 22:30:00,100.391,1.764
324,2020-03-06 22:45:00,100.391,1.764
325,2020-03-06 23:00:00,100.424,1.764
326,2020-03-06 23:15:00,100.424,1.764
327,2020-03-06 23:30:00,100.408,1.764
328,2020-03-06 23:45:00,100.408,1.764
329,2020-03-07 00:00:00,100.39,1.656
330,2020-03-07 00:15:00,100.39,1.656
331,2020-03-07 00:30:00,100.374,1.656
332,2020-03-07 00:45:00,100.39,1.656
333,2020-03-07 01:00:00,100.374,1.656
334,2020-03-07 01:15:00,100.374,1.656
335,2020-03-07 01:30:00,100.374,1.656
336,2020-03-07 01:45:00,100.374,1.656
337,2020-03-07 02:00:00,100.34,1.548
338,2020-03-07 02:15:00,100.357,1.656
339,2020-03-07 02:30:00,100.34,1.548
340,2020-03-07 02:45:00,100.307,1.548
341,2020-03-07 03:00:00,100.291,1.548
342,2020-03-07 03:15:00,100.307,1.548
343,2020-03-07 03:30:00,100.307,1.548
344,2020-03-07 03:45:00,100.291,1.548
345,2020-03-07 04:00:00,100.291,1.548
346,2020-03-07 04:15:00,100.291,1.548
347,2020-03-07 04:30:00,100.291,1.548
348,2020-03-07 04:45:00,100.307,1.548
349,2020-03-07 05:00:00,100.307,1.548
350,2020-03-07 05:15:00,100.307,1.548
351,2020-03-07 05:30:00,100.307,1.548
352,2020-03-07 05:45:00,100.291,1.548
353,2020-03-07 06:00:00,100.291,1.548
354,2020-03-07 06:15:00,100.291,1.548
355,2020-03-07 06:30:00,100.291,1.548
356,2020-03-07 06:45:00,100.274,1.548
357,2020-03-07 07:00:00,100.258,1.548
358,2020-03-07 07:15:00,100.258,1.548
359,2020-03-07 07:30:00,100.241,1.548
360,2020-03-07 07:45:00,100.259,1.656
361,2020-03-07 08:00:00,100.259,1.656
362,2020-03-07 08:15:00,100.26,1.764
363,2020-03-07 08:30:00,100.261,1.872
364,2020-03-07 08:45:00,100.212,1.872
365,2020-03-07 09:00:00,100.197,1.98
366,2020-03-07 09:15:00,100.214,2.088
367,2020-03-07 09:30:00,100.199,2.195
368,2020-03-07 09:45:00,100.183,2.303
369,2020-03-07 10:00:00,100.184,2.517
370,2020-03-07 10:15:00,100.169,2.624
371,2020-03-07 10:30:00,100.136,2.73
372,2020-03-07 10:45:00,100.121,2.943
373,2020-03-07 11:00:00,100.105,3.049
374,2020-03-07 11:15:00,100.122,3.261
375,2020-03-07 11:30:00,100.139,3.367
376,2020-03-07 11:45:00,100.057,3.472
377,2020-03-07 12:00:00,100.041,3.683
378,2020-03-07 12:15:00,100.008,3.893
379,2020-03-07 12:30:00,99.958,3.998
380,2020-03-07 12:45:00,99.991,4.102
381,2020-03-07 13:00:00,99.909,4.207
382,2020-03-07 13:15:00,99.908,4.415
383,2020-03-07 13:30:00,99.875,4.519
384,2020-03-07 13:45:00,99.841,4.623
385,2020-03-07 14:00:00,99.809,4.623
386,2020-03-07 14:15:00,99.792,4.727
387,2020-03-07 14:30:00,99.792,4.727
388,2020-03-07 14:45:00,99.825,4.623
389,2020-03-07 15:00:00,99.776,4.623
390,2020-03-07 15:15:00,99.809,4.519
391,2020-03-07 15:30:00,99.727,4.415
392,2020-03-07 15:45:00,99.744,4.415
393,2020-03-07 16:00:00,99.678,4.311
394,2020-03-07 16:15:00,99.662,4.311
395,2020-03-07 16:30:00,99.646,4.207
396,2020-03-07 16:45:00,99.63,4.102
397,2020-03-07 17:00:00,99.613,4.102
398,2020-03-07 17:15:00,99.597,3.893
399,2020-03-07 17:30:00,99.597,3.788
400,2020-03-07 17:45:00,99.564,3.683
401,2020-03-07 18:00:00,99.564,3.578
402,2020-03-07 18:15:00,99.548,3.472
403,2020-03-07 18:30:00,99.58,3.367
404,2020-03-07 18:45:00,99.58,3.261
405,2020-03-07 19:00:00,99.564,3.155
406,2020-03-07 19:15:00,99.563,3.049
407,2020-03-07 19:30:00,99.563,2.943
408,2020-03-07 19:45:00,99.579,2.943
409,2020-03-07 20:00:00,99.562,2.837
410,2020-03-07 20:15:00,99.513,2.73
411,2020-03-07 20:30:00,99.545,2.73
412,2020-03-07 20:45:00,99.512,2.624
413,2020-03-07 21:00:00,99.496,2.624
414,2020-03-07 21:15:00,99.496,2.624
415,2020-03-07 21:30:00,99.479,2.624
416,2020-03-07 21:45:00,99.496,2.624
417,2020-03-07 22:00:00,99.479,2.517
418,2020-03-07 22:15:00,99.495,2.517
419,2020-03-07 22:30:00,99.495,2.517
420,2020-03-07 22:45:00,99.479,2.517
421,2020-03-07 23:00:00,99.479,2.517
422,2020-03-07 23:15:00,99.462,2.41
423,2020-03-07 23:30:00,99.462,2.41
424,2020-03-07 23:45:00,99.445,2.41
425,2020-03-08 00:00:00,99.445,2.41
426,2020-03-08 00:15:00,99.445,2.41
427,2020-03-08 00:30:00,99.445,2.41
428,2020-03-08 00:45:00,99.462,2.41
429,2020-03-08 01:00:00,99.462,2.41
430,2020-03-08 01:15:00,99.444,2.303
431,2020-03-08 01:30:00,99.428,2.303
432,2020-03-08 01:45:00,99.428,2.303
433,2020-03-08 02:00:00,99.412,2.303
434,2020-03-08 02:15:00,99.395,2.303
435,2020-03-08 02:30:00,99.379,2.303
436,2020-03-08 02:45:00,99.362,2.303
437,2020-03-08 03:00:00,99.362,2.303
438,2020-03-08 03:15:00,99.346,2.303
439,2020-03-08 03:30:00,99.346,2.303
440,2020-03-08 03:45:00,99.329,2.195
441,2020-03-08 04:00:00,99.329,2.195
442,2020-03-08 04:15:00,99.329,2.195
443,2020-03-08 04:30:00,99.329,2.195
444,2020-03-08 04:45:00,99.329,2.195
445,2020-03-08 05:00:00,99.329,2.195
446,2020-03-08 05:15:00,99.296,2.195
447,2020-03-08 05:30:00,99.296,2.195
448,2020-03-08 05:45:00,99.312,2.195
449,2020-03-08 06:00:00,99.296,2.195
450,2020-03-08 06:15:00,99.28,2.195
451,2020-03-08 06:30:00,99.263,2.195
452,2020-03-08 06:45:00,99.23,2.195
453,2020-03-08 07:00:00,99.23,2.195
454,2020-03-08 07:15:00,99.23,2.195
455,2020-03-08 07:30:00,99.23,2.195
456,2020-03-08 07:45:00,99.231,2.303
457,2020-03-08 08:00:00,99.231,2.303
458,2020-03-08 08:15:00,99.232,2.41
459,2020-03-08 08:30:00,99.199,2.41
460,2020-03-08 08:45:00,99.2,2.517
461,2020-03-08 09:00:00,99.2,2.624
462,2020-03-08 09:15:00,99.184,2.73
463,2020-03-08 09:30:00,99.218,2.943
464,2020-03-08 09:45:00,99.186,3.049
465,2020-03-08 10:00:00,99.17,3.155
466,2020-03-08 10:15:00,99.17,3.261
467,2020-03-08 10:30:00,99.17,3.367
468,2020-03-08 10:45:00,99.154,3.472
469,2020-03-08 11:00:00,99.137,3.578
470,2020-03-08 11:15:00,99.137,3.788
471,2020-03-08 11:30:00,99.104,3.893
472,2020-03-08 11:45:00,99.104,3.998
473,2020-03-08 12:00:00,99.055,4.207
474,2020-03-08 12:15:00,99.021,4.311
475,2020-03-08 12:30:00,99.004,4.519
476,2020-03-08 12:45:00,98.971,4.623
477,2020-03-08 13:00:00,98.971,4.623
478,2020-03-08 13:15:00,98.953,4.831
479,2020-03-08 13:30:00,98.936,4.934
480,2020-03-08 13:45:00,98.869,5.141
481,2020-03-08 14:00:00,98.869,5.141
482,2020-03-08 14:15:00,98.884,5.244
483,2020-03-08 14:30:00,98.819,5.244
484,2020-03-08 14:45:00,98.837,5.037
485,2020-03-08 15:00:00,98.755,4.934
486,2020-03-08 15:15:00,98.739,4.934
487,2020-03-08 15:30:00,98.755,4.934
488,2020-03-08 15:45:00,98.706,4.934
489,2020-03-08 16:00:00,98.707,4.831
490,2020-03-08 16:15:00,98.74,4.831
491,2020-03-08 16:30:00,98.691,4.727
492,2020-03-08 16:45:00,98.675,4.727
493,2020-03-08 17:00:00,98.691,4.727
494,2020-03-08 17:15:00,98.675,4.727
495,2020-03-08 17:30:00,98.676,4.519
496,2020-03-08 17:45:00,98.644,4.311
497,2020-03-08 18:00:00,98.644,4.207
498,2020-03-08 18:15:00,98.661,3.998
499,2020-03-08 18:30:00,98.661,3.893
500,2020-03-08 18:45:00,98.678,3.788
501,2020-03-08 19:00:00,98.661,3.683
502,2020-03-08 19:15:00,98.694,3.683
503,2020-03-08 19:30:00,98.662,3.578
504,2020-03-08 19:45:00,98.662,3.578
505,2020-03-08 20:00:00,98.678,3.472
506,2020-03-08 20:15:00,98.694,3.472
507,2020-03-08 20:30:00,98.711,3.472
508,2020-03-08 20:45:00,98.744,3.472
509,2020-03-08 21:00:00,98.743,3.367
510,2020-03-08 21:15:00,98.76,3.367
511,2020-03-08 21:30:00,98.743,3.367
512,2020-03-08 21:45:00,98.76,3.367
513,2020-03-08 22:00:00,98.776,3.367
514,2020-03-08 22:15:00,98.792,3.261
515,2020-03-08 22:30:00,98.809,3.261
516,2020-03-08 22:45:00,98.759,3.155
517,2020-03-08 23:00:00,98.776,3.155
518,2020-03-08 23:15:00,98.759,3.155
519,2020-03-08 23:30:00,98.743,3.049
520,2020-03-08 23:45:00,98.726,3.049
521,2020-03-09 00:00:00,98.743,3.049
522,2020-03-09 00:15:00,98.759,3.049
523,2020-03-09 00:30:00,98.759,3.049
524,2020-03-09 00:45:00,98.776,3.049
525,2020-03-09 01:00:00,98.759,2.943
526,2020-03-09 01:15:00,98.726,2.943
527,2020-03-09 01:30:00,98.726,2.943
528,2020-03-09 01:45:00,98.742,2.943
529,2020-03-09 02:00:00,98.726,2.943
530,2020-03-09 02:15:00,98.726,2.943
531,2020-03-09 02:30:00,98.742,2.943
532,2020-03-09 02:45:00,98.726,2.943
533,2020-03-09 03:00:00,98.726,2.943
534,2020-03-09 03:15:00,98.71,2.943
535,2020-03-09 03:30:00,98.693,2.943
536,2020-03-09 03:45:00,98.693,2.943
537,2020-03-09 04:00:00,98.66,2.943
538,2020-03-09 04:15:00,98.776,3.049
539,2020-03-09 04:30:00,98.874,2.943
540,2020-03-09 04:45:00,98.792,3.049
541,2020-03-09 05:00:00,98.808,3.049
542,2020-03-09 05:15:00,98.776,3.049
543,2020-03-09 05:30:00,98.759,3.049
544,2020-03-09 05:45:00,98.808,3.049
545,2020-03-09 06:00:00,98.825,3.049
546,2020-03-09 06:15:00,98.858,3.155
547,2020-03-09 06:30:00,98.841,3.049
548,2020-03-09 06:45:00,98.858,3.049
549,2020-03-09 07:00:00,98.858,3.049
550,2020-03-09 07:15:00,98.858,3.049
551,2020-03-09 07:30:00,98.858,3.049
552,2020-03-09 07:45:00,98.858,3.049
553,2020-03-09 08:00:00,98.891,3.155
554,2020-03-09 08:15:00,98.907,3.155
555,2020-03-09 08:30:00,98.907,3.155
556,2020-03-09 08:45:00,98.907,3.155
557,2020-03-09 09:00:00,98.923,3.155
558,2020-03-09 09:15:00,98.956,3.155
559,2020-03-09 09:30:00,98.973,3.155
560,2020-03-09 09:45:00,98.94,3.155
561,2020-03-09 10:00:00,98.973,3.261
562,2020-03-09 10:15:00,98.957,3.261
563,2020-03-09 10:30:00,98.94,3.261
564,2020-03-09 10:45:00,98.924,3.261
565,2020-03-09 11:00:00,98.907,3.367
566,2020-03-09 11:15:00,98.907,3.367
567,2020-03-09 11:30:00,98.891,3.367
568,2020-03-09 11:45:00,98.858,3.472
569,2020-03-09 12:00:00,98.842,3.472
570,2020-03-09 12:15:00,98.793,3.472
571,2020-03-09 12:30:00,98.76,3.472
572,2020-03-09 12:45:00,98.744,3.472
573,2020-03-09 13:00:00,98.711,3.472
574,2020-03-09 13:15:00,98.678,3.472
575,2020-03-09 13:30:00,98.678,3.472
576,2020-03-09 13:45:00,98.661,3.472
577,2020-03-09 14:00:00,98.645,3.472
578,2020-03-09 14:15:00,98.661,3.472
579,2020-03-09 14:30:00,98.629,3.472
580,2020-03-09 14:45:00,98.612,3.472
581,2020-03-09 15:00:00,98.612,3.472
582,2020-03-09 15:15:00,98.612,3.472
583,2020-03-09 15:30:00,98.596,3.472
584,2020-03-09 15:45:00,98.596,3.472
585,2020-03-09 16:00:00,98.563,3.367
586,2020-03-09 16:15:00,98.547,3.367
587,2020-03-09 16:30:00,98.563,3.367
588,2020-03-09 16:45:00,98.579,3.367
589,2020-03-09 17:00:00,98.563,3.367
590,2020-03-09 17:15:00,98.563,3.367
591,2020-03-09 17:30:00,98.53,3.261
592,2020-03-09 17:45:00,98.514,3.261
593,2020-03-09 18:00:00,98.497,3.261
594,2020-03-09 18:15:00,98.514,3.261
595,2020-03-09 18:30:00,98.546,3.261
596,2020-03-09 18:45:00,98.546,3.261
597,2020-03-09 19:00:00,98.546,3.261
598,2020-03-09 19:15:00,98.53,3.261
599,2020-03-09 19:30:00,98.546,3.261
600,2020-03-09 19:45:00,98.563,3.261
601,2020-03-09 20:00:00,98.579,3.155
602,2020-03-09 20:15:00,98.595,3.155
603,2020-03-09 20:30:00,98.661,3.155
604,2020-03-09 20:45:00,98.694,3.155
605,2020-03-09 21:00:00,98.694,3.155
606,2020-03-09 21:15:00,98.743,3.155
607,2020-03-09 21:30:00,98.759,3.049
608,2020-03-09 21:45:00,98.759,3.049
609,2020-03-09 22:00:00,98.792,3.049
610,2020-03-09 22:15:00,98.808,3.049
611,2020-03-09 22:30:00,98.841,3.049
612,2020-03-09 22:45:00,98.841,3.049
613,2020-03-09 23:00:00,98.858,3.049
614,2020-03-09 23:15:00,98.923,3.049
615,2020-03-09 23:30:00,98.907,3.049
616,2020-03-09 23:45:00,98.956,3.049
617,2020-03-10 00:00:00,98.972,3.049
618,2020-03-10 00:15:00,98.989,3.049
619,2020-03-10 00:30:00,98.989,3.049
620,2020-03-10 00:45:00,99.038,3.049
621,2020-03-10 01:00:00,99.104,3.049
622,2020-03-10 01:15:00,99.137,3.049
623,2020-03-10 01:30:00,99.153,2.943
624,2020-03-10 01:45:00,99.153,2.943
625,2020-03-10 02:00:00,99.185,2.943
626,2020-03-10 02:15:00,99.251,2.943
627,2020-03-10 02:30:00,99.283,2.837
628,2020-03-10 02:45:00,99.283,2.837
629,2020-03-10 03:00:00,99.349,2.837
630,2020-03-10 03:15:00,99.365,2.837
631,2020-03-10 03:30:00,99.398,2.73
632,2020-03-10 03:45:00,99.414,2.73
633,2020-03-10 04:00:00,99.447,2.73
634,2020-03-10 04:15:00,99.447,2.73
635,2020-03-10 04:30:00,99.496,2.73
636,2020-03-10 04:45:00,99.545,2.624
637,2020-03-10 05:00:00,99.594,2.624
638,2020-03-10 05:15:00,99.611,2.624
639,2020-03-10 05:30:00,99.627,2.624
640,2020-03-10 05:45:00,99.659,2.517
641,2020-03-10 06:00:00,99.741,2.517
642,2020-03-10 06:15:00,99.757,2.41
643,2020-03-10 06:30:00,99.773,2.41
644,2020-03-10 06:45:00,99.806,2.41
645,2020-03-10 07:00:00,99.789,2.303
646,2020-03-10 07:15:00,99.822,2.303
647,2020-03-10 07:30:00,99.838,2.303
648,2020-03-10 07:45:00,99.838,2.303
649,2020-03-10 08:00:00,99.871,2.303
650,2020-03-10 08:15:00,99.855,2.41
651,2020-03-10 08:30:00,99.888,2.41
652,2020-03-10 08:45:00,99.921,2.41
653,2020-03-10 09:00:00,99.971,2.517
654,2020-03-10 09:15:00,100.021,2.624
655,2020-03-10 09:30:00,100.071,2.73
656,2020-03-10 09:45:00,100.038,2.73
657,2020-03-10 10:00:00,100.022,2.837
658,2020-03-10 10:15:00,100.039,3.049
659,2020-03-10 10:30:00,100.073,3.155
660,2020-03-10 10:45:00,100.056,3.261
661,2020-03-10 11:00:00,100.057,3.367
662,2020-03-10 11:15:00,100.106,3.578
663,2020-03-10 11:30:00,100.123,3.683
664,2020-03-10 11:45:00,100.106,3.893
665,2020-03-10 12:00:00,100.057,3.998
666,2020-03-10 12:15:00,100.024,4.207
667,2020-03-10 12:30:00,100.007,4.311
668,2020-03-10 12:45:00,100.023,4.415
669,2020-03-10 13:00:00,100.023,4.519
670,2020-03-10 13:15:00,100.022,4.727
671,2020-03-10 13:30:00,100.005,4.727
672,2020-03-10 13:45:00,99.988,4.831
673,2020-03-10 14:00:00,99.972,4.831
674,2020-03-10 14:15:00,99.988,4.934
675,2020-03-10 14:30:00,99.971,4.934
676,2020-03-10 14:45:00,99.955,4.934
677,2020-03-10 15:00:00,99.971,4.934
678,2020-03-10 15:15:00,99.971,4.934
679,2020-03-10 15:30:00,99.938,4.934
680,2020-03-10 15:45:00,99.938,5.037
681,2020-03-10 16:00:00,99.938,5.037
682,2020-03-10 16:15:00,99.889,5.037
683,2020-03-10 16:30:00,99.921,5.037
684,2020-03-10 16:45:00,99.873,4.934
685,2020-03-10 17:00:00,99.889,4.934
686,2020-03-10 17:15:00,99.906,4.831
687,2020-03-10 17:30:00,99.906,4.831
688,2020-03-10 17:45:00,99.939,4.831
689,2020-03-10 18:00:00,99.923,4.727
690,2020-03-10 18:15:00,99.923,4.727
691,2020-03-10 18:30:00,99.907,4.623
692,2020-03-10 18:45:00,99.924,4.623
693,2020-03-10 19:00:00,99.924,4.519
694,2020-03-10 19:15:00,99.925,4.415
695,2020-03-10 19:30:00,99.957,4.415
696,2020-03-10 19:45:00,99.925,4.311
697,2020-03-10 20:00:00,99.941,4.311
698,2020-03-10 20:15:00,99.876,4.207
699,2020-03-10 20:30:00,99.876,4.102
700,2020-03-10 20:45:00,99.843,4.102
701,2020-03-10 21:00:00,99.827,3.998
702,2020-03-10 21:15:00,99.794,3.998
703,2020-03-10 21:30:00,99.794,3.998
704,2020-03-10 21:45:00,99.794,3.893
705,2020-03-10 22:00:00,99.794,3.893
706,2020-03-10 22:15:00,99.761,3.893
707,2020-03-10 22:30:00,99.646,3.788
708,2020-03-10 22:45:00,99.597,3.788
709,2020-03-10 23:00:00,99.663,3.788
710,2020-03-10 23:15:00,99.679,3.788
711,2020-03-10 23:30:00,99.679,3.788
712,2020-03-10 23:45:00,99.646,3.788
713,2020-03-11 00:00:00,99.614,3.683
714,2020-03-11 00:15:00,99.564,3.683
715,2020-03-11 00:30:00,99.548,3.683
716,2020-03-11 00:45:00,99.515,3.683
717,2020-03-11 01:00:00,99.531,3.578
718,2020-03-11 01:15:00,99.581,3.578
719,2020-03-11 01:30:00,99.548,3.578
720,2020-03-11 01:45:00,99.531,3.578
721,2020-03-11 02:00:00,99.548,3.578
722,2020-03-11 02:15:00,99.564,3.472
723,2020-03-11 02:30:00,99.531,3.472
724,2020-03-11 02:45:00,99.433,3.472
725,2020-03-11 03:00:00,99.449,3.472
726,2020-03-11 03:15:00,99.466,3.472
727,2020-03-11 03:30:00,99.449,3.472
728,2020-03-11 03:45:00,99.466,3.472
729,2020-03-11 04:00:00,99.466,3.472
730,2020-03-11 04:15:00,99.416,3.367
731,2020-03-11 04:30:00,99.4,3.367
732,2020-03-11 04:45:00,99.351,3.367
733,2020-03-11 05:00:00,99.367,3.367
734,2020-03-11 05:15:00,99.4,3.367
735,2020-03-11 05:30:00,99.416,3.367
736,2020-03-11 05:45:00,99.4,3.367
737,2020-03-11 06:00:00,99.416,3.261
738,2020-03-11 06:15:00,99.383,3.261
739,2020-03-11 06:30:00,99.35,3.261
740,2020-03-11 06:45:00,99.301,3.261
741,2020-03-11 07:00:00,99.334,3.261
742,2020-03-11 07:15:00,99.318,3.261
743,2020-03-11 07:30:00,99.301,3.261
744,2020-03-11 07:45:00,99.285,3.261
745,2020-03-11 08:00:00,99.301,3.261
746,2020-03-11 08:15:00,99.334,3.261
747,2020-03-11 08:30:00,99.318,3.261
748,2020-03-11 08:45:00,99.334,3.261
749,2020-03-11 09:00:00,99.318,3.261
750,2020-03-11 09:15:00,99.318,3.261
751,2020-03-11 09:30:00,99.334,3.261
752,2020-03-11 09:45:00,99.35,3.261
753,2020-03-11 10:00:00,99.35,3.261
754,2020-03-11 10:15:00,99.367,3.261
755,2020-03-11 10:30:00,99.367,3.367
756,2020-03-11 10:45:00,99.351,3.367
757,2020-03-11 11:00:00,99.351,3.367
758,2020-03-11 11:15:00,99.367,3.367
759,2020-03-11 11:30:00,99.367,3.367
760,2020-03-11 11:45:00,99.367,3.472
761,2020-03-11 12:00:00,99.367,3.472
762,2020-03-11 12:15:00,99.351,3.472
763,2020-03-11 12:30:00,99.318,3.472
764,2020-03-11 12:45:00,99.285,3.472
765,2020-03-11 13:00:00,99.269,3.578
766,2020-03-11 13:15:00,99.252,3.578
767,2020-03-11 13:30:00,99.252,3.578
768,2020-03-11 13:45:00,99.236,3.683
769,2020-03-11 14:00:00,99.219,3.683
770,2020-03-11 14:15:00,99.236,3.683
771,2020-03-11 14:30:00,99.236,3.683
772,2020-03-11 14:45:00,99.219,3.683
773,2020-03-11 15:00:00,99.203,3.683
774,2020-03-11 15:15:00,99.187,3.683
775,2020-03-11 15:30:00,99.17,3.683
776,2020-03-11 15:45:00,99.17,3.683
777,2020-03-11 16:00:00,99.187,3.683
778,2020-03-11 16:15:00,99.187,3.683
779,2020-03-11 16:30:00,99.17,3.683
780,2020-03-11 16:45:00,99.17,3.683
781,2020-03-11 17:00:00,99.17,3.683
782,2020-03-11 17:15:00,99.154,3.683
783,2020-03-11 17:30:00,99.137,3.683
784,2020-03-11 17:45:00,99.154,3.683
785,2020-03-11 18:00:00,99.121,3.578
786,2020-03-11 18:15:00,99.121,3.578
787,2020-03-11 18:30:00,99.121,3.578
788,2020-03-11 18:45:00,99.121,3.578
789,2020-03-11 19:00:00,99.121,3.578
790,2020-03-11 19:15:00,99.137,3.578
791,2020-03-11 19:30:00,99.137,3.578
792,2020-03-11 19:45:00,99.121,3.578
793,2020-03-11 20:00:00,99.121,3.472
794,2020-03-11 20:15:00,99.088,3.472
795,2020-03-11 20:30:00,99.105,3.472
796,2020-03-11 20:45:00,99.088,3.472
797,2020-03-11 21:00:00,99.088,3.367
798,2020-03-11 21:15:00,99.088,3.367
799,2020-03-11 21:30:00,99.104,3.367
800,2020-03-11 21:45:00,99.088,3.367
801,2020-03-11 22:00:00,99.055,3.261
802,2020-03-11 22:15:00,99.055,3.261
803,2020-03-11 22:30:00,99.038,3.155
804,2020-03-11 22:45:00,99.054,3.049
805,2020-03-11 23:00:00,99.054,3.049
806,2020-03-11 23:15:00,99.054,2.943
807,2020-03-11 23:30:00,99.005,2.943
808,2020-03-11 23:45:00,99.005,2.943
809,2020-03-12 00:00:00,98.988,2.837
810,2020-03-12 00:15:00,98.955,2.837
811,2020-03-12 00:30:00,98.955,2.837
812,2020-03-12 00:45:00,98.955,2.837
813,2020-03-12 01:00:00,98.939,2.837
814,2020-03-12 01:15:00,98.955,2.837
815,2020-03-12 01:30:00,98.906,2.837
816,2020-03-12 01:45:00,98.906,2.837
817,2020-03-12 02:00:00,98.873,2.73
818,2020-03-12 02:15:00,98.873,2.73
819,2020-03-12 02:30:00,98.856,2.73
820,2020-03-12 02:45:00,98.84,2.73
821,2020-03-12 03:00:00,98.775,2.837
822,2020-03-12 03:15:00,98.775,2.837
823,2020-03-12 03:30:00,98.775,2.837
824,2020-03-12 03:45:00,98.775,2.837
825,2020-03-12 04:00:00,98.758,2.837
826,2020-03-12 04:15:00,98.758,2.837
827,2020-03-12 04:30:00,98.758,2.837
828,2020-03-12 04:45:00,98.676,2.837
829,2020-03-12 05:00:00,98.676,2.837
830,2020-03-12 05:15:00,98.644,2.837
831,2020-03-12 05:30:00,98.676,2.837
832,2020-03-12 05:45:00,98.627,2.837
833,2020-03-12 06:00:00,98.676,2.837
834,2020-03-12 06:15:00,98.677,2.943
835,2020-03-12 06:30:00,98.66,2.943
836,2020-03-12 06:45:00,98.644,2.943
837,2020-03-12 07:00:00,98.595,2.943
838,2020-03-12 07:15:00,98.562,2.943
839,2020-03-12 07:30:00,98.595,2.943
840,2020-03-12 07:45:00,98.578,2.943
841,2020-03-12 08:00:00,98.595,2.943
842,2020-03-12 08:15:00,98.628,2.943
843,2020-03-12 08:30:00,98.595,3.049
844,2020-03-12 08:45:00,98.562,3.049
845,2020-03-12 09:00:00,98.497,3.049
846,2020-03-12 09:15:00,98.448,3.155
847,2020-03-12 09:30:00,98.53,3.155
848,2020-03-12 09:45:00,98.514,3.261
849,2020-03-12 10:00:00,98.448,3.261
850,2020-03-12 10:15:00,98.481,3.367
851,2020-03-12 10:30:00,98.432,3.472
852,2020-03-12 10:45:00,98.333,3.472
853,2020-03-12 11:00:00,98.35,3.578
854,2020-03-12 11:15:00,98.268,3.683
855,2020-03-12 11:30:00,98.268,3.683
856,2020-03-12 11:45:00,98.268,3.788
857,2020-03-12 12:00:00,98.235,3.788
858,2020-03-12 12:15:00,98.202,3.893
859,2020-03-12 12:30:00,98.169,3.893
860,2020-03-12 12:45:00,98.12,3.998
861,2020-03-12 13:00:00,98.103,3.998
862,2020-03-12 13:15:00,98.07,4.102
863,2020-03-12 13:30:00,98.086,4.207
864,2020-03-12 13:45:00,98.069,4.311
865,2020-03-12 14:00:00,97.987,4.311
866,2020-03-12 14:15:00,97.938,4.415
867,2020-03-12 14:30:00,97.987,4.415
868,2020-03-12 14:45:00,97.938,4.415
869,2020-03-12 15:00:00,97.905,4.415
870,2020-03-12 15:15:00,97.921,4.415
871,2020-03-12 15:30:00,97.921,4.415
872,2020-03-12 15:45:00,97.889,4.415
873,2020-03-12 16:00:00,97.921,4.415
874,2020-03-12 16:15:00,97.938,4.415
875,2020-03-12 16:30:00,97.938,4.415
876,2020-03-12 16:45:00,97.954,4.415
877,2020-03-12 17:00:00,97.954,4.415
878,2020-03-12 17:15:00,98.003,4.415
879,2020-03-12 17:30:00,98.004,4.311
880,2020-03-12 17:45:00,98.053,4.311
881,2020-03-12 18:00:00,98.119,4.311
882,2020-03-12 18:15:00,98.168,4.207
883,2020-03-12 18:30:00,98.201,4.207
884,2020-03-12 18:45:00,98.251,4.102
885,2020-03-12 19:00:00,98.284,3.788
886,2020-03-12 19:15:00,98.333,3.472
887,2020-03-12 19:30:00,98.349,3.155
888,2020-03-12 19:45:00,98.382,2.943
889,2020-03-12 20:00:00,98.381,2.837
890,2020-03-12 20:15:00,98.397,2.73
891,2020-03-12 20:30:00,98.397,2.624
892,2020-03-12 20:45:00,98.462,2.517
893,2020-03-12 21:00:00,98.495,2.517
894,2020-03-12 21:15:00,98.543,2.41
895,2020-03-12 21:30:00,98.527,2.41
896,2020-03-12 21:45:00,98.543,2.41
897,2020-03-12 22:00:00,98.592,2.41
898,2020-03-12 22:15:00,98.576,2.41
899,2020-03-12 22:30:00,98.592,2.41
900,2020-03-12 22:45:00,98.626,2.517
901,2020-03-12 23:00:00,98.675,2.517
902,2020-03-12 23:15:00,98.691,2.517
903,2020-03-12 23:30:00,98.707,2.41
904,2020-03-12 23:45:00,98.739,2.303
905,2020-03-13 00:00:00,98.771,2.195
906,2020-03-13 00:15:00,98.704,1.98
907,2020-03-13 00:30:00,98.769,1.872
908,2020-03-13 00:45:00,98.817,1.764
909,2020-03-13 01:00:00,98.882,1.764
910,2020-03-13 01:15:00,98.865,1.656
911,2020-03-13 01:30:00,98.898,1.656
912,2020-03-13 01:45:00,98.88,1.548
913,2020-03-13 02:00:00,98.978,1.548
914,2020-03-13 02:15:00,98.978,1.548
915,2020-03-13 02:30:00,98.978,1.548
916,2020-03-13 02:45:00,99.011,1.548
917,2020-03-13 03:00:00,98.994,1.439
918,2020-03-13 03:15:00,99.026,1.439
919,2020-03-13 03:30:00,99.059,1.439
920,2020-03-13 03:45:00,99.092,1.439
921,2020-03-13 04:00:00,99.107,1.33
922,2020-03-13 04:15:00,99.123,1.33
923,2020-03-13 04:30:00,99.173,1.33
924,2020-03-13 04:45:00,99.238,1.33
925,2020-03-13 05:00:00,99.255,1.33
926,2020-03-13 05:15:00,99.255,1.33
927,2020-03-13 05:30:00,99.255,1.33
928,2020-03-13 05:45:00,99.286,1.221
929,2020-03-13 06:00:00,99.253,1.221
930,2020-03-13 06:15:00,99.319,1.221
931,2020-03-13 06:30:00,99.319,1.221
932,2020-03-13 06:45:00,99.335,1.221
933,2020-03-13 07:00:00,99.433,1.221
934,2020-03-13 07:15:00,99.401,1.221
935,2020-03-13 07:30:00,99.435,1.33
936,2020-03-13 07:45:00,99.435,1.33
937,2020-03-13 08:00:00,99.451,1.33
938,2020-03-13 08:15:00,99.502,1.439
939,2020-03-13 08:30:00,99.518,1.439
940,2020-03-13 08:45:00,99.519,1.548
941,2020-03-13 09:00:00,99.586,1.656
942,2020-03-13 09:15:00,99.603,1.656
943,2020-03-13 09:30:00,99.637,1.764
944,2020-03-13 09:45:00,99.687,1.872
945,2020-03-13 10:00:00,99.721,1.98
946,2020-03-13 10:15:00,99.738,2.088
947,2020-03-13 10:30:00,99.772,2.195
948,2020-03-13 10:45:00,99.79,2.41
949,2020-03-13 11:00:00,99.807,2.517
950,2020-03-13 11:15:00,99.841,2.73
951,2020-03-13 11:30:00,99.858,2.943
952,2020-03-13 11:45:00,99.908,3.155
953,2020-03-13 12:00:00,99.892,3.367
954,2020-03-13 12:15:00,99.909,3.472
955,2020-03-13 12:30:00,99.893,3.578
956,2020-03-13 12:45:00,99.926,3.788
957,2020-03-13 13:00:00,99.926,3.893
958,2020-03-13 13:15:00,99.958,3.998
959,2020-03-13 13:30:00,99.942,4.102
960,2020-03-13 13:45:00,99.974,4.207
961,2020-03-13 14:00:00,100.007,4.311
962,2020-03-13 14:15:00,100.023,4.415
963,2020-03-13 14:30:00,100.023,4.415
964,2020-03-13 14:45:00,100.105,4.415
965,2020-03-13 15:00:00,100.089,4.519
966,2020-03-13 15:15:00,100.089,4.519
967,2020-03-13 15:30:00,100.121,4.519
968,2020-03-13 15:45:00,100.154,4.519
969,2020-03-13 16:00:00,100.138,4.519
970,2020-03-13 16:15:00,100.171,4.519
971,2020-03-13 16:30:00,100.22,4.415
972,2020-03-13 16:45:00,100.237,4.415
973,2020-03-13 17:00:00,100.237,4.311
974,2020-03-13 17:15:00,100.254,4.311
975,2020-03-13 17:30:00,100.27,4.207
976,2020-03-13 17:45:00,100.254,4.102
977,2020-03-13 18:00:00,100.32,3.998
978,2020-03-13 18:15:00,100.336,3.893
979,2020-03-13 18:30:00,100.353,3.893
980,2020-03-13 18:45:00,100.386,3.788
981,2020-03-13 19:00:00,100.435,3.683
982,2020-03-13 19:15:00,100.452,3.683
983,2020-03-13 19:30:00,100.435,3.578
984,2020-03-13 19:45:00,100.451,3.472
985,2020-03-13 20:00:00,100.484,3.472
986,2020-03-13 20:15:00,100.484,3.367
987,2020-03-13 20:30:00,100.5,3.261
988,2020-03-13 20:45:00,100.533,3.261
989,2020-03-13 21:00:00,100.533,3.155
990,2020-03-13 21:15:00,100.533,3.155
991,2020-03-13 21:30:00,100.566,3.155
992,2020-03-13 21:45:00,100.582,3.049
993,2020-03-13 22:00:00,100.582,3.049
994,2020-03-13 22:15:00,100.582,3.049
995,2020-03-13 22:30:00,100.614,2.943
996,2020-03-13 22:45:00,100.647,2.943
997,2020-03-13 23:00:00,100.663,2.943
998,2020-03-13 23:15:00,100.63,2.837
999,2020-03-13 23:30:00,100.63,2.837
1000,2020-03-13 23:45:00,100.58,2.73
1001,2020-03-14 00:00:00,100.613,2.73
1002,2020-03-14 00:15:00,100.563,2.624
1003,2020-03-14 00:30:00,100.629,2.624
1004,2020-03-14 00:45:00,100.612,2.624
1005,2020-03-14 01:00:00,100.644,2.517
1006,2020-03-14 01:15:00,100.694,2.517
1007,2020-03-14 01:30:00,100.677,2.517
1008,2020-03-14 01:45:00,100.66,2.41
1009,2020-03-14 02:00:00,100.644,2.41
1010,2020-03-14 02:15:00,100.644,2.41
1011,2020-03-14 02:30:00,100.627,2.41
1012,2020-03-14 02:45:00,100.644,2.41
1013,2020-03-14 03:00:00,100.627,2.41
1014,2020-03-14 03:15:00,100.611,2.41
1015,2020-03-14 03:30:00,100.644,2.41
1016,2020-03-14 03:45:00,100.676,2.41
1017,2020-03-14 04:00:00,100.676,2.41
1018,2020-03-14 04:15:00,100.693,2.41
1019,2020-03-14 04:30:00,100.709,2.41
1020,2020-03-14 04:45:00,100.676,2.41
1021,2020-03-14 05:00:00,100.694,2.517
1022,2020-03-14 05:15:00,100.677,2.517
1023,2020-03-14 05:30:00,100.71,2.517
1024,2020-03-14 05:45:00,100.743,2.517
1025,2020-03-14 06:00:00,100.71,2.517
1026,2020-03-14 06:15:00,100.694,2.517
1027,2020-03-14 06:30:00,100.71,2.517
1028,2020-03-14 06:45:00,100.759,2.517
1029,2020-03-14 07:00:00,100.825,2.517
1030,2020-03-14 07:15:00,100.874,2.517
1031,2020-03-14 07:30:00,100.842,2.517
1032,2020-03-14 07:45:00,100.842,2.624
1033,2020-03-14 08:00:00,100.892,2.624
1034,2020-03-14 08:15:00,100.924,2.624
1035,2020-03-14 08:30:00,100.924,2.624
1036,2020-03-14 08:45:00,100.925,2.73
1037,2020-03-14 09:00:00,100.925,2.73
1038,2020-03-14 09:15:00,100.925,2.73
1039,2020-03-14 09:30:00,100.926,2.837
1040,2020-03-14 09:45:00,100.876,2.837
1041,2020-03-14 10:00:00,100.893,2.837
1042,2020-03-14 10:15:00,100.91,2.943
1043,2020-03-14 10:30:00,100.877,2.943
1044,2020-03-14 10:45:00,100.877,2.943
1045,2020-03-14 11:00:00,100.894,3.049
1046,2020-03-14 11:15:00,100.861,3.155
1047,2020-03-14 11:30:00,100.911,3.155
1048,2020-03-14 11:45:00,100.845,3.155
1049,2020-03-14 12:00:00,100.928,3.261
1050,2020-03-14 12:15:00,100.862,3.261
1051,2020-03-14 12:30:00,100.862,3.261
1052,2020-03-14 12:45:00,100.895,3.367
1053,2020-03-14 13:00:00,100.911,3.367
1054,2020-03-14 13:15:00,100.911,3.367
1055,2020-03-14 13:30:00,100.911,3.367
1056,2020-03-14 13:45:00,100.911,3.367
1057,2020-03-14 14:00:00,100.928,3.367
1058,2020-03-14 14:15:00,100.928,3.367
1059,2020-03-14 14:30:00,100.928,3.367
1060,2020-03-14 14:45:00,100.911,3.367
1061,2020-03-14 15:00:00,100.878,3.367
1062,2020-03-14 15:15:00,100.878,3.367
1063,2020-03-14 15:30:00,100.911,3.367
1064,2020-03-14 15:45:00,100.862,3.261
1065,2020-03-14 16:00:00,100.862,3.261
1066,2020-03-14 16:15:00,100.862,3.261
1067,2020-03-14 16:30:00,100.862,3.261
1068,2020-03-14 16:45:00,100.878,3.261
1069,2020-03-14 17:00:00,100.911,3.261
1070,2020-03-14 17:15:00,100.894,3.155
1071,2020-03-14 17:30:00,100.894,3.155
1072,2020-03-14 17:45:00,100.911,3.155
1073,2020-03-14 18:00:00,100.91,3.049
1074,2020-03-14 18:15:00,100.943,3.049
1075,2020-03-14 18:30:00,100.96,3.049
1076,2020-03-14 18:45:00,100.959,2.943
1077,2020-03-14 19:00:00,100.992,2.943
1078,2020-03-14 19:15:00,101.025,2.943
1079,2020-03-14 19:30:00,101.041,2.943
1080,2020-03-14 19:45:00,101.057,2.837
1081,2020-03-14 20:00:00,101.057,2.837
1082,2020-03-14 20:15:00,101.057,2.837
1083,2020-03-14 20:30:00,101.041,2.837
1084,2020-03-14 20:45:00,101.074,2.837
1085,2020-03-14 21:00:00,101.073,2.73
1086,2020-03-14 21:15:00,101.106,2.73
1087,2020-03-14 21:30:00,101.122,2.73
1088,2020-03-14 21:45:00,101.139,2.73
1089,2020-03-14 22:00:00,101.155,2.73
1090,2020-03-14 22:15:00,101.122,2.624
1091,2020-03-14 22:30:00,101.122,2.624
1092,2020-03-14 22:45:00,101.122,2.624
1093,2020-03-14 23:00:00,101.138,2.624
1094,2020-03-14 23:15:00,101.138,2.624
1095,2020-03-14 23:30:00,101.138,2.624
1096,2020-03-14 23:45:00,101.137,2.517
1097,2020-03-15 00:00:00,101.121,2.517
1098,2020-03-15 00:15:00,101.088,2.517
1099,2020-03-15 00:30:00,101.088,2.517
1100,2020-03-15 00:45:00,101.105,2.517
1101,2020-03-15 01:00:00,101.071,2.41
1102,2020-03-15 01:15:00,101.12,2.41
1103,2020-03-15 01:30:00,101.137,2.41
1104,2020-03-15 01:45:00,101.12,2.41
1105,2020-03-15 02:00:00,101.137,2.41
1106,2020-03-15 02:15:00,101.104,2.41
1107,2020-03-15 02:30:00,101.12,2.41
1108,2020-03-15 02:45:00,101.103,2.303
1109,2020-03-15 03:00:00,101.119,2.303
1110,2020-03-15 03:15:00,101.136,2.303
1111,2020-03-15 03:30:00,101.136,2.303
1112,2020-03-15 03:45:00,101.119,2.303
1113,2020-03-15 04:00:00,101.119,2.303
1114,2020-03-15 04:15:00,101.136,2.303
1115,2020-03-15 04:30:00,101.169,2.303
1116,2020-03-15 04:45:00,101.185,2.303
1117,2020-03-15 05:00:00,101.185,2.303
1118,2020-03-15 05:15:00,101.185,2.303
1119,2020-03-15 05:30:00,101.202,2.303
1120,2020-03-15 05:45:00,101.185,2.303
1121,2020-03-15 06:00:00,101.218,2.303
1122,2020-03-15 06:15:00,101.202,2.303
1123,2020-03-15 06:30:00,101.234,2.303
1124,2020-03-15 06:45:00,101.251,2.303
1125,2020-03-15 07:00:00,101.284,2.303
1126,2020-03-15 07:15:00,101.3,2.303
1127,2020-03-15 07:30:00,101.284,2.303
1128,2020-03-15 07:45:00,101.284,2.303
1129,2020-03-15 08:00:00,101.284,2.303
1130,2020-03-15 08:15:00,101.317,2.303
1131,2020-03-15 08:30:00,101.333,2.303
1132,2020-03-15 08:45:00,101.334,2.41
1133,2020-03-15 09:00:00,101.334,2.41
1134,2020-03-15 09:15:00,101.334,2.41
1135,2020-03-15 09:30:00,101.335,2.517
1136,2020-03-15 09:45:00,101.335,2.517
1137,2020-03-15 10:00:00,101.335,2.624
1138,2020-03-15 10:15:00,101.336,2.73
1139,2020-03-15 10:30:00,101.303,2.73
1140,2020-03-15 10:45:00,101.337,2.837
1141,2020-03-15 11:00:00,101.287,2.837
1142,2020-03-15 11:15:00,101.304,2.943
1143,2020-03-15 11:30:00,101.272,3.049
1144,2020-03-15 11:45:00,101.272,3.049
1145,2020-03-15 12:00:00,101.256,3.155
1146,2020-03-15 12:15:00,101.24,3.261
1147,2020-03-15 12:30:00,101.224,3.367
1148,2020-03-15 12:45:00,101.191,3.367
1149,2020-03-15 13:00:00,101.158,3.472
1150,2020-03-15 13:15:00,101.126,3.578
1151,2020-03-15 13:30:00,101.076,3.683
1152,2020-03-15 13:45:00,101.093,3.788
1153,2020-03-15 14:00:00,101.027,3.998
1154,2020-03-15 14:15:00,101.044,3.998
1155,2020-03-15 14:30:00,101.011,3.998
1156,2020-03-15 14:45:00,101.027,4.102
1157,2020-03-15 15:00:00,101.011,4.102
1158,2020-03-15 15:15:00,100.978,4.207
1159,2020-03-15 15:30:00,100.961,4.207
1160,2020-03-15 15:45:00,100.912,4.207
1161,2020-03-15 16:00:00,100.912,4.311
1162,2020-03-15 16:15:00,100.895,4.311
1163,2020-03-15 16:30:00,100.912,4.311
1164,2020-03-15 16:45:00,100.879,4.311
1165,2020-03-15 17:00:00,100.862,4.207
1166,2020-03-15 17:15:00,100.846,4.207
1167,2020-03-15 17:30:00,100.813,4.207
1168,2020-03-15 17:45:00,100.797,4.102
1169,2020-03-15 18:00:00,100.83,4.102
1170,2020-03-15 18:15:00,100.83,4.102
1171,2020-03-15 18:30:00,100.813,3.998
1172,2020-03-15 18:45:00,100.797,3.998
1173,2020-03-15 19:00:00,100.764,3.893
1174,2020-03-15 19:15:00,100.748,3.893
1175,2020-03-15 19:30:00,100.715,3.788
1176,2020-03-15 19:45:00,100.731,3.788
1177,2020-03-15 20:00:00,100.731,3.683
1178,2020-03-15 20:15:00,100.731,3.683
1179,2020-03-15 20:30:00,100.747,3.578
1180,2020-03-15 20:45:00,100.714,3.578
1181,2020-03-15 21:00:00,100.698,3.578
1182,2020-03-15 21:15:00,100.665,3.472
1183,2020-03-15 21:30:00,100.665,3.472
1184,2020-03-15 21:45:00,100.632,3.472
1185,2020-03-15 22:00:00,100.632,3.367
1186,2020-03-15 22:15:00,100.632,3.367
1187,2020-03-15 22:30:00,100.632,3.261
1188,2020-03-15 22:45:00,100.615,3.261
1189,2020-03-15 23:00:00,100.615,3.261
1190,2020-03-15 23:15:00,100.582,3.155
1191,2020-03-15 23:30:00,100.615,3.155
1192,2020-03-15 23:45:00,100.598,3.155
1193,2020-03-16 00:00:00,100.565,3.049
1194,2020-03-16 00:15:00,100.499,3.049
1195,2020-03-16 00:30:00,100.45,3.049
1196,2020-03-16 00:45:00,100.466,2.943
1197,2020-03-16 01:00:00,100.466,2.943
1198,2020-03-16 01:15:00,100.417,2.943
1199,2020-03-16 01:30:00,100.433,2.943
1200,2020-03-16 01:45:00,100.4,2.943
1201,2020-03-16 02:00:00,100.351,2.837
1202,2020-03-16 02:15:00,100.351,2.837
1203,2020-03-16 02:30:00,100.351,2.837
1204,2020-03-16 02:45:00,100.351,2.837
1205,2020-03-16 03:00:00,100.318,2.837
1206,2020-03-16 03:15:00,100.268,2.837
1207,2020-03-16 03:30:00,100.236,2.837
1208,2020-03-16 03:45:00,100.219,2.837
1209,2020-03-16 04:00:00,100.219,2.837
1210,2020-03-16 04:15:00,100.203,2.837
1211,2020-03-16 04:30:00,100.17,2.837
1212,2020-03-16 04:45:00,100.17,2.837
1213,2020-03-16 05:00:00,100.153,2.837
1214,2020-03-16 05:15:00,100.121,2.837
1215,2020-03-16 05:30:00,100.153,2.837
1216,2020-03-16 05:45:00,100.17,2.837
1217,2020-03-16 06:00:00,100.137,2.837
1218,2020-03-16 06:15:00,100.104,2.73
1219,2020-03-16 06:30:00,100.104,2.73
1220,2020-03-16 06:45:00,100.104,2.73
1221,2020-03-16 07:00:00,100.12,2.73
1222,2020-03-16 07:15:00,100.054,2.73
1223,2020-03-16 07:30:00,100.054,2.73
1224,2020-03-16 07:45:00,100.038,2.73
1225,2020-03-16 08:00:00,100.039,2.837
1226,2020-03-16 08:15:00,100.055,2.837
1227,2020-03-16 08:30:00,100.039,2.837
