"","date","discharge"
"1",2020-09-30 06:00:00,0.02350298301
"2",2020-09-30 06:05:00,0.02350298301
"3",2020-09-30 06:10:00,0.02378615148
"4",2020-09-30 06:15:00,0.02350298301
"5",2020-09-30 06:20:00,0.02208714066
"6",2020-09-30 06:25:00,0.02378615148
"7",2020-09-30 06:30:00,0.02350298301
"8",2020-09-30 06:35:00,0.02350298301
"9",2020-09-30 06:40:00,0.02435248842
"10",2020-09-30 06:45:00,0.02321981454
"11",2020-09-30 06:50:00,0.02350298301
"12",2020-09-30 06:55:00,0.02406931995
"13",2020-09-30 07:00:00,0.02406931995
"14",2020-09-30 07:05:00,0.02350298301
"15",2020-09-30 07:10:00,0.02435248842
"16",2020-09-30 07:15:00,0.02378615148
"17",2020-09-30 07:20:00,0.02406931995
"18",2020-09-30 07:25:00,0.02378615148
"19",2020-09-30 07:30:00,0.02406931995
"20",2020-09-30 07:35:00,0.02435248842
"21",2020-09-30 07:40:00,0.02491882536
"22",2020-09-30 07:45:00,0.02463565689
"23",2020-09-30 07:50:00,0.02491882536
"24",2020-09-30 07:55:00,0.02378615148
"25",2020-09-30 08:00:00,0.02463565689
"26",2020-09-30 08:05:00,0.02491882536
"27",2020-09-30 08:10:00,0.0254851623
"28",2020-09-30 08:15:00,0.02463565689
"29",2020-09-30 08:20:00,0.02491882536
"30",2020-09-30 08:25:00,0.02463565689
"31",2020-09-30 08:30:00,0.02605149924
"32",2020-09-30 08:35:00,0.02661783618
"33",2020-09-30 08:40:00,0.02661783618
"34",2020-09-30 08:45:00,0.02605149924
"35",2020-09-30 08:50:00,0.02718417312
"36",2020-09-30 08:55:00,0.02775051006
"37",2020-09-30 09:00:00,0.02661783618
"38",2020-09-30 09:05:00,0.02661783618
"39",2020-09-30 09:10:00,0.02576833077
"40",2020-09-30 09:15:00,0.02803367853
"41",2020-09-30 09:20:00,0.02661783618
"42",2020-09-30 09:25:00,0.02775051006
"43",2020-09-30 09:30:00,0.02860001547
"44",2020-09-30 09:35:00,0.028316847
"45",2020-09-30 09:40:00,0.02860001547
"46",2020-09-30 09:45:00,0.028316847
"47",2020-09-30 09:50:00,0.02860001547
"48",2020-09-30 09:55:00,0.028316847
"49",2020-09-30 10:00:00,0.02973268935
"50",2020-09-30 10:05:00,0.02661783618
"51",2020-09-30 10:10:00,0.02605149924
"52",2020-09-30 10:15:00,0.02661783618
"53",2020-09-30 10:20:00,0.02435248842
"54",2020-09-30 10:25:00,0.02605149924
"55",2020-09-30 10:30:00,0.02520199383
"56",2020-09-30 10:35:00,0.02491882536
"57",2020-09-30 10:40:00,0.02746734159
"58",2020-09-30 10:45:00,0.02661783618
"59",2020-09-30 10:50:00,0.02491882536
"60",2020-09-30 10:55:00,0.02661783618
"61",2020-09-30 11:00:00,0.02775051006
"62",2020-09-30 11:05:00,0.02690100465
"63",2020-09-30 11:10:00,0.02775051006
"64",2020-09-30 11:15:00,0.02633466771
"65",2020-09-30 11:20:00,0.02633466771
"66",2020-09-30 11:25:00,0.02661783618
"67",2020-09-30 11:30:00,0.02605149924
"68",2020-09-30 11:35:00,0.02576833077
"69",2020-09-30 11:40:00,0.02661783618
"70",2020-09-30 11:45:00,0.02520199383
"71",2020-09-30 11:50:00,0.02605149924
"72",2020-09-30 11:55:00,0.02576833077
"73",2020-09-30 12:00:00,0.02491882536
"74",2020-09-30 12:05:00,0.02463565689
"75",2020-09-30 12:10:00,0.02605149924
"76",2020-09-30 12:15:00,0.02406931995
"77",2020-09-30 12:20:00,0.02463565689
"78",2020-09-30 12:25:00,0.02321981454
"79",2020-09-30 12:30:00,0.0226534776
"80",2020-09-30 12:35:00,0.02406931995
"81",2020-09-30 12:40:00,0.02378615148
"82",2020-09-30 12:45:00,0.02661783618
"83",2020-09-30 12:50:00,0.02293664607
"84",2020-09-30 12:55:00,0.02605149924
"85",2020-09-30 13:00:00,0.02321981454
"86",2020-09-30 13:05:00,0.02406931995
"87",2020-09-30 13:10:00,0.02803367853
"88",2020-09-30 13:15:00,0.02491882536
"89",2020-09-30 13:20:00,0.02605149924
"90",2020-09-30 13:25:00,0.02718417312
"91",2020-09-30 13:30:00,0.02321981454
"92",2020-09-30 13:35:00,0.02463565689
"93",2020-09-30 13:40:00,0.02718417312
"94",2020-09-30 13:45:00,0.02718417312
"95",2020-09-30 13:50:00,0.02944952088
"96",2020-09-30 13:55:00,0.0311485317
"97",2020-09-30 14:00:00,0.02803367853
"98",2020-09-30 14:05:00,0.028316847
"99",2020-09-30 14:10:00,0.02944952088
"100",2020-09-30 14:15:00,0.02690100465
"101",2020-09-30 14:20:00,0.02775051006
"102",2020-09-30 14:25:00,0.02746734159
"103",2020-09-30 14:30:00,0.02605149924
"104",2020-09-30 14:35:00,0.02746734159
"105",2020-09-30 14:40:00,0.02775051006
"106",2020-09-30 14:45:00,0.02860001547
"107",2020-09-30 14:50:00,0.028316847
"108",2020-09-30 14:55:00,0.03879408039
"109",2020-09-30 15:00:00,0.03482972181
"110",2020-09-30 15:05:00,0.03199803711
"111",2020-09-30 15:10:00,0.03907724886
"112",2020-09-30 15:15:00,0.03624556416
"113",2020-09-30 15:20:00,0.04049309121
"114",2020-09-30 15:25:00,0.03851091192
"115",2020-09-30 15:30:00,0.03001585782
"116",2020-09-30 15:35:00,0.03454655334
"117",2020-09-30 15:40:00,0.0339802164
"118",2020-09-30 15:45:00,0.02860001547
"119",2020-09-30 15:50:00,0.04134259662
"120",2020-09-30 15:55:00,0.02010496137
"121",2020-09-30 16:00:00,0.03511289028
"122",2020-09-30 16:05:00,0.03454655334
"123",2020-09-30 16:10:00,0.02095446678
"124",2020-09-30 16:15:00,0.03511289028
"125",2020-09-30 16:20:00,0.02605149924
"126",2020-09-30 16:25:00,0.02067129831
"127",2020-09-30 16:30:00,0.02803367853
"128",2020-09-30 16:35:00,0.02661783618
"129",2020-09-30 16:40:00,0.02095446678
"130",2020-09-30 16:45:00,0.03029902629
"131",2020-09-30 16:50:00,0.02123763525
"132",2020-09-30 16:55:00,0.02605149924
"133",2020-09-30 17:00:00,0.02605149924
"134",2020-09-30 17:05:00,0.01925545596
"135",2020-09-30 17:10:00,0.02491882536
"136",2020-09-30 17:15:00,0.02605149924
"137",2020-09-30 17:20:00,0.02293664607
"138",2020-09-30 17:25:00,0.03341387946
"139",2020-09-30 17:30:00,0.02463565689
"140",2020-09-30 17:35:00,0.02180397219
"141",2020-09-30 17:40:00,0.02576833077
"142",2020-09-30 17:45:00,0.02010496137
"143",2020-09-30 17:50:00,0.02095446678
"144",2020-09-30 17:55:00,0.02237030913
"145",2020-09-30 18:00:00,0.02378615148
"146",2020-09-30 18:05:00,0.02321981454
"147",2020-09-30 18:10:00,0.0226534776
"148",2020-09-30 18:15:00,0.01897228749
"149",2020-09-30 18:20:00,0.02605149924
"150",2020-09-30 18:25:00,0.01868911902
"151",2020-09-30 18:30:00,0.01472476044
"152",2020-09-30 18:35:00,0.02463565689
"153",2020-09-30 18:40:00,0.02038812984
"154",2020-09-30 18:45:00,0.01953862443
"155",2020-09-30 18:50:00,0.02321981454
"156",2020-09-30 18:55:00,0.02152080372
"157",2020-09-30 19:00:00,0.01727327667
"158",2020-09-30 19:05:00,0.02038812984
"159",2020-09-30 19:10:00,0.01868911902
"160",2020-09-30 19:15:00,0.02520199383
"161",2020-09-30 19:20:00,0.02661783618
"162",2020-09-30 19:25:00,0.0254851623
"163",2020-09-30 19:30:00,0.02321981454
"164",2020-09-30 19:35:00,0.02208714066
"165",2020-09-30 19:40:00,0.02463565689
"166",2020-09-30 19:45:00,0.0198217929
"167",2020-09-30 19:50:00,0.02152080372
"168",2020-09-30 19:55:00,0.02576833077
"169",2020-09-30 20:00:00,0.02010496137
"170",2020-09-30 20:05:00,0.02067129831
"171",2020-09-30 20:10:00,0.01500792891
"172",2020-09-30 20:15:00,0.01755644514
"173",2020-09-30 20:20:00,0.02463565689
"174",2020-09-30 20:25:00,0.02038812984
"175",2020-09-30 20:30:00,0.01897228749
"176",2020-09-30 20:35:00,0.01868911902
"177",2020-09-30 20:40:00,0.01953862443
"178",2020-09-30 20:45:00,0.02520199383
"179",2020-09-30 20:50:00,0.01727327667
"180",2020-09-30 20:55:00,0.0226534776
"181",2020-09-30 21:00:00,0.02944952088
"182",2020-09-30 21:05:00,0.03822774345
"183",2020-09-30 21:10:00,0.02463565689
"184",2020-09-30 21:15:00,0.02237030913
"185",2020-09-30 21:20:00,0.02973268935
"186",2020-09-30 21:25:00,0.02378615148
"187",2020-09-30 21:30:00,0.0226534776
"188",2020-09-30 21:35:00,0.02378615148
"189",2020-09-30 21:40:00,0.01953862443
"190",2020-09-30 21:45:00,0.02775051006
"191",2020-09-30 21:50:00,0.03001585782
"192",2020-09-30 21:55:00,0.02633466771
"193",2020-09-30 22:00:00,0.02237030913
"194",2020-09-30 22:05:00,0.03482972181
"195",2020-09-30 22:10:00,0.02350298301
"196",2020-09-30 22:15:00,0.01557426585
"197",2020-09-30 22:20:00,0.02633466771
"198",2020-09-30 22:25:00,0.02293664607
"199",2020-09-30 22:30:00,0.01840595055
"200",2020-09-30 22:35:00,0.02435248842
"201",2020-09-30 22:40:00,0.02010496137
"202",2020-09-30 22:45:00,0.01897228749
"203",2020-09-30 22:50:00,0.02208714066
"204",2020-09-30 22:55:00,0.01897228749
"205",2020-09-30 23:00:00,0.02293664607
"206",2020-09-30 23:05:00,0.02435248842
"207",2020-09-30 23:10:00,0.0198217929
"208",2020-09-30 23:15:00,0.02237030913
"209",2020-09-30 23:20:00,0.01953862443
"210",2020-09-30 23:25:00,0.01840595055
"211",2020-09-30 23:30:00,0.02520199383
"212",2020-09-30 23:35:00,0.02038812984
"213",2020-09-30 23:40:00,0.02152080372
"214",2020-09-30 23:45:00,0.02576833077
"215",2020-09-30 23:50:00,0.02010496137
"216",2020-09-30 23:55:00,0.02491882536
"217",2020-10-01 00:00:00,0.02321981454
"218",2020-10-01 00:05:00,0.02067129831
"219",2020-10-01 00:10:00,0.02067129831
"220",2020-10-01 00:15:00,0.02038812984
"221",2020-10-01 00:20:00,0.02095446678
"222",2020-10-01 00:25:00,0.02123763525
"223",2020-10-01 00:30:00,0.02123763525
"224",2020-10-01 00:35:00,0.02095446678
"225",2020-10-01 00:40:00,0.02095446678
"226",2020-10-01 00:45:00,0.02067129831
"227",2020-10-01 00:50:00,0.02010496137
"228",2020-10-01 00:55:00,0.01953862443
"229",2020-10-01 01:00:00,0.01840595055
"230",2020-10-01 01:05:00,0.01868911902
"231",2020-10-01 01:10:00,0.01897228749
"232",2020-10-01 01:15:00,0.01783961361
"233",2020-10-01 01:20:00,0.01812278208
"234",2020-10-01 01:25:00,0.01783961361
"235",2020-10-01 01:30:00,0.01755644514
"236",2020-10-01 01:35:00,0.01783961361
"237",2020-10-01 01:40:00,0.01812278208
"238",2020-10-01 01:45:00,0.01868911902
"239",2020-10-01 01:50:00,0.01783961361
"240",2020-10-01 01:55:00,0.01868911902
"241",2020-10-01 02:00:00,0.01812278208
"242",2020-10-01 02:05:00,0.01812278208
"243",2020-10-01 02:10:00,0.01840595055
"244",2020-10-01 02:15:00,0.01755644514
"245",2020-10-01 02:20:00,0.01783961361
"246",2020-10-01 02:25:00,0.01812278208
"247",2020-10-01 02:30:00,0.01670693973
"248",2020-10-01 02:35:00,0.01670693973
"249",2020-10-01 02:40:00,0.01727327667
"250",2020-10-01 02:45:00,0.01783961361
"251",2020-10-01 02:50:00,0.01868911902
"252",2020-10-01 02:55:00,0.01614060279
"253",2020-10-01 03:00:00,0.01755644514
"254",2020-10-01 03:05:00,0.01642377126
"255",2020-10-01 03:10:00,0.01783961361
"256",2020-10-01 03:15:00,0.01755644514
"257",2020-10-01 03:20:00,0.01500792891
"258",2020-10-01 03:25:00,0.01670693973
"259",2020-10-01 03:30:00,0.01614060279
"260",2020-10-01 03:35:00,0.01642377126
"261",2020-10-01 03:40:00,0.01727327667
"262",2020-10-01 03:45:00,0.01670693973
"263",2020-10-01 03:50:00,0.01727327667
"264",2020-10-01 03:55:00,0.01812278208
"265",2020-10-01 04:00:00,0.01755644514
"266",2020-10-01 04:05:00,0.0169901082
"267",2020-10-01 04:10:00,0.01868911902
"268",2020-10-01 04:15:00,0.01812278208
"269",2020-10-01 04:20:00,0.0169901082
"270",2020-10-01 04:25:00,0.01812278208
"271",2020-10-01 04:30:00,0.0169901082
"272",2020-10-01 04:35:00,0.01642377126
"273",2020-10-01 04:40:00,0.01727327667
"274",2020-10-01 04:45:00,0.01755644514
"275",2020-10-01 04:50:00,0.01812278208
"276",2020-10-01 04:55:00,0.01727327667
"277",2020-10-01 05:00:00,0.0169901082
"278",2020-10-01 05:05:00,0.01755644514
"279",2020-10-01 05:10:00,0.01727327667
"280",2020-10-01 05:15:00,0.01840595055
"281",2020-10-01 05:20:00,0.01812278208
"282",2020-10-01 05:25:00,0.01812278208
"283",2020-10-01 05:30:00,0.01840595055
"284",2020-10-01 05:35:00,0.0169901082
"285",2020-10-01 05:40:00,0.01755644514
"286",2020-10-01 05:45:00,0.01755644514
"287",2020-10-01 05:50:00,0.01755644514
"288",2020-10-01 05:55:00,0.01727327667
"289",2020-10-01 06:00:00,0.01585743432
"290",2020-10-01 06:05:00,0.01529109738
"291",2020-10-01 06:10:00,0.01755644514
"292",2020-10-01 06:15:00,0.01614060279
"293",2020-10-01 06:20:00,0.01500792891
"294",2020-10-01 06:25:00,0.01642377126
"295",2020-10-01 06:30:00,0.01642377126
"296",2020-10-01 06:35:00,0.01500792891
"297",2020-10-01 06:40:00,0.01670693973
"298",2020-10-01 06:45:00,0.01472476044
"299",2020-10-01 06:50:00,0.01642377126
"300",2020-10-01 06:55:00,0.01529109738
"301",2020-10-01 07:00:00,0.01585743432
"302",2020-10-01 07:05:00,0.01614060279
"303",2020-10-01 07:10:00,0.01585743432
"304",2020-10-01 07:15:00,0.01642377126
"305",2020-10-01 07:20:00,0.01585743432
"306",2020-10-01 07:25:00,0.01472476044
"307",2020-10-01 07:30:00,0.01557426585
"308",2020-10-01 07:35:00,0.01500792891
"309",2020-10-01 07:40:00,0.01557426585
"310",2020-10-01 07:45:00,0.01500792891
"311",2020-10-01 07:50:00,0.0141584235
"312",2020-10-01 07:55:00,0.01529109738
"313",2020-10-01 08:00:00,0.01557426585
"314",2020-10-01 08:05:00,0.01472476044
"315",2020-10-01 08:10:00,0.0169901082
"316",2020-10-01 08:15:00,0.01585743432
"317",2020-10-01 08:20:00,0.01529109738
"318",2020-10-01 08:25:00,0.01557426585
"319",2020-10-01 08:30:00,0.01585743432
"320",2020-10-01 08:35:00,0.01529109738
"321",2020-10-01 08:40:00,0.01585743432
"322",2020-10-01 08:45:00,0.01472476044
"323",2020-10-01 08:50:00,0.01500792891
"324",2020-10-01 08:55:00,0.01529109738
"325",2020-10-01 09:00:00,0.01585743432
"326",2020-10-01 09:05:00,0.01529109738
"327",2020-10-01 09:10:00,0.01585743432
"328",2020-10-01 09:15:00,0.0169901082
"329",2020-10-01 09:20:00,0.01642377126
"330",2020-10-01 09:25:00,0.01585743432
"331",2020-10-01 09:30:00,0.01529109738
"332",2020-10-01 09:35:00,0.01500792891
"333",2020-10-01 09:40:00,0.0169901082
"334",2020-10-01 09:45:00,0.01472476044
"335",2020-10-01 09:50:00,0.01585743432
"336",2020-10-01 09:55:00,0.01500792891
"337",2020-10-01 10:00:00,0.01585743432
"338",2020-10-01 10:05:00,0.01614060279
"339",2020-10-01 10:10:00,0.01557426585
"340",2020-10-01 10:15:00,0.01614060279
"341",2020-10-01 10:20:00,0.01500792891
"342",2020-10-01 10:25:00,0.01500792891
"343",2020-10-01 10:30:00,0.01614060279
"344",2020-10-01 10:35:00,0.01557426585
"345",2020-10-01 10:40:00,0.01585743432
"346",2020-10-01 10:45:00,0.01472476044
"347",2020-10-01 10:50:00,0.01614060279
"348",2020-10-01 10:55:00,0.01500792891
"349",2020-10-01 11:00:00,0.01529109738
"350",2020-10-01 11:05:00,0.01727327667
"351",2020-10-01 11:10:00,0.01529109738
"352",2020-10-01 11:15:00,0.01642377126
"353",2020-10-01 11:20:00,0.01472476044
"354",2020-10-01 11:25:00,0.01444159197
"355",2020-10-01 11:30:00,0.01387525503
"356",2020-10-01 11:35:00,0.01500792891
"357",2020-10-01 11:40:00,0.01500792891
"358",2020-10-01 11:45:00,0.01529109738
"359",2020-10-01 11:50:00,0.01444159197
"360",2020-10-01 11:55:00,0.01359208656
"361",2020-10-01 12:00:00,0.01387525503
"362",2020-10-01 12:05:00,0.0141584235
"363",2020-10-01 12:10:00,0.0141584235
"364",2020-10-01 12:15:00,0.01444159197
"365",2020-10-01 12:20:00,0.01472476044
"366",2020-10-01 12:25:00,0.01302574962
"367",2020-10-01 12:30:00,0.0141584235
"368",2020-10-01 12:35:00,0.01359208656
"369",2020-10-01 12:40:00,0.01472476044
"370",2020-10-01 12:45:00,0.01274258115
"371",2020-10-01 12:50:00,0.01387525503
"372",2020-10-01 12:55:00,0.01359208656
"373",2020-10-01 13:00:00,0.01387525503
"374",2020-10-01 13:05:00,0.01330891809
"375",2020-10-01 13:10:00,0.01330891809
"376",2020-10-01 13:15:00,0.01274258115
"377",2020-10-01 13:20:00,0.01387525503
"378",2020-10-01 13:25:00,0.01387525503
"379",2020-10-01 13:30:00,0.0141584235
"380",2020-10-01 13:35:00,0.01302574962
"381",2020-10-01 13:40:00,0.01359208656
"382",2020-10-01 13:45:00,0.01359208656
"383",2020-10-01 13:50:00,0.01359208656
"384",2020-10-01 13:55:00,0.01302574962
"385",2020-10-01 14:00:00,0.01585743432
"386",2020-10-01 14:05:00,0.01472476044
"387",2020-10-01 14:10:00,0.01500792891
"388",2020-10-01 14:15:00,0.0141584235
"389",2020-10-01 14:20:00,0.01444159197
"390",2020-10-01 14:25:00,0.01387525503
"391",2020-10-01 14:30:00,0.01500792891
"392",2020-10-01 14:35:00,0.01359208656
"393",2020-10-01 14:40:00,0.0141584235
"394",2020-10-01 14:45:00,0.01444159197
"395",2020-10-01 14:50:00,0.01359208656
"396",2020-10-01 14:55:00,0.01529109738
"397",2020-10-01 15:00:00,0.01330891809
"398",2020-10-01 15:05:00,0.01529109738
"399",2020-10-01 15:10:00,0.01500792891
"400",2020-10-01 15:15:00,0.01585743432
"401",2020-10-01 15:20:00,0.01387525503
"402",2020-10-01 15:25:00,0.01302574962
"403",2020-10-01 15:30:00,0.01472476044
"404",2020-10-01 15:35:00,0.01387525503
"405",2020-10-01 15:40:00,0.01359208656
"406",2020-10-01 15:45:00,0.01500792891
"407",2020-10-01 15:50:00,0.01387525503
"408",2020-10-01 15:55:00,0.0141584235
"409",2020-10-01 16:00:00,0.0141584235
"410",2020-10-01 16:05:00,0.01387525503
"411",2020-10-01 16:10:00,0.01529109738
"412",2020-10-01 16:15:00,0.01557426585
"413",2020-10-01 16:20:00,0.01387525503
"414",2020-10-01 16:25:00,0.01444159197
"415",2020-10-01 16:30:00,0.01500792891
"416",2020-10-01 16:35:00,0.0141584235
"417",2020-10-01 16:40:00,0.0141584235
"418",2020-10-01 16:45:00,0.01387525503
"419",2020-10-01 16:50:00,0.01302574962
"420",2020-10-01 16:55:00,0.01557426585
"421",2020-10-01 17:00:00,0.01387525503
"422",2020-10-01 17:05:00,0.01472476044
"423",2020-10-01 17:10:00,0.01245941268
"424",2020-10-01 17:15:00,0.01302574962
"425",2020-10-01 17:20:00,0.01359208656
"426",2020-10-01 17:25:00,0.01472476044
"427",2020-10-01 17:30:00,0.0141584235
"428",2020-10-01 17:35:00,0.0113267388
"429",2020-10-01 17:40:00,0.01274258115
"430",2020-10-01 17:45:00,0.01302574962
"431",2020-10-01 17:50:00,0.01330891809
"432",2020-10-01 17:55:00,0.01387525503
"433",2020-10-01 18:00:00,0.01585743432
"434",2020-10-01 18:05:00,0.01359208656
"435",2020-10-01 18:10:00,0.01245941268
"436",2020-10-01 18:15:00,0.01104357033
"437",2020-10-01 18:20:00,0.01217624421
"438",2020-10-01 18:25:00,0.0141584235
"439",2020-10-01 18:30:00,0.01500792891
"440",2020-10-01 18:35:00,0.01642377126
"441",2020-10-01 18:40:00,0.01217624421
"442",2020-10-01 18:45:00,0.01302574962
"443",2020-10-01 18:50:00,0.0141584235
"444",2020-10-01 18:55:00,0.01217624421
"445",2020-10-01 19:00:00,0.01217624421
"446",2020-10-01 19:05:00,0.01387525503
"447",2020-10-01 19:10:00,0.01104357033
"448",2020-10-01 19:15:00,0.01500792891
"449",2020-10-01 19:20:00,0.01585743432
"450",2020-10-01 19:25:00,0.01330891809
"451",2020-10-01 19:30:00,0.01302574962
"452",2020-10-01 19:35:00,0.01245941268
"453",2020-10-01 19:40:00,0.01245941268
"454",2020-10-01 19:45:00,0.0141584235
"455",2020-10-01 19:50:00,0.02038812984
"456",2020-10-01 19:55:00,0.01160990727
"457",2020-10-01 20:00:00,0.01727327667
"458",2020-10-01 20:05:00,0.01953862443
"459",2020-10-01 20:10:00,0.01274258115
"460",2020-10-01 20:15:00,0.01614060279
"461",2020-10-01 20:20:00,0.01585743432
"462",2020-10-01 20:25:00,0.01387525503
"463",2020-10-01 20:30:00,0.01387525503
"464",2020-10-01 20:35:00,0.01444159197
"465",2020-10-01 20:40:00,0.01812278208
"466",2020-10-01 20:45:00,0.01529109738
"467",2020-10-01 20:50:00,0.01160990727
"468",2020-10-01 20:55:00,0.01642377126
"469",2020-10-01 21:00:00,0.01614060279
"470",2020-10-01 21:05:00,0.0198217929
"471",2020-10-01 21:10:00,0.01444159197
"472",2020-10-01 21:15:00,0.01585743432
"473",2020-10-01 21:20:00,0.01840595055
"474",2020-10-01 21:25:00,0.01359208656
"475",2020-10-01 21:30:00,0.01670693973
"476",2020-10-01 21:35:00,0.01614060279
"477",2020-10-01 21:40:00,0.01359208656
"478",2020-10-01 21:45:00,0.01727327667
"479",2020-10-01 21:50:00,0.01840595055
"480",2020-10-01 21:55:00,0.01642377126
"481",2020-10-01 22:00:00,0.01614060279
"482",2020-10-01 22:05:00,0.01387525503
"483",2020-10-01 22:10:00,0.01614060279
"484",2020-10-01 22:15:00,0.0169901082
"485",2020-10-01 22:20:00,0.01529109738
"486",2020-10-01 22:25:00,0.01783961361
"487",2020-10-01 22:30:00,0.01557426585
"488",2020-10-01 22:35:00,0.01387525503
"489",2020-10-01 22:40:00,0.01274258115
"490",2020-10-01 22:45:00,0.00962772798
"491",2020-10-01 22:50:00,0.01302574962
"492",2020-10-01 22:55:00,0.01189307574
"493",2020-10-01 23:00:00,0.01104357033
"494",2020-10-01 23:05:00,0.01500792891
"495",2020-10-01 23:10:00,0.01274258115
"496",2020-10-01 23:15:00,0.01302574962
"497",2020-10-01 23:20:00,0.01359208656
"498",2020-10-01 23:25:00,0.01160990727
"499",2020-10-01 23:30:00,0.01330891809
"500",2020-10-01 23:35:00,0.01444159197
"501",2020-10-01 23:40:00,0.01302574962
"502",2020-10-01 23:45:00,0.01444159197
"503",2020-10-01 23:50:00,0.01472476044
"504",2020-10-01 23:55:00,0.0141584235
"505",2020-10-02 00:00:00,0.01500792891
"506",2020-10-02 00:05:00,0.01444159197
"507",2020-10-02 00:10:00,0.01444159197
"508",2020-10-02 00:15:00,0.0141584235
"509",2020-10-02 00:20:00,0.01302574962
"510",2020-10-02 00:25:00,0.01274258115
"511",2020-10-02 00:30:00,0.01302574962
"512",2020-10-02 00:35:00,0.01359208656
"513",2020-10-02 00:40:00,0.01387525503
"514",2020-10-02 00:45:00,0.0141584235
"515",2020-10-02 00:50:00,0.01330891809
"516",2020-10-02 00:55:00,0.0141584235
"517",2020-10-02 01:00:00,0.01387525503
"518",2020-10-02 01:05:00,0.01387525503
"519",2020-10-02 01:10:00,0.01359208656
"520",2020-10-02 01:15:00,0.01274258115
"521",2020-10-02 01:20:00,0.01359208656
"522",2020-10-02 01:25:00,0.01302574962
"523",2020-10-02 01:30:00,0.01330891809
"524",2020-10-02 01:35:00,0.01330891809
"525",2020-10-02 01:40:00,0.01387525503
"526",2020-10-02 01:45:00,0.01330891809
"527",2020-10-02 01:50:00,0.01330891809
"528",2020-10-02 01:55:00,0.01330891809
"529",2020-10-02 02:00:00,0.01302574962
"530",2020-10-02 02:05:00,0.01330891809
"531",2020-10-02 02:10:00,0.01302574962
"532",2020-10-02 02:15:00,0.01330891809
"533",2020-10-02 02:20:00,0.01330891809
"534",2020-10-02 02:25:00,0.01330891809
"535",2020-10-02 02:30:00,0.01302574962
"536",2020-10-02 02:35:00,0.01217624421
"537",2020-10-02 02:40:00,0.01274258115
"538",2020-10-02 02:45:00,0.01274258115
"539",2020-10-02 02:50:00,0.01330891809
"540",2020-10-02 02:55:00,0.01330891809
"541",2020-10-02 03:00:00,0.01330891809
"542",2020-10-02 03:05:00,0.01302574962
"543",2020-10-02 03:10:00,0.01330891809
"544",2020-10-02 03:15:00,0.01274258115
"545",2020-10-02 03:20:00,0.01302574962
"546",2020-10-02 03:25:00,0.01302574962
"547",2020-10-02 03:30:00,0.01330891809
"548",2020-10-02 03:35:00,0.01330891809
"549",2020-10-02 03:40:00,0.01245941268
"550",2020-10-02 03:45:00,0.01245941268
"551",2020-10-02 03:50:00,0.01189307574
"552",2020-10-02 03:55:00,0.01274258115
"553",2020-10-02 04:00:00,0.01330891809
"554",2020-10-02 04:05:00,0.01245941268
"555",2020-10-02 04:10:00,0.01076040186
"556",2020-10-02 04:15:00,0.01217624421
"557",2020-10-02 04:20:00,0.01217624421
"558",2020-10-02 04:25:00,0.01274258115
"559",2020-10-02 04:30:00,0.01217624421
"560",2020-10-02 04:35:00,0.01302574962
"561",2020-10-02 04:40:00,0.01245941268
"562",2020-10-02 04:45:00,0.01160990727
"563",2020-10-02 04:50:00,0.01245941268
"564",2020-10-02 04:55:00,0.01217624421
"565",2020-10-02 05:00:00,0.01274258115
"566",2020-10-02 05:05:00,0.01217624421
"567",2020-10-02 05:10:00,0.01245941268
"568",2020-10-02 05:15:00,0.01160990727
"569",2020-10-02 05:20:00,0.01217624421
"570",2020-10-02 05:25:00,0.01104357033
"571",2020-10-02 05:30:00,0.01189307574
"572",2020-10-02 05:35:00,0.01189307574
"573",2020-10-02 05:40:00,0.01217624421
"574",2020-10-02 05:45:00,0.01189307574
"575",2020-10-02 05:50:00,0.01104357033
"576",2020-10-02 05:55:00,0.01274258115
"577",2020-10-02 06:00:00,0.01104357033
"578",2020-10-02 06:05:00,0.01160990727
"579",2020-10-02 06:10:00,0.01047723339
"580",2020-10-02 06:15:00,0.0113267388
"581",2020-10-02 06:20:00,0.01076040186
"582",2020-10-02 06:25:00,0.01047723339
"583",2020-10-02 06:30:00,0.01160990727
"584",2020-10-02 06:35:00,0.01047723339
"585",2020-10-02 06:40:00,0.00877822257
"586",2020-10-02 06:45:00,0.00991089645
"587",2020-10-02 06:50:00,0.00991089645
"588",2020-10-02 06:55:00,0.00906139104
"589",2020-10-02 07:00:00,0.00877822257
"590",2020-10-02 07:05:00,0.00906139104
"591",2020-10-02 07:10:00,0.01019406492
"592",2020-10-02 07:15:00,0.00991089645
"593",2020-10-02 07:20:00,0.00934455951
"594",2020-10-02 07:25:00,0.01019406492
"595",2020-10-02 07:30:00,0.00906139104
"596",2020-10-02 07:35:00,0.00934455951
"597",2020-10-02 07:40:00,0.00877822257
"598",2020-10-02 07:45:00,0.00906139104
"599",2020-10-02 07:50:00,0.00877822257
"600",2020-10-02 07:55:00,0.00934455951
"601",2020-10-02 08:00:00,0.00821188563
"602",2020-10-02 08:05:00,0.00906139104
"603",2020-10-02 08:10:00,0.00962772798
"604",2020-10-02 08:15:00,0.00821188563
"605",2020-10-02 08:20:00,0.00934455951
"606",2020-10-02 08:25:00,0.00962772798
"607",2020-10-02 08:30:00,0.00736238022
"608",2020-10-02 08:35:00,0.00934455951
"609",2020-10-02 08:40:00,0.01019406492
"610",2020-10-02 08:45:00,0.00792871716
"611",2020-10-02 08:50:00,0.00934455951
"612",2020-10-02 08:55:00,0.00934455951
"613",2020-10-02 09:00:00,0.00934455951
"614",2020-10-02 09:05:00,0.00906139104
"615",2020-10-02 09:10:00,0.00877822257
"616",2020-10-02 09:15:00,0.0084950541
"617",2020-10-02 09:20:00,0.00877822257
"618",2020-10-02 09:25:00,0.00877822257
"619",2020-10-02 09:30:00,0.00877822257
"620",2020-10-02 09:35:00,0.00877822257
"621",2020-10-02 09:40:00,0.0084950541
"622",2020-10-02 09:45:00,0.00792871716
"623",2020-10-02 09:50:00,0.00821188563
"624",2020-10-02 09:55:00,0.00792871716
"625",2020-10-02 10:00:00,0.00792871716
"626",2020-10-02 10:05:00,0.00821188563
"627",2020-10-02 10:10:00,0.0084950541
"628",2020-10-02 10:15:00,0.00877822257
"629",2020-10-02 10:20:00,0.0084950541
"630",2020-10-02 10:25:00,0.00906139104
"631",2020-10-02 10:30:00,0.0084950541
"632",2020-10-02 10:35:00,0.00792871716
"633",2020-10-02 10:40:00,0.00934455951
"634",2020-10-02 10:45:00,0.0084950541
"635",2020-10-02 10:50:00,0.00877822257
"636",2020-10-02 10:55:00,0.00934455951
"637",2020-10-02 11:00:00,0.00877822257
"638",2020-10-02 11:05:00,0.00934455951
"639",2020-10-02 11:10:00,0.00906139104
"640",2020-10-02 11:15:00,0.00906139104
"641",2020-10-02 11:20:00,0.00877822257
"642",2020-10-02 11:25:00,0.00877822257
"643",2020-10-02 11:30:00,0.00821188563
"644",2020-10-02 11:35:00,0.00906139104
"645",2020-10-02 11:40:00,0.0084950541
"646",2020-10-02 11:45:00,0.00877822257
"647",2020-10-02 11:50:00,0.0084950541
"648",2020-10-02 11:55:00,0.00877822257
"649",2020-10-02 12:00:00,0.00821188563
"650",2020-10-02 12:05:00,0.00736238022
"651",2020-10-02 12:10:00,0.0084950541
"652",2020-10-02 12:15:00,0.00821188563
"653",2020-10-02 12:20:00,0.0084950541
"654",2020-10-02 12:25:00,0.00906139104
"655",2020-10-02 12:30:00,0.00821188563
"656",2020-10-02 12:35:00,0.00821188563
"657",2020-10-02 12:40:00,0.0084950541
"658",2020-10-02 12:45:00,0.00764554869
"659",2020-10-02 12:50:00,0.00877822257
"660",2020-10-02 12:55:00,0.00821188563
"661",2020-10-02 13:00:00,0.00764554869
"662",2020-10-02 13:05:00,0.0084950541
"663",2020-10-02 13:10:00,0.00792871716
"664",2020-10-02 13:15:00,0.00792871716
"665",2020-10-02 13:20:00,0.0084950541
"666",2020-10-02 13:25:00,0.00821188563
"667",2020-10-02 13:30:00,0.00764554869
"668",2020-10-02 13:35:00,0.0084950541
"669",2020-10-02 13:40:00,0.00764554869
"670",2020-10-02 13:45:00,0.00764554869
"671",2020-10-02 13:50:00,0.00792871716
"672",2020-10-02 13:55:00,0.00764554869
"673",2020-10-02 14:00:00,0.00736238022
"674",2020-10-02 14:05:00,0.00736238022
"675",2020-10-02 14:10:00,0.00736238022
"676",2020-10-02 14:15:00,0.00736238022
"677",2020-10-02 14:20:00,0.00651287481
"678",2020-10-02 14:25:00,0.00707921175
"679",2020-10-02 14:30:00,0.00651287481
"680",2020-10-02 14:35:00,0.00707921175
"681",2020-10-02 14:40:00,0.00736238022
"682",2020-10-02 14:45:00,0.00651287481
"683",2020-10-02 14:50:00,0.00707921175
"684",2020-10-02 14:55:00,0.00764554869
"685",2020-10-02 15:00:00,0.00622970634
"686",2020-10-02 15:05:00,0.00679604328
"687",2020-10-02 15:10:00,0.00736238022
"688",2020-10-02 15:15:00,0.00679604328
"689",2020-10-02 15:20:00,0.00764554869
"690",2020-10-02 15:25:00,0.00736238022
"691",2020-10-02 15:30:00,0.00736238022
"692",2020-10-02 15:35:00,0.00736238022
"693",2020-10-02 15:40:00,0.00736238022
"694",2020-10-02 15:45:00,0.00764554869
"695",2020-10-02 15:50:00,0.00764554869
"696",2020-10-02 15:55:00,0.00736238022
"697",2020-10-02 16:00:00,0.00792871716
"698",2020-10-02 16:05:00,0.00764554869
"699",2020-10-02 16:10:00,0.00764554869
"700",2020-10-02 16:15:00,0.00792871716
"701",2020-10-02 16:20:00,0.00792871716
"702",2020-10-02 16:25:00,0.00764554869
"703",2020-10-02 16:30:00,0.00792871716
"704",2020-10-02 16:35:00,0.00707921175
"705",2020-10-02 16:40:00,0.0084950541
"706",2020-10-02 16:45:00,0.0084950541
"707",2020-10-02 16:50:00,0.00792871716
"708",2020-10-02 16:55:00,0.0084950541
"709",2020-10-02 17:00:00,0.00792871716
"710",2020-10-02 17:05:00,0.0084950541
"711",2020-10-02 17:10:00,0.00877822257
"712",2020-10-02 17:15:00,0.0084950541
"713",2020-10-02 17:20:00,0.00877822257
"714",2020-10-02 17:25:00,0.00877822257
"715",2020-10-02 17:30:00,0.00764554869
"716",2020-10-02 17:35:00,0.00736238022
"717",2020-10-02 17:40:00,0.00736238022
"718",2020-10-02 17:45:00,0.00736238022
"719",2020-10-02 17:50:00,0.00707921175
"720",2020-10-02 17:55:00,0.00679604328
"721",2020-10-02 18:00:00,0.00707921175
"722",2020-10-02 18:05:00,0.00764554869
"723",2020-10-02 18:10:00,0.00736238022
"724",2020-10-02 18:15:00,0.00792871716
"725",2020-10-02 18:20:00,0.00764554869
"726",2020-10-02 18:25:00,0.0084950541
"727",2020-10-02 18:30:00,0.0084950541
"728",2020-10-02 18:35:00,0.00906139104
"729",2020-10-02 18:40:00,0.00934455951
"730",2020-10-02 18:45:00,0.0084950541
"731",2020-10-02 18:50:00,0.00821188563
"732",2020-10-02 18:55:00,0.00877822257
"733",2020-10-02 19:00:00,0.00906139104
"734",2020-10-02 19:05:00,0.00962772798
"735",2020-10-02 19:10:00,0.00877822257
"736",2020-10-02 19:15:00,0.00906139104
"737",2020-10-02 19:20:00,0.00877822257
"738",2020-10-02 19:25:00,0.00906139104
"739",2020-10-02 19:30:00,0.00991089645
"740",2020-10-02 19:35:00,0.00962772798
"741",2020-10-02 19:40:00,0.00906139104
"742",2020-10-02 19:45:00,0.00934455951
"743",2020-10-02 19:50:00,0.00934455951
"744",2020-10-02 19:55:00,0.00877822257
"745",2020-10-02 20:00:00,0.00991089645
"746",2020-10-02 20:05:00,0.00934455951
"747",2020-10-02 20:10:00,0.00934455951
"748",2020-10-02 20:15:00,0.00991089645
"749",2020-10-02 20:20:00,0.00962772798
"750",2020-10-02 20:25:00,0.01019406492
"751",2020-10-02 20:30:00,0.01047723339
"752",2020-10-02 20:35:00,0.00962772798
"753",2020-10-02 20:40:00,0.01047723339
"754",2020-10-02 20:45:00,0.01076040186
"755",2020-10-02 20:50:00,0.00991089645
"756",2020-10-02 20:55:00,0.01019406492
"757",2020-10-02 21:00:00,0.01047723339
"758",2020-10-02 21:05:00,0.01047723339
"759",2020-10-02 21:10:00,0.00991089645
"760",2020-10-02 21:15:00,0.00934455951
"761",2020-10-02 21:20:00,0.01019406492
"762",2020-10-02 21:25:00,0.00991089645
"763",2020-10-02 21:30:00,0.00991089645
"764",2020-10-02 21:35:00,0.00962772798
"765",2020-10-02 21:40:00,0.00991089645
"766",2020-10-02 21:45:00,0.00962772798
"767",2020-10-02 21:50:00,0.01019406492
"768",2020-10-02 21:55:00,0.00962772798
"769",2020-10-02 22:00:00,0.00991089645
"770",2020-10-02 22:05:00,0.00962772798
"771",2020-10-02 22:10:00,0.00991089645
"772",2020-10-02 22:15:00,0.00962772798
"773",2020-10-02 22:20:00,0.00962772798
"774",2020-10-02 22:25:00,0.00934455951
"775",2020-10-02 22:30:00,0.00962772798
"776",2020-10-02 22:35:00,0.00962772798
"777",2020-10-02 22:40:00,0.00962772798
"778",2020-10-02 22:45:00,0.00962772798
"779",2020-10-02 22:50:00,0.00962772798
"780",2020-10-02 22:55:00,0.00962772798
"781",2020-10-02 23:00:00,0.00991089645
"782",2020-10-02 23:05:00,0.00962772798
"783",2020-10-02 23:10:00,0.00934455951
"784",2020-10-02 23:15:00,0.00962772798
"785",2020-10-02 23:20:00,0.00962772798
"786",2020-10-02 23:25:00,0.00934455951
"787",2020-10-02 23:30:00,0.00962772798
"788",2020-10-02 23:35:00,0.00962772798
"789",2020-10-02 23:40:00,0.00962772798
"790",2020-10-02 23:45:00,0.00991089645
"791",2020-10-02 23:50:00,0.00991089645
"792",2020-10-02 23:55:00,0.00962772798
"793",2020-10-03 00:00:00,0.00962772798
"794",2020-10-03 00:05:00,0.00962772798
"795",2020-10-03 00:10:00,0.00991089645
"796",2020-10-03 00:15:00,0.00991089645
"797",2020-10-03 00:20:00,0.00962772798
"798",2020-10-03 00:25:00,0.00991089645
"799",2020-10-03 00:30:00,0.00962772798
"800",2020-10-03 00:35:00,0.00962772798
"801",2020-10-03 00:40:00,0.00991089645
"802",2020-10-03 00:45:00,0.00962772798
"803",2020-10-03 00:50:00,0.00962772798
"804",2020-10-03 00:55:00,0.00962772798
"805",2020-10-03 01:00:00,0.00991089645
"806",2020-10-03 01:05:00,0.00991089645
"807",2020-10-03 01:10:00,0.00962772798
"808",2020-10-03 01:15:00,0.00962772798
"809",2020-10-03 01:20:00,0.00962772798
"810",2020-10-03 01:25:00,0.00991089645
"811",2020-10-03 01:30:00,0.00962772798
"812",2020-10-03 01:35:00,0.00991089645
"813",2020-10-03 01:40:00,0.00962772798
"814",2020-10-03 01:45:00,0.00991089645
"815",2020-10-03 01:50:00,0.00991089645
"816",2020-10-03 01:55:00,0.00991089645
"817",2020-10-03 02:00:00,0.00962772798
"818",2020-10-03 02:05:00,0.00906139104
"819",2020-10-03 02:10:00,0.00962772798
"820",2020-10-03 02:15:00,0.00962772798
"821",2020-10-03 02:20:00,0.00991089645
"822",2020-10-03 02:25:00,0.00934455951
"823",2020-10-03 02:30:00,0.00906139104
"824",2020-10-03 02:35:00,0.00962772798
"825",2020-10-03 02:40:00,0.00906139104
"826",2020-10-03 02:45:00,0.00906139104
"827",2020-10-03 02:50:00,0.00934455951
"828",2020-10-03 02:55:00,0.00877822257
"829",2020-10-03 03:00:00,0.00934455951
"830",2020-10-03 03:05:00,0.00934455951
"831",2020-10-03 03:10:00,0.00877822257
"832",2020-10-03 03:15:00,0.00962772798
"833",2020-10-03 03:20:00,0.00934455951
"834",2020-10-03 03:25:00,0.00906139104
"835",2020-10-03 03:30:00,0.00906139104
"836",2020-10-03 03:35:00,0.00934455951
"837",2020-10-03 03:40:00,0.00906139104
"838",2020-10-03 03:45:00,0.00906139104
"839",2020-10-03 03:50:00,0.00877822257
"840",2020-10-03 03:55:00,0.0084950541
"841",2020-10-03 04:00:00,0.00934455951
"842",2020-10-03 04:05:00,0.0084950541
"843",2020-10-03 04:10:00,0.0084950541
"844",2020-10-03 04:15:00,0.00906139104
"845",2020-10-03 04:20:00,0.00906139104
"846",2020-10-03 04:25:00,0.00934455951
"847",2020-10-03 04:30:00,0.00906139104
"848",2020-10-03 04:35:00,0.0084950541
"849",2020-10-03 04:40:00,0.00877822257
"850",2020-10-03 04:45:00,0.00877822257
"851",2020-10-03 04:50:00,0.00934455951
"852",2020-10-03 04:55:00,0.00934455951
"853",2020-10-03 05:00:00,0.0084950541
"854",2020-10-03 05:05:00,0.00934455951
"855",2020-10-03 05:10:00,0.00877822257
"856",2020-10-03 05:15:00,0.00821188563
"857",2020-10-03 05:20:00,0.00877822257
"858",2020-10-03 05:25:00,0.00821188563
"859",2020-10-03 05:30:00,0.00792871716
"860",2020-10-03 05:35:00,0.00877822257
"861",2020-10-03 05:40:00,0.00877822257
"862",2020-10-03 05:45:00,0.00821188563
"863",2020-10-03 05:50:00,0.00821188563
"864",2020-10-03 05:55:00,0.00821188563
"865",2020-10-03 06:00:00,0.0084950541
"866",2020-10-03 06:05:00,0.00877822257
"867",2020-10-03 06:10:00,0.0084950541
"868",2020-10-03 06:15:00,0.00821188563
"869",2020-10-03 06:20:00,0.00877822257
"870",2020-10-03 06:25:00,0.00821188563
"871",2020-10-03 06:30:00,0.0084950541
"872",2020-10-03 06:35:00,0.0084950541
"873",2020-10-03 06:40:00,0.00821188563
"874",2020-10-03 06:45:00,0.0084950541
"875",2020-10-03 06:50:00,0.0084950541
"876",2020-10-03 06:55:00,0.00792871716
"877",2020-10-03 07:00:00,0.00764554869
"878",2020-10-03 07:05:00,0.00764554869
"879",2020-10-03 07:10:00,0.00792871716
"880",2020-10-03 07:15:00,0.00821188563
"881",2020-10-03 07:20:00,0.00792871716
"882",2020-10-03 07:25:00,0.00821188563
"883",2020-10-03 07:30:00,0.00792871716
"884",2020-10-03 07:35:00,0.00821188563
"885",2020-10-03 07:40:00,0.00792871716
"886",2020-10-03 07:45:00,0.00792871716
"887",2020-10-03 07:50:00,0.00821188563
"888",2020-10-03 07:55:00,0.00764554869
"889",2020-10-03 08:00:00,0.00792871716
"890",2020-10-03 08:05:00,0.00764554869
"891",2020-10-03 08:10:00,0.00764554869
"892",2020-10-03 08:15:00,0.00821188563
"893",2020-10-03 08:20:00,0.00821188563
"894",2020-10-03 08:25:00,0.00764554869
"895",2020-10-03 08:30:00,0.00821188563
"896",2020-10-03 08:35:00,0.00736238022
"897",2020-10-03 08:40:00,0.00736238022
"898",2020-10-03 08:45:00,0.00792871716
"899",2020-10-03 08:50:00,0.00764554869
"900",2020-10-03 08:55:00,0.00764554869
"901",2020-10-03 09:00:00,0.0084950541
"902",2020-10-03 09:05:00,0.00764554869
"903",2020-10-03 09:10:00,0.00764554869
"904",2020-10-03 09:15:00,0.00821188563
"905",2020-10-03 09:20:00,0.00792871716
"906",2020-10-03 09:25:00,0.00792871716
"907",2020-10-03 09:30:00,0.00792871716
"908",2020-10-03 09:35:00,0.00877822257
"909",2020-10-03 09:40:00,0.00736238022
"910",2020-10-03 09:45:00,0.00821188563
"911",2020-10-03 09:50:00,0.00877822257
"912",2020-10-03 09:55:00,0.0084950541
"913",2020-10-03 10:00:00,0.00736238022
"914",2020-10-03 10:05:00,0.00821188563
"915",2020-10-03 10:10:00,0.00792871716
"916",2020-10-03 10:15:00,0.00792871716
"917",2020-10-03 10:20:00,0.00764554869
"918",2020-10-03 10:25:00,0.00792871716
"919",2020-10-03 10:30:00,0.00792871716
"920",2020-10-03 10:35:00,0.00736238022
"921",2020-10-03 10:40:00,0.00792871716
"922",2020-10-03 10:45:00,0.00736238022
"923",2020-10-03 10:50:00,0.00764554869
"924",2020-10-03 10:55:00,0.00764554869
"925",2020-10-03 11:00:00,0.00707921175
"926",2020-10-03 11:05:00,0.00764554869
"927",2020-10-03 11:10:00,0.0084950541
"928",2020-10-03 11:15:00,0.00736238022
"929",2020-10-03 11:20:00,0.00792871716
"930",2020-10-03 11:25:00,0.0084950541
"931",2020-10-03 11:30:00,0.00679604328
"932",2020-10-03 11:35:00,0.00764554869
"933",2020-10-03 11:40:00,0.00821188563
"934",2020-10-03 11:45:00,0.00651287481
"935",2020-10-03 11:50:00,0.00792871716
"936",2020-10-03 11:55:00,0.00764554869
"937",2020-10-03 12:00:00,0.00651287481
"938",2020-10-03 12:05:00,0.00792871716
"939",2020-10-03 12:10:00,0.00736238022
"940",2020-10-03 12:15:00,0.00736238022
"941",2020-10-03 12:20:00,0.00764554869
"942",2020-10-03 12:25:00,0.00764554869
"943",2020-10-03 12:30:00,0.00736238022
"944",2020-10-03 12:35:00,0.00792871716
"945",2020-10-03 12:40:00,0.00736238022
"946",2020-10-03 12:45:00,0.00764554869
"947",2020-10-03 12:50:00,0.00764554869
"948",2020-10-03 12:55:00,0.00764554869
"949",2020-10-03 13:00:00,0.00764554869
"950",2020-10-03 13:05:00,0.00707921175
"951",2020-10-03 13:10:00,0.00736238022
"952",2020-10-03 13:15:00,0.00792871716
"953",2020-10-03 13:20:00,0.00792871716
"954",2020-10-03 13:25:00,0.00707921175
"955",2020-10-03 13:30:00,0.00792871716
"956",2020-10-03 13:35:00,0.00736238022
"957",2020-10-03 13:40:00,0.00764554869
"958",2020-10-03 13:45:00,0.00792871716
"959",2020-10-03 13:50:00,0.00736238022
"960",2020-10-03 13:55:00,0.00792871716
"961",2020-10-03 14:00:00,0.00792871716
"962",2020-10-03 14:05:00,0.00764554869
"963",2020-10-03 14:10:00,0.00821188563
"964",2020-10-03 14:15:00,0.00821188563
"965",2020-10-03 14:20:00,0.00792871716
"966",2020-10-03 14:25:00,0.00821188563
"967",2020-10-03 14:30:00,0.00821188563
"968",2020-10-03 14:35:00,0.00764554869
"969",2020-10-03 14:40:00,0.00764554869
"970",2020-10-03 14:45:00,0.00821188563
"971",2020-10-03 14:50:00,0.00821188563
"972",2020-10-03 14:55:00,0.00792871716
"973",2020-10-03 15:00:00,0.00792871716
"974",2020-10-03 15:05:00,0.00962772798
"975",2020-10-03 15:10:00,0.00821188563
"976",2020-10-03 15:15:00,0.00821188563
"977",2020-10-03 15:20:00,0.0084950541
"978",2020-10-03 15:25:00,0.0084950541
"979",2020-10-03 15:30:00,0.00764554869
"980",2020-10-03 15:35:00,0.00877822257
"981",2020-10-03 15:40:00,0.00877822257
"982",2020-10-03 15:45:00,0.00821188563
"983",2020-10-03 15:50:00,0.00906139104
"984",2020-10-03 15:55:00,0.00792871716
"985",2020-10-03 16:00:00,0.00906139104
"986",2020-10-03 16:05:00,0.00821188563
"987",2020-10-03 16:10:00,0.0084950541
"988",2020-10-03 16:15:00,0.00906139104
"989",2020-10-03 16:20:00,0.00821188563
"990",2020-10-03 16:25:00,0.00877822257
"991",2020-10-03 16:30:00,0.00962772798
"992",2020-10-03 16:35:00,0.00821188563
"993",2020-10-03 16:40:00,0.00821188563
"994",2020-10-03 16:45:00,0.00934455951
"995",2020-10-03 16:50:00,0.00906139104
"996",2020-10-03 16:55:00,0.0084950541
"997",2020-10-03 17:00:00,0.00934455951
"998",2020-10-03 17:05:00,0.00906139104
"999",2020-10-03 17:10:00,0.00792871716
"1000",2020-10-03 17:15:00,0.00934455951
"1001",2020-10-03 17:20:00,0.0084950541
"1002",2020-10-03 17:25:00,0.00821188563
"1003",2020-10-03 17:30:00,0.00877822257
"1004",2020-10-03 17:35:00,0.00877822257
"1005",2020-10-03 17:40:00,0.00991089645
"1006",2020-10-03 17:45:00,0.00962772798
"1007",2020-10-03 17:50:00,0.00934455951
"1008",2020-10-03 17:55:00,0.0084950541
"1009",2020-10-03 18:00:00,0.00962772798
"1010",2020-10-03 18:05:00,0.00821188563
"1011",2020-10-03 18:10:00,0.00877822257
"1012",2020-10-03 18:15:00,0.00962772798
"1013",2020-10-03 18:20:00,0.00792871716
"1014",2020-10-03 18:25:00,0.00934455951
"1015",2020-10-03 18:30:00,0.00906139104
"1016",2020-10-03 18:35:00,0.00877822257
"1017",2020-10-03 18:40:00,0.00934455951
"1018",2020-10-03 18:45:00,0.01047723339
"1019",2020-10-03 18:50:00,0.00906139104
"1020",2020-10-03 18:55:00,0.01019406492
"1021",2020-10-03 19:00:00,0.00877822257
"1022",2020-10-03 19:05:00,0.00877822257
"1023",2020-10-03 19:10:00,0.00991089645
"1024",2020-10-03 19:15:00,0.00906139104
"1025",2020-10-03 19:20:00,0.00934455951
"1026",2020-10-03 19:25:00,0.01019406492
"1027",2020-10-03 19:30:00,0.00764554869
"1028",2020-10-03 19:35:00,0.00934455951
"1029",2020-10-03 19:40:00,0.0084950541
"1030",2020-10-03 19:45:00,0.00764554869
"1031",2020-10-03 19:50:00,0.00962772798
"1032",2020-10-03 19:55:00,0.00821188563
"1033",2020-10-03 20:00:00,0.00906139104
"1034",2020-10-03 20:05:00,0.01019406492
"1035",2020-10-03 20:10:00,0.0113267388
"1036",2020-10-03 20:15:00,0.0084950541
"1037",2020-10-03 20:20:00,0.00792871716
"1038",2020-10-03 20:25:00,0.01076040186
"1039",2020-10-03 20:30:00,0.00821188563
"1040",2020-10-03 20:35:00,0.00821188563
"1041",2020-10-03 20:40:00,0.00962772798
"1042",2020-10-03 20:45:00,0.00821188563
"1043",2020-10-03 20:50:00,0.00877822257
"1044",2020-10-03 20:55:00,0.00877822257
"1045",2020-10-03 21:00:00,0.00792871716
"1046",2020-10-03 21:05:00,0.00821188563
"1047",2020-10-03 21:10:00,0.00792871716
"1048",2020-10-03 21:15:00,0.0084950541
"1049",2020-10-03 21:20:00,0.00736238022
"1050",2020-10-03 21:25:00,0.00821188563
"1051",2020-10-03 21:30:00,0.00821188563
"1052",2020-10-03 21:35:00,0.00877822257
"1053",2020-10-03 21:40:00,0.00906139104
"1054",2020-10-03 21:45:00,0.0084950541
"1055",2020-10-03 21:50:00,0.00877822257
"1056",2020-10-03 21:55:00,0.00736238022
"1057",2020-10-03 22:00:00,0.00877822257
"1058",2020-10-03 22:05:00,0.0084950541
"1059",2020-10-03 22:10:00,0.00821188563
"1060",2020-10-03 22:15:00,0.00877822257
"1061",2020-10-03 22:20:00,0.00764554869
"1062",2020-10-03 22:25:00,0.00877822257
"1063",2020-10-03 22:30:00,0.00906139104
"1064",2020-10-03 22:35:00,0.00764554869
"1065",2020-10-03 22:40:00,0.00821188563
"1066",2020-10-03 22:45:00,0.00877822257
"1067",2020-10-03 22:50:00,0.00821188563
"1068",2020-10-03 22:55:00,0.00792871716
"1069",2020-10-03 23:00:00,0.00821188563
"1070",2020-10-03 23:05:00,0.00821188563
"1071",2020-10-03 23:10:00,0.00736238022
"1072",2020-10-03 23:15:00,0.0084950541
"1073",2020-10-03 23:20:00,0.00792871716
"1074",2020-10-03 23:25:00,0.00877822257
"1075",2020-10-03 23:30:00,0.00877822257
"1076",2020-10-03 23:35:00,0.00877822257
"1077",2020-10-03 23:40:00,0.00821188563
"1078",2020-10-03 23:45:00,0.00821188563
"1079",2020-10-03 23:50:00,0.00877822257
"1080",2020-10-03 23:55:00,0.00821188563
"1081",2020-10-04 00:00:00,0.00877822257
"1082",2020-10-04 00:05:00,0.0084950541
"1083",2020-10-04 00:10:00,0.00877822257
"1084",2020-10-04 00:15:00,0.00877822257
"1085",2020-10-04 00:20:00,0.00792871716
"1086",2020-10-04 00:25:00,0.00821188563
"1087",2020-10-04 00:30:00,0.0084950541
"1088",2020-10-04 00:35:00,0.00821188563
"1089",2020-10-04 00:40:00,0.00821188563
"1090",2020-10-04 00:45:00,0.00821188563
"1091",2020-10-04 00:50:00,0.00877822257
"1092",2020-10-04 00:55:00,0.0084950541
"1093",2020-10-04 01:00:00,0.00821188563
"1094",2020-10-04 01:05:00,0.00877822257
"1095",2020-10-04 01:10:00,0.00877822257
"1096",2020-10-04 01:15:00,0.00821188563
"1097",2020-10-04 01:20:00,0.0084950541
"1098",2020-10-04 01:25:00,0.00792871716
"1099",2020-10-04 01:30:00,0.0084950541
"1100",2020-10-04 01:35:00,0.00877822257
"1101",2020-10-04 01:40:00,0.00792871716
"1102",2020-10-04 01:45:00,0.00792871716
"1103",2020-10-04 01:50:00,0.0084950541
"1104",2020-10-04 01:55:00,0.00906139104
"1105",2020-10-04 02:00:00,0.0084950541
"1106",2020-10-04 02:05:00,0.00906139104
"1107",2020-10-04 02:10:00,0.0084950541
"1108",2020-10-04 02:15:00,0.00877822257
"1109",2020-10-04 02:20:00,0.00906139104
"1110",2020-10-04 02:25:00,0.0084950541
"1111",2020-10-04 02:30:00,0.00906139104
"1112",2020-10-04 02:35:00,0.00906139104
"1113",2020-10-04 02:40:00,0.00934455951
"1114",2020-10-04 02:45:00,0.0084950541
"1115",2020-10-04 02:50:00,0.00934455951
"1116",2020-10-04 02:55:00,0.0084950541
"1117",2020-10-04 03:00:00,0.00877822257
"1118",2020-10-04 03:05:00,0.00906139104
"1119",2020-10-04 03:10:00,0.00792871716
"1120",2020-10-04 03:15:00,0.0084950541
"1121",2020-10-04 03:20:00,0.00934455951
"1122",2020-10-04 03:25:00,0.00877822257
"1123",2020-10-04 03:30:00,0.0084950541
"1124",2020-10-04 03:35:00,0.00906139104
"1125",2020-10-04 03:40:00,0.00877822257
"1126",2020-10-04 03:45:00,0.0084950541
"1127",2020-10-04 03:50:00,0.00877822257
"1128",2020-10-04 03:55:00,0.0084950541
"1129",2020-10-04 04:00:00,0.0084950541
"1130",2020-10-04 04:05:00,0.0084950541
"1131",2020-10-04 04:10:00,0.00877822257
"1132",2020-10-04 04:15:00,0.0084950541
"1133",2020-10-04 04:20:00,0.00821188563
"1134",2020-10-04 04:25:00,0.00821188563
"1135",2020-10-04 04:30:00,0.00821188563
"1136",2020-10-04 04:35:00,0.00792871716
"1137",2020-10-04 04:40:00,0.00821188563
"1138",2020-10-04 04:45:00,0.00764554869
"1139",2020-10-04 04:50:00,0.00764554869
"1140",2020-10-04 04:55:00,0.00764554869
"1141",2020-10-04 05:00:00,0.00764554869
"1142",2020-10-04 05:05:00,0.00792871716
"1143",2020-10-04 05:10:00,0.00792871716
"1144",2020-10-04 05:15:00,0.00821188563
"1145",2020-10-04 05:20:00,0.0084950541
"1146",2020-10-04 05:25:00,0.0084950541
"1147",2020-10-04 05:30:00,0.0084950541
"1148",2020-10-04 05:35:00,0.0084950541
"1149",2020-10-04 05:40:00,0.00877822257
"1150",2020-10-04 05:45:00,0.00877822257
"1151",2020-10-04 05:50:00,0.00906139104
"1152",2020-10-04 05:55:00,0.0084950541
"1153",2020-10-04 06:00:00,0.00821188563
"1154",2020-10-04 06:05:00,0.0084950541
"1155",2020-10-04 06:10:00,0.00792871716
"1156",2020-10-04 06:15:00,0.00707921175
"1157",2020-10-04 06:20:00,0.00792871716
"1158",2020-10-04 06:25:00,0.00792871716
"1159",2020-10-04 06:30:00,0.00821188563
"1160",2020-10-04 06:35:00,0.0084950541
"1161",2020-10-04 06:40:00,0.00792871716
"1162",2020-10-04 06:45:00,0.0084950541
"1163",2020-10-04 06:50:00,0.00821188563
"1164",2020-10-04 06:55:00,0.00764554869
"1165",2020-10-04 07:00:00,0.00792871716
"1166",2020-10-04 07:05:00,0.00821188563
"1167",2020-10-04 07:10:00,0.00764554869
"1168",2020-10-04 07:15:00,0.00792871716
"1169",2020-10-04 07:20:00,0.00764554869
"1170",2020-10-04 07:25:00,0.00821188563
"1171",2020-10-04 07:30:00,0.00792871716
"1172",2020-10-04 07:35:00,0.00736238022
"1173",2020-10-04 07:40:00,0.00821188563
"1174",2020-10-04 07:45:00,0.00821188563
"1175",2020-10-04 07:50:00,0.00736238022
"1176",2020-10-04 07:55:00,0.00764554869
"1177",2020-10-04 08:00:00,0.00792871716
"1178",2020-10-04 08:05:00,0.00764554869
"1179",2020-10-04 08:10:00,0.00792871716
"1180",2020-10-04 08:15:00,0.00736238022
"1181",2020-10-04 08:20:00,0.00736238022
"1182",2020-10-04 08:25:00,0.00736238022
"1183",2020-10-04 08:30:00,0.00707921175
"1184",2020-10-04 08:35:00,0.00764554869
"1185",2020-10-04 08:40:00,0.00736238022
"1186",2020-10-04 08:45:00,0.00736238022
"1187",2020-10-04 08:50:00,0.00764554869
"1188",2020-10-04 08:55:00,0.00792871716
"1189",2020-10-04 09:00:00,0.00764554869
"1190",2020-10-04 09:05:00,0.00736238022
"1191",2020-10-04 09:10:00,0.00792871716
"1192",2020-10-04 09:15:00,0.00764554869
"1193",2020-10-04 09:20:00,0.00707921175
"1194",2020-10-04 09:25:00,0.00764554869
"1195",2020-10-04 09:30:00,0.00736238022
"1196",2020-10-04 09:35:00,0.00736238022
"1197",2020-10-04 09:40:00,0.00736238022
"1198",2020-10-04 09:45:00,0.00821188563
"1199",2020-10-04 09:50:00,0.00679604328
"1200",2020-10-04 09:55:00,0.00679604328
"1201",2020-10-04 10:00:00,0.00764554869
"1202",2020-10-04 10:05:00,0.00736238022
"1203",2020-10-04 10:10:00,0.00679604328
"1204",2020-10-04 10:15:00,0.00679604328
"1205",2020-10-04 10:20:00,0.00651287481
"1206",2020-10-04 10:25:00,0.00679604328
"1207",2020-10-04 10:30:00,0.00736238022
"1208",2020-10-04 10:35:00,0.00707921175
"1209",2020-10-04 10:40:00,0.00764554869
"1210",2020-10-04 10:45:00,0.00679604328
"1211",2020-10-04 10:50:00,0.00736238022
"1212",2020-10-04 10:55:00,0.00707921175
"1213",2020-10-04 11:00:00,0.00707921175
"1214",2020-10-04 11:05:00,0.00679604328
"1215",2020-10-04 11:10:00,0.00736238022
"1216",2020-10-04 11:15:00,0.00651287481
"1217",2020-10-04 11:20:00,0.00736238022
"1218",2020-10-04 11:25:00,0.00707921175
"1219",2020-10-04 11:30:00,0.00594653787
"1220",2020-10-04 11:35:00,0.00707921175
"1221",2020-10-04 11:40:00,0.00651287481
"1222",2020-10-04 11:45:00,0.00707921175
"1223",2020-10-04 11:50:00,0.00707921175
"1224",2020-10-04 11:55:00,0.00651287481
"1225",2020-10-04 12:00:00,0.00679604328
"1226",2020-10-04 12:05:00,0.00679604328
"1227",2020-10-04 12:10:00,0.00679604328
"1228",2020-10-04 12:15:00,0.00679604328
"1229",2020-10-04 12:20:00,0.00651287481
"1230",2020-10-04 12:25:00,0.00651287481
"1231",2020-10-04 12:30:00,0.00622970634
"1232",2020-10-04 12:35:00,0.00622970634
"1233",2020-10-04 12:40:00,0.00622970634
"1234",2020-10-04 12:45:00,0.00622970634
"1235",2020-10-04 12:50:00,0.00622970634
"1236",2020-10-04 12:55:00,0.00651287481
"1237",2020-10-04 13:00:00,0.00679604328
"1238",2020-10-04 13:05:00,0.00622970634
"1239",2020-10-04 13:10:00,0.00651287481
"1240",2020-10-04 13:15:00,0.00679604328
"1241",2020-10-04 13:20:00,0.00538020093
"1242",2020-10-04 13:25:00,0.00594653787
"1243",2020-10-04 13:30:00,0.00622970634
"1244",2020-10-04 13:35:00,0.00651287481
"1245",2020-10-04 13:40:00,0.00594653787
"1246",2020-10-04 13:45:00,0.00622970634
"1247",2020-10-04 13:50:00,0.00594653787
"1248",2020-10-04 13:55:00,0.0056633694
"1249",2020-10-04 14:00:00,0.00594653787
"1250",2020-10-04 14:05:00,0.00622970634
"1251",2020-10-04 14:10:00,0.00622970634
"1252",2020-10-04 14:15:00,0.00622970634
"1253",2020-10-04 14:20:00,0.0056633694
"1254",2020-10-04 14:25:00,0.0056633694
"1255",2020-10-04 14:30:00,0.00509703246
"1256",2020-10-04 14:35:00,0.00538020093
"1257",2020-10-04 14:40:00,0.00651287481
"1258",2020-10-04 14:45:00,0.00594653787
"1259",2020-10-04 14:50:00,0.00538020093
"1260",2020-10-04 14:55:00,0.00651287481
"1261",2020-10-04 15:00:00,0.00538020093
"1262",2020-10-04 15:05:00,0.00594653787
"1263",2020-10-04 15:10:00,0.00622970634
"1264",2020-10-04 15:15:00,0.00594653787
"1265",2020-10-04 15:20:00,0.00481386399
"1266",2020-10-04 15:25:00,0.00538020093
"1267",2020-10-04 15:30:00,0.00651287481
"1268",2020-10-04 15:35:00,0.00509703246
"1269",2020-10-04 15:40:00,0.00481386399
"1270",2020-10-04 15:45:00,0.00538020093
"1271",2020-10-04 15:50:00,0.0056633694
"1272",2020-10-04 15:55:00,0.00481386399
"1273",2020-10-04 16:00:00,0.00509703246
"1274",2020-10-04 16:05:00,0.00538020093
"1275",2020-10-04 16:10:00,0.00396435858
"1276",2020-10-04 16:15:00,0.00538020093
"1277",2020-10-04 16:20:00,0.00651287481
"1278",2020-10-04 16:25:00,0.0056633694
"1279",2020-10-04 16:30:00,0.00679604328
"1280",2020-10-04 16:35:00,0.00594653787
"1281",2020-10-04 16:40:00,0.00736238022
"1282",2020-10-04 16:45:00,0.00509703246
"1283",2020-10-04 16:50:00,0.0056633694
"1284",2020-10-04 16:55:00,0.00424752705
"1285",2020-10-04 17:00:00,0.00453069552
"1286",2020-10-04 17:05:00,0.00679604328
"1287",2020-10-04 17:10:00,0.00368119011
"1288",2020-10-04 17:15:00,0.00453069552
"1289",2020-10-04 17:20:00,0.00481386399
"1290",2020-10-04 17:25:00,0.00509703246
"1291",2020-10-04 17:30:00,0.00481386399
"1292",2020-10-04 17:35:00,0.00368119011
"1293",2020-10-04 17:40:00,0.0056633694
"1294",2020-10-04 17:45:00,0.00594653787
"1295",2020-10-04 17:50:00,0.00481386399
"1296",2020-10-04 17:55:00,0.00707921175
"1297",2020-10-04 18:00:00,0.00311485317
"1298",2020-10-04 18:05:00,0.00339802164
"1299",2020-10-04 18:10:00,0.00651287481
"1300",2020-10-04 18:15:00,0.00481386399
"1301",2020-10-04 18:20:00,0.00424752705
"1302",2020-10-04 18:25:00,0.00736238022
"1303",2020-10-04 18:30:00,0.00453069552
"1304",2020-10-04 18:35:00,0.00651287481
"1305",2020-10-04 18:40:00,0.00509703246
"1306",2020-10-04 18:45:00,0.00594653787
"1307",2020-10-04 18:50:00,0.00538020093
"1308",2020-10-04 18:55:00,0.00453069552
"1309",2020-10-04 19:00:00,0.0056633694
"1310",2020-10-04 19:05:00,0.00481386399
"1311",2020-10-04 19:10:00,0.0056633694
"1312",2020-10-04 19:15:00,0.00481386399
"1313",2020-10-04 19:20:00,0.00679604328
"1314",2020-10-04 19:25:00,0.00481386399
"1315",2020-10-04 19:30:00,0.00538020093
"1316",2020-10-04 19:35:00,0.00679604328
"1317",2020-10-04 19:40:00,0.00368119011
"1318",2020-10-04 19:45:00,0.0056633694
"1319",2020-10-04 19:50:00,0.00538020093
"1320",2020-10-04 19:55:00,0.00509703246
"1321",2020-10-04 20:00:00,0.00481386399
"1322",2020-10-04 20:05:00,0.00707921175
"1323",2020-10-04 20:10:00,0.00481386399
"1324",2020-10-04 20:15:00,0.00764554869
"1325",2020-10-04 20:20:00,0.00453069552
"1326",2020-10-04 20:25:00,0.00736238022
"1327",2020-10-04 20:30:00,0.00679604328
"1328",2020-10-04 20:35:00,0.00707921175
"1329",2020-10-04 20:40:00,0.00821188563
"1330",2020-10-04 20:45:00,0.00707921175
"1331",2020-10-04 20:50:00,0.00792871716
"1332",2020-10-04 20:55:00,0.00792871716
"1333",2020-10-04 21:00:00,0.00934455951
"1334",2020-10-04 21:05:00,0.0084950541
"1335",2020-10-04 21:10:00,0.01019406492
"1336",2020-10-04 21:15:00,0.00736238022
"1337",2020-10-04 21:20:00,0.00821188563
"1338",2020-10-04 21:25:00,0.0084950541
"1339",2020-10-04 21:30:00,0.00707921175
"1340",2020-10-04 21:35:00,0.00962772798
"1341",2020-10-04 21:40:00,0.00991089645
"1342",2020-10-04 21:45:00,0.00707921175
"1343",2020-10-04 21:50:00,0.00934455951
"1344",2020-10-04 21:55:00,0.00906139104
"1345",2020-10-04 22:00:00,0.00736238022
"1346",2020-10-04 22:05:00,0.00792871716
"1347",2020-10-04 22:10:00,0.00792871716
"1348",2020-10-04 22:15:00,0.00736238022
"1349",2020-10-04 22:20:00,0.0084950541
"1350",2020-10-04 22:25:00,0.00538020093
"1351",2020-10-04 22:30:00,0.00792871716
"1352",2020-10-04 22:35:00,0.00651287481
"1353",2020-10-04 22:40:00,0.0056633694
"1354",2020-10-04 22:45:00,0.00764554869
"1355",2020-10-04 22:50:00,0.00651287481
"1356",2020-10-04 22:55:00,0.00736238022
"1357",2020-10-04 23:00:00,0.00707921175
"1358",2020-10-04 23:05:00,0.00679604328
"1359",2020-10-04 23:10:00,0.00707921175
"1360",2020-10-04 23:15:00,0.00651287481
"1361",2020-10-04 23:20:00,0.00679604328
"1362",2020-10-04 23:25:00,0.00707921175
"1363",2020-10-04 23:30:00,0.00679604328
"1364",2020-10-04 23:35:00,0.00622970634
"1365",2020-10-04 23:40:00,0.00651287481
"1366",2020-10-04 23:45:00,0.00594653787
"1367",2020-10-04 23:50:00,0.00764554869
"1368",2020-10-04 23:55:00,0.00651287481
"1369",2020-10-05 00:00:00,0.00622970634
"1370",2020-10-05 00:05:00,0.00707921175
"1371",2020-10-05 00:10:00,0.00679604328
"1372",2020-10-05 00:15:00,0.00622970634
"1373",2020-10-05 00:20:00,0.00707921175
"1374",2020-10-05 00:25:00,0.00622970634
"1375",2020-10-05 00:30:00,0.00651287481
"1376",2020-10-05 00:35:00,0.00679604328
"1377",2020-10-05 00:40:00,0.00622970634
"1378",2020-10-05 00:45:00,0.00679604328
"1379",2020-10-05 00:50:00,0.00622970634
"1380",2020-10-05 00:55:00,0.00622970634
"1381",2020-10-05 01:00:00,0.00651287481
"1382",2020-10-05 01:05:00,0.00622970634
"1383",2020-10-05 01:10:00,0.00651287481
"1384",2020-10-05 01:15:00,0.00622970634
"1385",2020-10-05 01:20:00,0.00651287481
"1386",2020-10-05 01:25:00,0.00651287481
"1387",2020-10-05 01:30:00,0.00594653787
"1388",2020-10-05 01:35:00,0.00622970634
"1389",2020-10-05 01:40:00,0.00679604328
"1390",2020-10-05 01:45:00,0.00594653787
"1391",2020-10-05 01:50:00,0.00594653787
"1392",2020-10-05 01:55:00,0.00594653787
"1393",2020-10-05 02:00:00,0.00651287481
"1394",2020-10-05 02:05:00,0.00594653787
"1395",2020-10-05 02:10:00,0.00594653787
"1396",2020-10-05 02:15:00,0.00594653787
"1397",2020-10-05 02:20:00,0.00594653787
"1398",2020-10-05 02:25:00,0.00651287481
"1399",2020-10-05 02:30:00,0.00594653787
"1400",2020-10-05 02:35:00,0.00622970634
"1401",2020-10-05 02:40:00,0.00622970634
"1402",2020-10-05 02:45:00,0.00594653787
"1403",2020-10-05 02:50:00,0.00651287481
"1404",2020-10-05 02:55:00,0.00594653787
"1405",2020-10-05 03:00:00,0.0056633694
"1406",2020-10-05 03:05:00,0.00622970634
"1407",2020-10-05 03:10:00,0.00594653787
"1408",2020-10-05 03:15:00,0.00538020093
"1409",2020-10-05 03:20:00,0.00594653787
"1410",2020-10-05 03:25:00,0.00594653787
"1411",2020-10-05 03:30:00,0.00622970634
"1412",2020-10-05 03:35:00,0.00594653787
"1413",2020-10-05 03:40:00,0.00622970634
"1414",2020-10-05 03:45:00,0.00594653787
"1415",2020-10-05 03:50:00,0.00594653787
"1416",2020-10-05 03:55:00,0.00538020093
"1417",2020-10-05 04:00:00,0.00622970634
"1418",2020-10-05 04:05:00,0.00538020093
"1419",2020-10-05 04:10:00,0.00594653787
"1420",2020-10-05 04:15:00,0.0056633694
"1421",2020-10-05 04:20:00,0.0056633694
"1422",2020-10-05 04:25:00,0.00594653787
"1423",2020-10-05 04:30:00,0.00594653787
"1424",2020-10-05 04:35:00,0.0056633694
"1425",2020-10-05 04:40:00,0.00594653787
"1426",2020-10-05 04:45:00,0.00594653787
"1427",2020-10-05 04:50:00,0.00594653787
"1428",2020-10-05 04:55:00,0.0056633694
"1429",2020-10-05 05:00:00,0.00538020093
"1430",2020-10-05 05:05:00,0.00538020093
"1431",2020-10-05 05:10:00,0.00622970634
"1432",2020-10-05 05:15:00,0.00509703246
"1433",2020-10-05 05:20:00,0.00538020093
"1434",2020-10-05 05:25:00,0.00622970634
"1435",2020-10-05 05:30:00,0.00538020093
"1436",2020-10-05 05:35:00,0.00538020093
"1437",2020-10-05 05:40:00,0.00594653787
"1438",2020-10-05 05:45:00,0.00538020093
"1439",2020-10-05 05:50:00,0.00538020093
"1440",2020-10-05 05:55:00,0.00509703246
"1441",2020-10-05 06:00:00,0.00538020093
"1442",2020-10-05 06:05:00,0.0056633694
"1443",2020-10-05 06:10:00,0.00538020093
"1444",2020-10-05 06:15:00,0.00509703246
"1445",2020-10-05 06:20:00,0.00509703246
"1446",2020-10-05 06:25:00,0.00481386399
"1447",2020-10-05 06:30:00,0.00509703246
"1448",2020-10-05 06:35:00,0.00509703246
"1449",2020-10-05 06:40:00,0.00509703246
"1450",2020-10-05 06:45:00,0.00481386399
"1451",2020-10-05 06:50:00,0.00481386399
"1452",2020-10-05 06:55:00,0.00509703246
"1453",2020-10-05 07:00:00,0.00509703246
"1454",2020-10-05 07:05:00,0.00509703246
"1455",2020-10-05 07:10:00,0.00509703246
"1456",2020-10-05 07:15:00,0.00453069552
"1457",2020-10-05 07:20:00,0.00481386399
"1458",2020-10-05 07:25:00,0.00481386399
"1459",2020-10-05 07:30:00,0.00481386399
"1460",2020-10-05 07:35:00,0.00481386399
"1461",2020-10-05 07:40:00,0.00509703246
"1462",2020-10-05 07:45:00,0.00424752705
"1463",2020-10-05 07:50:00,0.00453069552
"1464",2020-10-05 07:55:00,0.00424752705
"1465",2020-10-05 08:00:00,0.00453069552
"1466",2020-10-05 08:05:00,0.00481386399
"1467",2020-10-05 08:10:00,0.00453069552
"1468",2020-10-05 08:15:00,0.00481386399
"1469",2020-10-05 08:20:00,0.00424752705
"1470",2020-10-05 08:25:00,0.00453069552
"1471",2020-10-05 08:30:00,0.00509703246
"1472",2020-10-05 08:35:00,0.00424752705
"1473",2020-10-05 08:40:00,0.00481386399
"1474",2020-10-05 08:45:00,0.00509703246
"1475",2020-10-05 08:50:00,0.00453069552
"1476",2020-10-05 08:55:00,0.00481386399
"1477",2020-10-05 09:00:00,0.00481386399
"1478",2020-10-05 09:05:00,0.00481386399
"1479",2020-10-05 09:10:00,0.00509703246
"1480",2020-10-05 09:15:00,0.00481386399
"1481",2020-10-05 09:20:00,0.00509703246
"1482",2020-10-05 09:25:00,0.00481386399
"1483",2020-10-05 09:30:00,0.00481386399
"1484",2020-10-05 09:35:00,0.00538020093
"1485",2020-10-05 09:40:00,0.00538020093
"1486",2020-10-05 09:45:00,0.00481386399
"1487",2020-10-05 09:50:00,0.00509703246
"1488",2020-10-05 09:55:00,0.00509703246
"1489",2020-10-05 10:00:00,0.00481386399
"1490",2020-10-05 10:05:00,0.00481386399
"1491",2020-10-05 10:10:00,0.00509703246
"1492",2020-10-05 10:15:00,0.00481386399
"1493",2020-10-05 10:20:00,0.0056633694
"1494",2020-10-05 10:25:00,0.00481386399
"1495",2020-10-05 10:30:00,0.00453069552
"1496",2020-10-05 10:35:00,0.00509703246
"1497",2020-10-05 10:40:00,0.00453069552
"1498",2020-10-05 10:45:00,0.00453069552
"1499",2020-10-05 10:50:00,0.00481386399
"1500",2020-10-05 10:55:00,0.00424752705
"1501",2020-10-05 11:00:00,0.00453069552
"1502",2020-10-05 11:05:00,0.00481386399
"1503",2020-10-05 11:10:00,0.00481386399
"1504",2020-10-05 11:15:00,0.00396435858
"1505",2020-10-05 11:20:00,0.00424752705
"1506",2020-10-05 11:25:00,0.00396435858
"1507",2020-10-05 11:30:00,0.00424752705
"1508",2020-10-05 11:35:00,0.00481386399
"1509",2020-10-05 11:40:00,0.00509703246
"1510",2020-10-05 11:45:00,0.00509703246
"1511",2020-10-05 11:50:00,0.00453069552
"1512",2020-10-05 11:55:00,0.00453069552
"1513",2020-10-05 12:00:00,0.00481386399
"1514",2020-10-05 12:05:00,0.00424752705
"1515",2020-10-05 12:10:00,0.00453069552
"1516",2020-10-05 12:15:00,0.00396435858
"1517",2020-10-05 12:20:00,0.00368119011
"1518",2020-10-05 12:25:00,0.00424752705
"1519",2020-10-05 12:30:00,0.00396435858
"1520",2020-10-05 12:35:00,0.00396435858
"1521",2020-10-05 12:40:00,0.00481386399
"1522",2020-10-05 12:45:00,0.00396435858
"1523",2020-10-05 12:50:00,0.00396435858
"1524",2020-10-05 12:55:00,0.00424752705
"1525",2020-10-05 13:00:00,0.00396435858
"1526",2020-10-05 13:05:00,0.00368119011
"1527",2020-10-05 13:10:00,0.00481386399
"1528",2020-10-05 13:15:00,0.00339802164
"1529",2020-10-05 13:20:00,0.00368119011
"1530",2020-10-05 13:25:00,0.00339802164
"1531",2020-10-05 13:30:00,0.00424752705
"1532",2020-10-05 13:35:00,0.00311485317
"1533",2020-10-05 13:40:00,0.00453069552
"1534",2020-10-05 13:45:00,0.00424752705
"1535",2020-10-05 13:50:00,0.00424752705
"1536",2020-10-05 13:55:00,0.00424752705
"1537",2020-10-05 14:00:00,0.00424752705
"1538",2020-10-05 14:05:00,0.00396435858
"1539",2020-10-05 14:10:00,0.00368119011
"1540",2020-10-05 14:15:00,0.00339802164
"1541",2020-10-05 14:20:00,0.00396435858
"1542",2020-10-05 14:25:00,0.00453069552
"1543",2020-10-05 14:30:00,0.00453069552
"1544",2020-10-05 14:35:00,0.00509703246
"1545",2020-10-05 14:40:00,0.00481386399
"1546",2020-10-05 14:45:00,0.00481386399
"1547",2020-10-05 14:50:00,0.00396435858
"1548",2020-10-05 14:55:00,0.00481386399
"1549",2020-10-05 15:00:00,0.00481386399
"1550",2020-10-05 15:05:00,0.00453069552
"1551",2020-10-05 15:10:00,0.00424752705
"1552",2020-10-05 15:15:00,0.00509703246
"1553",2020-10-05 15:20:00,0.00509703246
"1554",2020-10-05 15:25:00,0.00453069552
"1555",2020-10-05 15:30:00,0.00538020093
"1556",2020-10-05 15:35:00,0.00594653787
"1557",2020-10-05 15:40:00,0.00764554869
"1558",2020-10-05 15:45:00,0.0056633694
"1559",2020-10-05 15:50:00,0.00594653787
"1560",2020-10-05 15:55:00,0.00481386399
"1561",2020-10-05 16:00:00,0.00707921175
"1562",2020-10-05 16:05:00,0.00538020093
"1563",2020-10-05 16:10:00,0.00792871716
"1564",2020-10-05 16:15:00,0.00934455951
"1565",2020-10-05 16:20:00,0.00877822257
"1566",2020-10-05 16:25:00,0.00764554869
"1567",2020-10-05 16:30:00,0.0084950541
"1568",2020-10-05 16:35:00,0.01104357033
"1569",2020-10-05 16:40:00,0.00906139104
"1570",2020-10-05 16:45:00,0.00877822257
"1571",2020-10-05 16:50:00,0.00453069552
"1572",2020-10-05 16:55:00,0.00792871716
"1573",2020-10-05 17:00:00,0.0084950541
"1574",2020-10-05 17:05:00,0.01104357033
"1575",2020-10-05 17:10:00,0.00651287481
"1576",2020-10-05 17:15:00,0.01104357033
"1577",2020-10-05 17:20:00,0.00991089645
"1578",2020-10-05 17:25:00,0.00934455951
"1579",2020-10-05 17:30:00,0.00821188563
"1580",2020-10-05 17:35:00,0.00962772798
"1581",2020-10-05 17:40:00,0.00934455951
"1582",2020-10-05 17:45:00,0.00792871716
"1583",2020-10-05 17:50:00,0.00764554869
"1584",2020-10-05 17:55:00,0.01472476044
"1585",2020-10-05 18:00:00,0.01076040186
"1586",2020-10-05 18:05:00,0.01047723339
"1587",2020-10-05 18:10:00,0.01330891809
"1588",2020-10-05 18:15:00,0.01076040186
"1589",2020-10-05 18:20:00,0.00934455951
"1590",2020-10-05 18:25:00,0.00934455951
"1591",2020-10-05 18:30:00,0.01189307574
"1592",2020-10-05 18:35:00,0.01076040186
"1593",2020-10-05 18:40:00,0.00991089645
"1594",2020-10-05 18:45:00,0.01925545596
"1595",2020-10-05 18:50:00,0.01245941268
"1596",2020-10-05 18:55:00,0.01387525503
"1597",2020-10-05 19:00:00,0.01302574962
"1598",2020-10-05 19:05:00,0.01160990727
"1599",2020-10-05 19:10:00,0.0113267388
"1600",2020-10-05 19:15:00,0.01670693973
"1601",2020-10-05 19:20:00,0.00934455951
"1602",2020-10-05 19:25:00,0.01245941268
"1603",2020-10-05 19:30:00,0.01047723339
"1604",2020-10-05 19:35:00,0.0084950541
"1605",2020-10-05 19:40:00,0.00764554869
"1606",2020-10-05 19:45:00,0.00962772798
"1607",2020-10-05 19:50:00,0.01387525503
"1608",2020-10-05 19:55:00,0.00453069552
"1609",2020-10-05 20:00:00,0.00764554869
"1610",2020-10-05 20:05:00,0.01274258115
"1611",2020-10-05 20:10:00,0.0141584235
"1612",2020-10-05 20:15:00,0.00934455951
"1613",2020-10-05 20:20:00,0.02067129831
"1614",2020-10-05 20:25:00,0.01642377126
"1615",2020-10-05 20:30:00,0.01444159197
"1616",2020-10-05 20:35:00,0.01019406492
"1617",2020-10-05 20:40:00,0.01274258115
"1618",2020-10-05 20:45:00,0.01472476044
"1619",2020-10-05 20:50:00,0.01529109738
"1620",2020-10-05 20:55:00,0.01727327667
"1621",2020-10-05 21:00:00,0.02237030913
"1622",2020-10-05 21:05:00,0.0169901082
"1623",2020-10-05 21:10:00,0.01897228749
"1624",2020-10-05 21:15:00,0.01783961361
"1625",2020-10-05 21:20:00,0.01104357033
"1626",2020-10-05 21:25:00,0.02038812984
"1627",2020-10-05 21:30:00,0.00906139104
"1628",2020-10-05 21:35:00,0.01529109738
"1629",2020-10-05 21:40:00,0.01472476044
"1630",2020-10-05 21:45:00,0.01387525503
"1631",2020-10-05 21:50:00,0.01160990727
"1632",2020-10-05 21:55:00,0.00906139104
"1633",2020-10-05 22:00:00,0.0113267388
"1634",2020-10-05 22:05:00,0.01444159197
"1635",2020-10-05 22:10:00,0.01727327667
"1636",2020-10-05 22:15:00,0.01897228749
"1637",2020-10-05 22:20:00,0.01245941268
"1638",2020-10-05 22:25:00,0.01500792891
"1639",2020-10-05 22:30:00,0.01444159197
"1640",2020-10-05 22:35:00,0.01330891809
"1641",2020-10-05 22:40:00,0.01500792891
"1642",2020-10-05 22:45:00,0.01444159197
"1643",2020-10-05 22:50:00,0.01274258115
"1644",2020-10-05 22:55:00,0.01019406492
"1645",2020-10-05 23:00:00,0.01019406492
"1646",2020-10-05 23:05:00,0.01585743432
"1647",2020-10-05 23:10:00,0.01189307574
"1648",2020-10-05 23:15:00,0.01245941268
"1649",2020-10-05 23:20:00,0.00991089645
"1650",2020-10-05 23:25:00,0.00934455951
"1651",2020-10-05 23:30:00,0.01076040186
"1652",2020-10-05 23:35:00,0.00906139104
"1653",2020-10-05 23:40:00,0.01076040186
"1654",2020-10-05 23:45:00,0.01160990727
"1655",2020-10-05 23:50:00,0.00962772798
"1656",2020-10-05 23:55:00,0.00877822257
"1657",2020-10-06 00:00:00,0.00934455951
"1658",2020-10-06 00:05:00,0.00906139104
"1659",2020-10-06 00:10:00,0.0084950541
"1660",2020-10-06 00:15:00,0.0084950541
"1661",2020-10-06 00:20:00,0.00877822257
"1662",2020-10-06 00:25:00,0.00906139104
"1663",2020-10-06 00:30:00,0.00962772798
"1664",2020-10-06 00:35:00,0.0084950541
"1665",2020-10-06 00:40:00,0.00821188563
"1666",2020-10-06 00:45:00,0.00736238022
"1667",2020-10-06 00:50:00,0.00792871716
"1668",2020-10-06 00:55:00,0.00651287481
"1669",2020-10-06 01:00:00,0.00707921175
"1670",2020-10-06 01:05:00,0.00707921175
"1671",2020-10-06 01:10:00,0.00906139104
"1672",2020-10-06 01:15:00,0.00736238022
"1673",2020-10-06 01:20:00,0.00821188563
"1674",2020-10-06 01:25:00,0.00906139104
"1675",2020-10-06 01:30:00,0.0084950541
"1676",2020-10-06 01:35:00,0.0084950541
"1677",2020-10-06 01:40:00,0.00821188563
"1678",2020-10-06 01:45:00,0.00821188563
"1679",2020-10-06 01:50:00,0.00707921175
"1680",2020-10-06 01:55:00,0.00707921175
"1681",2020-10-06 02:00:00,0.00707921175
"1682",2020-10-06 02:05:00,0.00764554869
"1683",2020-10-06 02:10:00,0.00792871716
"1684",2020-10-06 02:15:00,0.00821188563
"1685",2020-10-06 02:20:00,0.00679604328
"1686",2020-10-06 02:25:00,0.00736238022
"1687",2020-10-06 02:30:00,0.00792871716
"1688",2020-10-06 02:35:00,0.00679604328
"1689",2020-10-06 02:40:00,0.00736238022
"1690",2020-10-06 02:45:00,0.00934455951
"1691",2020-10-06 02:50:00,0.00792871716
"1692",2020-10-06 02:55:00,0.00792871716
"1693",2020-10-06 03:00:00,0.00651287481
"1694",2020-10-06 03:05:00,0.00906139104
"1695",2020-10-06 03:10:00,0.0084950541
"1696",2020-10-06 03:15:00,0.00877822257
"1697",2020-10-06 03:20:00,0.00792871716
"1698",2020-10-06 03:25:00,0.00962772798
"1699",2020-10-06 03:30:00,0.0084950541
"1700",2020-10-06 03:35:00,0.01019406492
"1701",2020-10-06 03:40:00,0.00934455951
"1702",2020-10-06 03:45:00,0.01076040186
"1703",2020-10-06 03:50:00,0.00651287481
"1704",2020-10-06 03:55:00,0.00821188563
"1705",2020-10-06 04:00:00,0.00594653787
"1706",2020-10-06 04:05:00,0.00792871716
"1707",2020-10-06 04:10:00,0.00707921175
"1708",2020-10-06 04:15:00,0.00707921175
"1709",2020-10-06 04:20:00,0.00764554869
"1710",2020-10-06 04:25:00,0.00821188563
"1711",2020-10-06 04:30:00,0.00651287481
"1712",2020-10-06 04:35:00,0.00679604328
"1713",2020-10-06 04:40:00,0.00736238022
"1714",2020-10-06 04:45:00,0.0084950541
"1715",2020-10-06 04:50:00,0.00821188563
"1716",2020-10-06 04:55:00,0.00764554869
"1717",2020-10-06 05:00:00,0.00821188563
"1718",2020-10-06 05:05:00,0.00764554869
"1719",2020-10-06 05:10:00,0.00736238022
"1720",2020-10-06 05:15:00,0.00764554869
"1721",2020-10-06 05:20:00,0.00764554869
"1722",2020-10-06 05:25:00,0.00821188563
"1723",2020-10-06 05:30:00,0.00764554869
"1724",2020-10-06 05:35:00,0.00736238022
"1725",2020-10-06 05:40:00,0.00736238022
"1726",2020-10-06 05:45:00,0.00707921175
"1727",2020-10-06 05:50:00,0.00651287481
"1728",2020-10-06 05:55:00,0.00679604328
"1729",2020-10-06 06:00:00,0.00707921175
"1730",2020-10-06 06:05:00,0.00679604328
"1731",2020-10-06 06:10:00,0.00821188563
"1732",2020-10-06 06:15:00,0.00821188563
"1733",2020-10-06 06:20:00,0.00707921175
"1734",2020-10-06 06:25:00,0.0056633694
"1735",2020-10-06 06:30:00,0.00821188563
"1736",2020-10-06 06:35:00,0.00679604328
"1737",2020-10-06 06:40:00,0.00651287481
"1738",2020-10-06 06:45:00,0.00594653787
"1739",2020-10-06 06:50:00,0.00679604328
"1740",2020-10-06 06:55:00,0.00594653787
"1741",2020-10-06 07:00:00,0.00764554869
"1742",2020-10-06 07:05:00,0.00736238022
"1743",2020-10-06 07:10:00,0.00821188563
"1744",2020-10-06 07:15:00,0.00821188563
"1745",2020-10-06 07:20:00,0.0084950541
"1746",2020-10-06 07:25:00,0.00906139104
"1747",2020-10-06 07:30:00,0.00792871716
"1748",2020-10-06 07:35:00,0.00764554869
"1749",2020-10-06 07:40:00,0.00707921175
"1750",2020-10-06 07:45:00,0.00707921175
"1751",2020-10-06 07:50:00,0.00651287481
"1752",2020-10-06 07:55:00,0.0056633694
"1753",2020-10-06 08:00:00,0.00453069552
"1754",2020-10-06 08:05:00,0.00481386399
"1755",2020-10-06 08:10:00,0.00594653787
"1756",2020-10-06 08:15:00,0.0056633694
"1757",2020-10-06 08:20:00,0.00538020093
"1758",2020-10-06 08:25:00,0.00481386399
"1759",2020-10-06 08:30:00,0.00481386399
"1760",2020-10-06 08:35:00,0.00538020093
"1761",2020-10-06 08:40:00,0.00622970634
"1762",2020-10-06 08:45:00,0.00509703246
"1763",2020-10-06 08:50:00,0.00481386399
"1764",2020-10-06 08:55:00,0.00453069552
"1765",2020-10-06 09:00:00,0.00509703246
"1766",2020-10-06 09:05:00,0.00509703246
"1767",2020-10-06 09:10:00,0.00481386399
"1768",2020-10-06 09:15:00,0.00509703246
"1769",2020-10-06 09:20:00,0.00453069552
"1770",2020-10-06 09:25:00,0.00622970634
"1771",2020-10-06 09:30:00,0.00453069552
"1772",2020-10-06 09:35:00,0.0056633694
"1773",2020-10-06 09:40:00,0.00538020093
"1774",2020-10-06 09:45:00,0.0056633694
"1775",2020-10-06 09:50:00,0.00509703246
"1776",2020-10-06 09:55:00,0.00481386399
"1777",2020-10-06 10:00:00,0.00453069552
"1778",2020-10-06 10:05:00,0.00453069552
"1779",2020-10-06 10:10:00,0.00453069552
"1780",2020-10-06 10:15:00,0.00424752705
"1781",2020-10-06 10:20:00,0.00396435858
"1782",2020-10-06 10:25:00,0.00481386399
"1783",2020-10-06 10:30:00,0.00453069552
"1784",2020-10-06 10:35:00,0.00339802164
"1785",2020-10-06 10:40:00,0.00368119011
"1786",2020-10-06 10:45:00,0.00368119011
"1787",2020-10-06 10:50:00,0.0028316847
"1788",2020-10-06 10:55:00,0.00339802164
"1789",2020-10-06 11:00:00,0.00339802164
"1790",2020-10-06 11:05:00,0.00339802164
"1791",2020-10-06 11:10:00,0.00424752705
"1792",2020-10-06 11:15:00,0.00368119011
"1793",2020-10-06 11:20:00,0.00339802164
"1794",2020-10-06 11:25:00,0.00339802164
"1795",2020-10-06 11:30:00,0.00396435858
"1796",2020-10-06 11:35:00,0.00311485317
"1797",2020-10-06 11:40:00,0.00311485317
"1798",2020-10-06 11:45:00,0.00311485317
"1799",2020-10-06 11:50:00,0.00368119011
"1800",2020-10-06 11:55:00,0.00368119011
"1801",2020-10-06 12:00:00,0.00396435858
"1802",2020-10-06 12:05:00,0.00424752705
"1803",2020-10-06 12:10:00,0.00424752705
"1804",2020-10-06 12:15:00,0.00368119011
"1805",2020-10-06 12:20:00,0.00424752705
"1806",2020-10-06 12:25:00,0.00453069552
"1807",2020-10-06 12:30:00,0.00453069552
"1808",2020-10-06 12:35:00,0.00453069552
"1809",2020-10-06 12:40:00,0.00453069552
"1810",2020-10-06 12:45:00,0.00453069552
"1811",2020-10-06 12:50:00,0.00509703246
"1812",2020-10-06 12:55:00,0.00453069552
"1813",2020-10-06 13:00:00,0.00424752705
"1814",2020-10-06 13:05:00,0.00424752705
"1815",2020-10-06 13:10:00,0.00424752705
"1816",2020-10-06 13:15:00,0.00453069552
"1817",2020-10-06 13:20:00,0.00481386399
"1818",2020-10-06 13:25:00,0.00453069552
"1819",2020-10-06 13:30:00,0.00453069552
"1820",2020-10-06 13:35:00,0.00424752705
"1821",2020-10-06 13:40:00,0.00368119011
"1822",2020-10-06 13:45:00,0.00424752705
"1823",2020-10-06 13:50:00,0.00368119011
"1824",2020-10-06 13:55:00,0.00424752705
"1825",2020-10-06 14:00:00,0.00339802164
"1826",2020-10-06 14:05:00,0.00396435858
"1827",2020-10-06 14:10:00,0.00424752705
"1828",2020-10-06 14:15:00,0.00424752705
"1829",2020-10-06 14:20:00,0.00396435858
"1830",2020-10-06 14:25:00,0.00396435858
"1831",2020-10-06 14:30:00,0.00396435858
"1832",2020-10-06 14:35:00,0.00368119011
"1833",2020-10-06 14:40:00,0.00339802164
"1834",2020-10-06 14:45:00,0.00339802164
"1835",2020-10-06 14:50:00,0.00339802164
"1836",2020-10-06 14:55:00,0.00396435858
"1837",2020-10-06 15:00:00,0.00368119011
"1838",2020-10-06 15:05:00,0.00368119011
"1839",2020-10-06 15:10:00,0.00396435858
"1840",2020-10-06 15:15:00,0.00424752705
"1841",2020-10-06 15:20:00,0.00396435858
"1842",2020-10-06 15:25:00,0.00396435858
"1843",2020-10-06 15:30:00,0.00368119011
"1844",2020-10-06 15:35:00,0.00396435858
"1845",2020-10-06 15:40:00,0.00396435858
"1846",2020-10-06 15:45:00,0.00424752705
"1847",2020-10-06 15:50:00,0.00368119011
"1848",2020-10-06 15:55:00,0.00311485317
"1849",2020-10-06 16:00:00,0.00396435858
"1850",2020-10-06 16:05:00,0.00396435858
"1851",2020-10-06 16:10:00,0.00396435858
"1852",2020-10-06 16:15:00,0.00368119011
"1853",2020-10-06 16:20:00,0.00396435858
"1854",2020-10-06 16:25:00,0.00368119011
"1855",2020-10-06 16:30:00,0.00368119011
"1856",2020-10-06 16:35:00,0.00368119011
"1857",2020-10-06 16:40:00,0.00396435858
"1858",2020-10-06 16:45:00,0.00453069552
"1859",2020-10-06 16:50:00,0.00368119011
"1860",2020-10-06 16:55:00,0.00453069552
"1861",2020-10-06 17:00:00,0.00396435858
"1862",2020-10-06 17:05:00,0.00339802164
"1863",2020-10-06 17:10:00,0.00481386399
"1864",2020-10-06 17:15:00,0.00481386399
"1865",2020-10-06 17:20:00,0.00594653787
"1866",2020-10-06 17:25:00,0.00679604328
"1867",2020-10-06 17:30:00,0.00821188563
"1868",2020-10-06 17:35:00,0.00594653787
"1869",2020-10-06 17:40:00,0.00736238022
"1870",2020-10-06 17:45:00,0.00594653787
"1871",2020-10-06 17:50:00,0.0084950541
"1872",2020-10-06 17:55:00,0.00877822257
"1873",2020-10-06 18:00:00,0.01047723339
"1874",2020-10-06 18:05:00,0.00906139104
"1875",2020-10-06 18:10:00,0.00736238022
"1876",2020-10-06 18:15:00,0.00764554869
"1877",2020-10-06 18:20:00,0.00934455951
"1878",2020-10-06 18:25:00,0.00707921175
"1879",2020-10-06 18:30:00,0.01047723339
"1880",2020-10-06 18:35:00,0.00792871716
"1881",2020-10-06 18:40:00,0.00651287481
"1882",2020-10-06 18:45:00,0.00792871716
"1883",2020-10-06 18:50:00,0.00707921175
"1884",2020-10-06 18:55:00,0.00906139104
"1885",2020-10-06 19:00:00,0.00991089645
"1886",2020-10-06 19:05:00,0.00934455951
"1887",2020-10-06 19:10:00,0.00707921175
"1888",2020-10-06 19:15:00,0.00736238022
"1889",2020-10-06 19:20:00,0.00764554869
"1890",2020-10-06 19:25:00,0.00764554869
"1891",2020-10-06 19:30:00,0.01217624421
"1892",2020-10-06 19:35:00,0.01076040186
"1893",2020-10-06 19:40:00,0.01076040186
"1894",2020-10-06 19:45:00,0.01104357033
"1895",2020-10-06 19:50:00,0.01302574962
"1896",2020-10-06 19:55:00,0.00792871716
"1897",2020-10-06 20:00:00,0.00934455951
"1898",2020-10-06 20:05:00,0.0169901082
"1899",2020-10-06 20:10:00,0.00991089645
"1900",2020-10-06 20:15:00,0.01274258115
"1901",2020-10-06 20:20:00,0.01387525503
"1902",2020-10-06 20:25:00,0.00764554869
"1903",2020-10-06 20:30:00,0.01217624421
"1904",2020-10-06 20:35:00,0.01274258115
"1905",2020-10-06 20:40:00,0.01019406492
"1906",2020-10-06 20:45:00,0.00991089645
"1907",2020-10-06 20:50:00,0.01189307574
"1908",2020-10-06 20:55:00,0.0084950541
"1909",2020-10-06 21:00:00,0.01302574962
"1910",2020-10-06 21:05:00,0.01217624421
"1911",2020-10-06 21:10:00,0.01160990727
"1912",2020-10-06 21:15:00,0.0113267388
"1913",2020-10-06 21:20:00,0.01076040186
"1914",2020-10-06 21:25:00,0.00991089645
"1915",2020-10-06 21:30:00,0.01160990727
"1916",2020-10-06 21:35:00,0.01302574962
"1917",2020-10-06 21:40:00,0.0084950541
"1918",2020-10-06 21:45:00,0.00962772798
"1919",2020-10-06 21:50:00,0.01076040186
"1920",2020-10-06 21:55:00,0.00962772798
"1921",2020-10-06 22:00:00,0.01160990727
"1922",2020-10-06 22:05:00,0.00906139104
"1923",2020-10-06 22:10:00,0.00934455951
"1924",2020-10-06 22:15:00,0.00906139104
"1925",2020-10-06 22:20:00,0.01302574962
"1926",2020-10-06 22:25:00,0.0113267388
"1927",2020-10-06 22:30:00,0.00877822257
"1928",2020-10-06 22:35:00,0.01019406492
"1929",2020-10-06 22:40:00,0.0084950541
"1930",2020-10-06 22:45:00,0.0113267388
"1931",2020-10-06 22:50:00,0.00906139104
"1932",2020-10-06 22:55:00,0.00707921175
"1933",2020-10-06 23:00:00,0.0113267388
"1934",2020-10-06 23:05:00,0.00906139104
"1935",2020-10-06 23:10:00,0.00991089645
"1936",2020-10-06 23:15:00,0.00906139104
"1937",2020-10-06 23:20:00,0.00764554869
"1938",2020-10-06 23:25:00,0.01217624421
"1939",2020-10-06 23:30:00,0.00991089645
"1940",2020-10-06 23:35:00,0.00962772798
"1941",2020-10-06 23:40:00,0.00792871716
"1942",2020-10-06 23:45:00,0.00821188563
"1943",2020-10-06 23:50:00,0.0084950541
"1944",2020-10-06 23:55:00,0.0084950541
"1945",2020-10-07 00:00:00,0.00792871716
"1946",2020-10-07 00:05:00,0.00736238022
"1947",2020-10-07 00:10:00,0.00707921175
"1948",2020-10-07 00:15:00,0.00707921175
"1949",2020-10-07 00:20:00,0.00736238022
"1950",2020-10-07 00:25:00,0.00707921175
"1951",2020-10-07 00:30:00,0.00707921175
"1952",2020-10-07 00:35:00,0.00679604328
"1953",2020-10-07 00:40:00,0.00679604328
"1954",2020-10-07 00:45:00,0.00707921175
"1955",2020-10-07 00:50:00,0.00679604328
"1956",2020-10-07 00:55:00,0.00707921175
"1957",2020-10-07 01:00:00,0.00679604328
"1958",2020-10-07 01:05:00,0.00736238022
"1959",2020-10-07 01:10:00,0.00679604328
"1960",2020-10-07 01:15:00,0.00707921175
"1961",2020-10-07 01:20:00,0.00792871716
"1962",2020-10-07 01:25:00,0.0056633694
"1963",2020-10-07 01:30:00,0.00707921175
"1964",2020-10-07 01:35:00,0.00792871716
"1965",2020-10-07 01:40:00,0.00792871716
"1966",2020-10-07 01:45:00,0.00679604328
"1967",2020-10-07 01:50:00,0.00821188563
"1968",2020-10-07 01:55:00,0.00906139104
"1969",2020-10-07 02:00:00,0.0084950541
"1970",2020-10-07 02:05:00,0.00934455951
"1971",2020-10-07 02:10:00,0.00906139104
"1972",2020-10-07 02:15:00,0.00877822257
"1973",2020-10-07 02:20:00,0.00991089645
"1974",2020-10-07 02:25:00,0.00877822257
"1975",2020-10-07 02:30:00,0.0084950541
"1976",2020-10-07 02:35:00,0.00962772798
"1977",2020-10-07 02:40:00,0.00934455951
"1978",2020-10-07 02:45:00,0.0084950541
"1979",2020-10-07 02:50:00,0.00934455951
"1980",2020-10-07 02:55:00,0.00991089645
"1981",2020-10-07 03:00:00,0.0084950541
"1982",2020-10-07 03:05:00,0.00934455951
"1983",2020-10-07 03:10:00,0.0084950541
"1984",2020-10-07 03:15:00,0.00821188563
"1985",2020-10-07 03:20:00,0.00934455951
"1986",2020-10-07 03:25:00,0.01019406492
"1987",2020-10-07 03:30:00,0.00792871716
"1988",2020-10-07 03:35:00,0.00934455951
"1989",2020-10-07 03:40:00,0.00962772798
"1990",2020-10-07 03:45:00,0.00934455951
"1991",2020-10-07 03:50:00,0.01047723339
"1992",2020-10-07 03:55:00,0.00934455951
"1993",2020-10-07 04:00:00,0.01047723339
"1994",2020-10-07 04:05:00,0.01472476044
"1995",2020-10-07 04:10:00,0.01189307574
"1996",2020-10-07 04:15:00,0.01359208656
"1997",2020-10-07 04:20:00,0.00934455951
"1998",2020-10-07 04:25:00,0.01274258115
"1999",2020-10-07 04:30:00,0.01585743432
"2000",2020-10-07 04:35:00,0.01529109738
"2001",2020-10-07 04:40:00,0.01245941268
"2002",2020-10-07 04:45:00,0.01444159197
"2003",2020-10-07 04:50:00,0.01444159197
"2004",2020-10-07 04:55:00,0.01500792891
"2005",2020-10-07 05:00:00,0.01472476044
"2006",2020-10-07 05:05:00,0.01217624421
"2007",2020-10-07 05:10:00,0.01104357033
"2008",2020-10-07 05:15:00,0.01330891809
"2009",2020-10-07 05:20:00,0.0169901082
"2010",2020-10-07 05:25:00,0.01274258115
"2011",2020-10-07 05:30:00,0.01245941268
"2012",2020-10-07 05:35:00,0.01245941268
"2013",2020-10-07 05:40:00,0.01189307574
"2014",2020-10-07 05:45:00,0.01047723339
"2015",2020-10-07 05:50:00,0.01189307574
"2016",2020-10-07 05:55:00,0.01472476044
"2017",2020-10-07 06:00:00,0.01189307574
"2018",2020-10-07 06:05:00,0.01302574962
"2019",2020-10-07 06:10:00,0.01160990727
"2020",2020-10-07 06:15:00,0.01387525503
"2021",2020-10-07 06:20:00,0.00906139104
"2022",2020-10-07 06:25:00,0.00622970634
"2023",2020-10-07 06:30:00,0.00424752705
"2024",2020-10-07 06:35:00,0.00339802164
"2025",2020-10-07 06:40:00,0.00962772798
"2026",2020-10-07 06:45:00,0.0056633694
"2027",2020-10-07 06:50:00,0.00594653787
"2028",2020-10-07 06:55:00,0.00736238022
"2029",2020-10-07 07:00:00,0.0056633694
"2030",2020-10-07 07:05:00,0.00622970634
"2031",2020-10-07 07:10:00,0.00679604328
"2032",2020-10-07 07:15:00,0.00594653787
"2033",2020-10-07 07:20:00,0.00622970634
"2034",2020-10-07 07:25:00,0.00594653787
"2035",2020-10-07 07:30:00,0.00594653787
"2036",2020-10-07 07:35:00,0.00594653787
"2037",2020-10-07 07:40:00,0.00594653787
"2038",2020-10-07 07:45:00,0.00651287481
"2039",2020-10-07 07:50:00,0.00538020093
"2040",2020-10-07 07:55:00,0.00622970634
"2041",2020-10-07 08:00:00,0.00594653787
"2042",2020-10-07 08:05:00,0.00594653787
"2043",2020-10-07 08:10:00,0.00622970634
"2044",2020-10-07 08:15:00,0.00622970634
"2045",2020-10-07 08:20:00,0.00622970634
"2046",2020-10-07 08:25:00,0.00538020093
"2047",2020-10-07 08:30:00,0.00679604328
"2048",2020-10-07 08:35:00,0.0056633694
"2049",2020-10-07 08:40:00,0.00538020093
"2050",2020-10-07 08:45:00,0.00538020093
"2051",2020-10-07 08:50:00,0.00509703246
"2052",2020-10-07 08:55:00,0.00509703246
"2053",2020-10-07 09:00:00,0.00481386399
"2054",2020-10-07 09:05:00,0.00453069552
"2055",2020-10-07 09:10:00,0.00538020093
"2056",2020-10-07 09:15:00,0.00453069552
"2057",2020-10-07 09:20:00,0.00481386399
"2058",2020-10-07 09:25:00,0.00453069552
"2059",2020-10-07 09:30:00,0.00509703246
"2060",2020-10-07 09:35:00,0.00481386399
"2061",2020-10-07 09:40:00,0.00424752705
"2062",2020-10-07 09:45:00,0.00538020093
"2063",2020-10-07 09:50:00,0.00453069552
"2064",2020-10-07 09:55:00,0.00538020093
"2065",2020-10-07 10:00:00,0.00481386399
"2066",2020-10-07 10:05:00,0.00453069552
"2067",2020-10-07 10:10:00,0.00481386399
"2068",2020-10-07 10:15:00,0.00509703246
"2069",2020-10-07 10:20:00,0.00509703246
"2070",2020-10-07 10:25:00,0.00538020093
"2071",2020-10-07 10:30:00,0.00509703246
"2072",2020-10-07 10:35:00,0.00538020093
"2073",2020-10-07 10:40:00,0.0056633694
"2074",2020-10-07 10:45:00,0.00538020093
"2075",2020-10-07 10:50:00,0.0056633694
"2076",2020-10-07 10:55:00,0.00509703246
"2077",2020-10-07 11:00:00,0.00509703246
"2078",2020-10-07 11:05:00,0.0056633694
"2079",2020-10-07 11:10:00,0.0056633694
"2080",2020-10-07 11:15:00,0.00509703246
"2081",2020-10-07 11:20:00,0.00594653787
"2082",2020-10-07 11:25:00,0.0056633694
"2083",2020-10-07 11:30:00,0.00509703246
"2084",2020-10-07 11:35:00,0.00481386399
"2085",2020-10-07 11:40:00,0.0056633694
"2086",2020-10-07 11:45:00,0.00509703246
"2087",2020-10-07 11:50:00,0.00453069552
"2088",2020-10-07 11:55:00,0.00453069552
"2089",2020-10-07 12:00:00,0.00481386399
"2090",2020-10-07 12:05:00,0.00538020093
"2091",2020-10-07 12:10:00,0.00509703246
"2092",2020-10-07 12:15:00,0.00481386399
"2093",2020-10-07 12:20:00,0.00509703246
"2094",2020-10-07 12:25:00,0.00396435858
"2095",2020-10-07 12:30:00,0.00453069552
"2096",2020-10-07 12:35:00,0.00453069552
"2097",2020-10-07 12:40:00,0.00424752705
"2098",2020-10-07 12:45:00,0.00481386399
"2099",2020-10-07 12:50:00,0.00453069552
"2100",2020-10-07 12:55:00,0.00424752705
"2101",2020-10-07 13:00:00,0.00509703246
"2102",2020-10-07 13:05:00,0.00453069552
"2103",2020-10-07 13:10:00,0.00453069552
"2104",2020-10-07 13:15:00,0.00424752705
"2105",2020-10-07 13:20:00,0.00453069552
"2106",2020-10-07 13:25:00,0.00481386399
"2107",2020-10-07 13:30:00,0.00396435858
"2108",2020-10-07 13:35:00,0.00453069552
"2109",2020-10-07 13:40:00,0.00594653787
"2110",2020-10-07 13:45:00,0.00396435858
"2111",2020-10-07 13:50:00,0.00481386399
"2112",2020-10-07 13:55:00,0.0056633694
"2113",2020-10-07 14:00:00,0.00424752705
"2114",2020-10-07 14:05:00,0.00453069552
"2115",2020-10-07 14:10:00,0.00453069552
"2116",2020-10-07 14:15:00,0.00424752705
"2117",2020-10-07 14:20:00,0.00368119011
"2118",2020-10-07 14:25:00,0.00509703246
"2119",2020-10-07 14:30:00,0.00424752705
"2120",2020-10-07 14:35:00,0.00424752705
"2121",2020-10-07 14:40:00,0.00424752705
"2122",2020-10-07 14:45:00,0.00453069552
"2123",2020-10-07 14:50:00,0.00538020093
"2124",2020-10-07 14:55:00,0.00509703246
"2125",2020-10-07 15:00:00,0.00509703246
"2126",2020-10-07 15:05:00,0.00368119011
"2127",2020-10-07 15:10:00,0.00481386399
"2128",2020-10-07 15:15:00,0.00396435858
"2129",2020-10-07 15:20:00,0.00424752705
"2130",2020-10-07 15:25:00,0.00424752705
"2131",2020-10-07 15:30:00,0.0056633694
"2132",2020-10-07 15:35:00,0.00396435858
"2133",2020-10-07 15:40:00,0.00538020093
"2134",2020-10-07 15:45:00,0.00453069552
"2135",2020-10-07 15:50:00,0.00339802164
"2136",2020-10-07 15:55:00,0.00481386399
"2137",2020-10-07 16:00:00,0.00396435858
"2138",2020-10-07 16:05:00,0.00396435858
"2139",2020-10-07 16:10:00,0.00424752705
"2140",2020-10-07 16:15:00,0.00424752705
"2141",2020-10-07 16:20:00,0.0028316847
"2142",2020-10-07 16:25:00,0.00481386399
"2143",2020-10-07 16:30:00,0.00481386399
"2144",2020-10-07 16:35:00,0.00453069552
"2145",2020-10-07 16:40:00,0.00424752705
"2146",2020-10-07 16:45:00,0.00538020093
"2147",2020-10-07 16:50:00,0.00396435858
"2148",2020-10-07 16:55:00,0.00538020093
"2149",2020-10-07 17:00:00,0.00509703246
"2150",2020-10-07 17:05:00,0.00651287481
"2151",2020-10-07 17:10:00,0.00396435858
"2152",2020-10-07 17:15:00,0.00339802164
"2153",2020-10-07 17:20:00,0.00368119011
"2154",2020-10-07 17:25:00,0.00396435858
"2155",2020-10-07 17:30:00,0.00538020093
"2156",2020-10-07 17:35:00,0.00481386399
"2157",2020-10-07 17:40:00,0.00707921175
"2158",2020-10-07 17:45:00,0.00396435858
"2159",2020-10-07 17:50:00,0.00651287481
"2160",2020-10-07 17:55:00,0.00651287481
"2161",2020-10-07 18:00:00,0.00538020093
"2162",2020-10-07 18:05:00,0.0056633694
"2163",2020-10-07 18:10:00,0.00481386399
"2164",2020-10-07 18:15:00,0.00481386399
"2165",2020-10-07 18:20:00,0.00254851623
"2166",2020-10-07 18:25:00,0.00509703246
"2167",2020-10-07 18:30:00,0.00453069552
"2168",2020-10-07 18:35:00,0.00339802164
"2169",2020-10-07 18:40:00,0.00622970634
"2170",2020-10-07 18:45:00,0.00424752705
"2171",2020-10-07 18:50:00,0.00396435858
"2172",2020-10-07 18:55:00,0.00707921175
"2173",2020-10-07 19:00:00,0.0028316847
"2174",2020-10-07 19:05:00,0.00651287481
"2175",2020-10-07 19:10:00,0.00453069552
"2176",2020-10-07 19:15:00,0.00453069552
"2177",2020-10-07 19:20:00,0.00481386399
"2178",2020-10-07 19:25:00,0.0056633694
"2179",2020-10-07 19:30:00,0.00509703246
"2180",2020-10-07 19:35:00,0.00481386399
"2181",2020-10-07 19:40:00,0.00509703246
"2182",2020-10-07 19:45:00,0.0084950541
"2183",2020-10-07 19:50:00,0.00538020093
"2184",2020-10-07 19:55:00,0.00481386399
"2185",2020-10-07 20:00:00,0.00509703246
"2186",2020-10-07 20:05:00,0.00707921175
"2187",2020-10-07 20:10:00,0.00396435858
"2188",2020-10-07 20:15:00,0.00424752705
"2189",2020-10-07 20:20:00,0.00736238022
"2190",2020-10-07 20:25:00,0.00679604328
"2191",2020-10-07 20:30:00,0.0084950541
"2192",2020-10-07 20:35:00,0.00792871716
"2193",2020-10-07 20:40:00,0.0056633694
"2194",2020-10-07 20:45:00,0.00962772798
"2195",2020-10-07 20:50:00,0.00764554869
"2196",2020-10-07 20:55:00,0.00764554869
"2197",2020-10-07 21:00:00,0.00962772798
"2198",2020-10-07 21:05:00,0.00877822257
"2199",2020-10-07 21:10:00,0.01047723339
"2200",2020-10-07 21:15:00,0.00906139104
"2201",2020-10-07 21:20:00,0.00821188563
"2202",2020-10-07 21:25:00,0.0113267388
"2203",2020-10-07 21:30:00,0.00792871716
"2204",2020-10-07 21:35:00,0.00594653787
"2205",2020-10-07 21:40:00,0.00707921175
"2206",2020-10-07 21:45:00,0.00622970634
"2207",2020-10-07 21:50:00,0.00679604328
"2208",2020-10-07 21:55:00,0.00622970634
"2209",2020-10-07 22:00:00,0.00679604328
