"","date","stage"
"1",2020-09-30 06:00:00,258.473026516306
"2",2020-09-30 06:05:00,258.473026516306
"3",2020-09-30 06:10:00,258.473026516306
"4",2020-09-30 06:15:00,258.473026516306
"5",2020-09-30 06:20:00,258.473026516306
"6",2020-09-30 06:25:00,258.473026516306
"7",2020-09-30 06:30:00,258.473026516306
"8",2020-09-30 06:35:00,258.473026516306
"9",2020-09-30 06:40:00,258.473026516306
"10",2020-09-30 06:45:00,258.473026516306
"11",2020-09-30 06:50:00,258.473026516306
"12",2020-09-30 06:55:00,258.473026516306
"13",2020-09-30 07:00:00,258.473026516306
"14",2020-09-30 07:05:00,258.473026516306
"15",2020-09-30 07:10:00,258.473026516306
"16",2020-09-30 07:15:00,258.473026516306
"17",2020-09-30 07:20:00,258.473026516306
"18",2020-09-30 07:25:00,258.473026516306
"19",2020-09-30 07:30:00,258.473026516306
"20",2020-09-30 07:35:00,258.473026516306
"21",2020-09-30 07:40:00,258.473026516306
"22",2020-09-30 07:45:00,258.473026516306
"23",2020-09-30 07:50:00,258.473026516306
"24",2020-09-30 07:55:00,258.473026516306
"25",2020-09-30 08:00:00,258.473026516306
"26",2020-09-30 08:05:00,258.473026516306
"27",2020-09-30 08:10:00,258.473026516306
"28",2020-09-30 08:15:00,258.473026516306
"29",2020-09-30 08:20:00,258.473026516306
"30",2020-09-30 08:25:00,258.473026516306
"31",2020-09-30 08:30:00,258.473026516306
"32",2020-09-30 08:35:00,258.473026516306
"33",2020-09-30 08:40:00,258.473026516306
"34",2020-09-30 08:45:00,258.473026516306
"35",2020-09-30 08:50:00,258.473026516306
"36",2020-09-30 08:55:00,258.473026516306
"37",2020-09-30 09:00:00,258.473026516306
"38",2020-09-30 09:05:00,258.473026516306
"39",2020-09-30 09:10:00,258.473026516306
"40",2020-09-30 09:15:00,258.476074367571
"41",2020-09-30 09:20:00,258.473026516306
"42",2020-09-30 09:25:00,258.473026516306
"43",2020-09-30 09:30:00,258.476074367571
"44",2020-09-30 09:35:00,258.476074367571
"45",2020-09-30 09:40:00,258.476074367571
"46",2020-09-30 09:45:00,258.476074367571
"47",2020-09-30 09:50:00,258.476074367571
"48",2020-09-30 09:55:00,258.476074367571
"49",2020-09-30 10:00:00,258.476074367571
"50",2020-09-30 10:05:00,258.473026516306
"51",2020-09-30 10:10:00,258.473026516306
"52",2020-09-30 10:15:00,258.473026516306
"53",2020-09-30 10:20:00,258.473026516306
"54",2020-09-30 10:25:00,258.473026516306
"55",2020-09-30 10:30:00,258.473026516306
"56",2020-09-30 10:35:00,258.473026516306
"57",2020-09-30 10:40:00,258.473026516306
"58",2020-09-30 10:45:00,258.473026516306
"59",2020-09-30 10:50:00,258.473026516306
"60",2020-09-30 10:55:00,258.473026516306
"61",2020-09-30 11:00:00,258.473026516306
"62",2020-09-30 11:05:00,258.473026516306
"63",2020-09-30 11:10:00,258.476074367571
"64",2020-09-30 11:15:00,258.473026516306
"65",2020-09-30 11:20:00,258.473026516306
"66",2020-09-30 11:25:00,258.473026516306
"67",2020-09-30 11:30:00,258.473026516306
"68",2020-09-30 11:35:00,258.473026516306
"69",2020-09-30 11:40:00,258.473026516306
"70",2020-09-30 11:45:00,258.473026516306
"71",2020-09-30 11:50:00,258.473026516306
"72",2020-09-30 11:55:00,258.473026516306
"73",2020-09-30 12:00:00,258.473026516306
"74",2020-09-30 12:05:00,258.473026516306
"75",2020-09-30 12:10:00,258.473026516306
"76",2020-09-30 12:15:00,258.473026516306
"77",2020-09-30 12:20:00,258.473026516306
"78",2020-09-30 12:25:00,258.473026516306
"79",2020-09-30 12:30:00,258.473026516306
"80",2020-09-30 12:35:00,258.473026516306
"81",2020-09-30 12:40:00,258.473026516306
"82",2020-09-30 12:45:00,258.473026516306
"83",2020-09-30 12:50:00,258.473026516306
"84",2020-09-30 12:55:00,258.473026516306
"85",2020-09-30 13:00:00,258.473026516306
"86",2020-09-30 13:05:00,258.473026516306
"87",2020-09-30 13:10:00,258.476074367571
"88",2020-09-30 13:15:00,258.473026516306
"89",2020-09-30 13:20:00,258.473026516306
"90",2020-09-30 13:25:00,258.473026516306
"91",2020-09-30 13:30:00,258.473026516306
"92",2020-09-30 13:35:00,258.473026516306
"93",2020-09-30 13:40:00,258.473026516306
"94",2020-09-30 13:45:00,258.473026516306
"95",2020-09-30 13:50:00,258.476074367571
"96",2020-09-30 13:55:00,258.476074367571
"97",2020-09-30 14:00:00,258.476074367571
"98",2020-09-30 14:05:00,258.476074367571
"99",2020-09-30 14:10:00,258.476074367571
"100",2020-09-30 14:15:00,258.473026516306
"101",2020-09-30 14:20:00,258.473026516306
"102",2020-09-30 14:25:00,258.473026516306
"103",2020-09-30 14:30:00,258.473026516306
"104",2020-09-30 14:35:00,258.473026516306
"105",2020-09-30 14:40:00,258.473026516306
"106",2020-09-30 14:45:00,258.476074367571
"107",2020-09-30 14:50:00,258.476074367571
"108",2020-09-30 14:55:00,258.479122218836
"109",2020-09-30 15:00:00,258.476074367571
"110",2020-09-30 15:05:00,258.476074367571
"111",2020-09-30 15:10:00,258.479122218836
"112",2020-09-30 15:15:00,258.479122218836
"113",2020-09-30 15:20:00,258.479122218836
"114",2020-09-30 15:25:00,258.479122218836
"115",2020-09-30 15:30:00,258.476074367571
"116",2020-09-30 15:35:00,258.476074367571
"117",2020-09-30 15:40:00,258.476074367571
"118",2020-09-30 15:45:00,258.476074367571
"119",2020-09-30 15:50:00,258.479122218836
"120",2020-09-30 15:55:00,258.469978665041
"121",2020-09-30 16:00:00,258.479122218836
"122",2020-09-30 16:05:00,258.476074367571
"123",2020-09-30 16:10:00,258.469978665041
"124",2020-09-30 16:15:00,258.479122218836
"125",2020-09-30 16:20:00,258.473026516306
"126",2020-09-30 16:25:00,258.469978665041
"127",2020-09-30 16:30:00,258.476074367571
"128",2020-09-30 16:35:00,258.473026516306
"129",2020-09-30 16:40:00,258.469978665041
"130",2020-09-30 16:45:00,258.476074367571
"131",2020-09-30 16:50:00,258.473026516306
"132",2020-09-30 16:55:00,258.473026516306
"133",2020-09-30 17:00:00,258.473026516306
"134",2020-09-30 17:05:00,258.469978665041
"135",2020-09-30 17:10:00,258.473026516306
"136",2020-09-30 17:15:00,258.473026516306
"137",2020-09-30 17:20:00,258.473026516306
"138",2020-09-30 17:25:00,258.476074367571
"139",2020-09-30 17:30:00,258.473026516306
"140",2020-09-30 17:35:00,258.473026516306
"141",2020-09-30 17:40:00,258.473026516306
"142",2020-09-30 17:45:00,258.469978665041
"143",2020-09-30 17:50:00,258.469978665041
"144",2020-09-30 17:55:00,258.473026516306
"145",2020-09-30 18:00:00,258.473026516306
"146",2020-09-30 18:05:00,258.473026516306
"147",2020-09-30 18:10:00,258.473026516306
"148",2020-09-30 18:15:00,258.469978665041
"149",2020-09-30 18:20:00,258.473026516306
"150",2020-09-30 18:25:00,258.469978665041
"151",2020-09-30 18:30:00,258.466930813776
"152",2020-09-30 18:35:00,258.473026516306
"153",2020-09-30 18:40:00,258.469978665041
"154",2020-09-30 18:45:00,258.469978665041
"155",2020-09-30 18:50:00,258.473026516306
"156",2020-09-30 18:55:00,258.473026516306
"157",2020-09-30 19:00:00,258.469978665041
"158",2020-09-30 19:05:00,258.469978665041
"159",2020-09-30 19:10:00,258.469978665041
"160",2020-09-30 19:15:00,258.473026516306
"161",2020-09-30 19:20:00,258.473026516306
"162",2020-09-30 19:25:00,258.473026516306
"163",2020-09-30 19:30:00,258.473026516306
"164",2020-09-30 19:35:00,258.473026516306
"165",2020-09-30 19:40:00,258.473026516306
"166",2020-09-30 19:45:00,258.469978665041
"167",2020-09-30 19:50:00,258.473026516306
"168",2020-09-30 19:55:00,258.473026516306
"169",2020-09-30 20:00:00,258.469978665041
"170",2020-09-30 20:05:00,258.469978665041
"171",2020-09-30 20:10:00,258.469978665041
"172",2020-09-30 20:15:00,258.469978665041
"173",2020-09-30 20:20:00,258.473026516306
"174",2020-09-30 20:25:00,258.469978665041
"175",2020-09-30 20:30:00,258.469978665041
"176",2020-09-30 20:35:00,258.469978665041
"177",2020-09-30 20:40:00,258.469978665041
"178",2020-09-30 20:45:00,258.473026516306
"179",2020-09-30 20:50:00,258.469978665041
"180",2020-09-30 20:55:00,258.473026516306
"181",2020-09-30 21:00:00,258.476074367571
"182",2020-09-30 21:05:00,258.479122218836
"183",2020-09-30 21:10:00,258.473026516306
"184",2020-09-30 21:15:00,258.473026516306
"185",2020-09-30 21:20:00,258.476074367571
"186",2020-09-30 21:25:00,258.473026516306
"187",2020-09-30 21:30:00,258.473026516306
"188",2020-09-30 21:35:00,258.473026516306
"189",2020-09-30 21:40:00,258.469978665041
"190",2020-09-30 21:45:00,258.473026516306
"191",2020-09-30 21:50:00,258.476074367571
"192",2020-09-30 21:55:00,258.473026516306
"193",2020-09-30 22:00:00,258.473026516306
"194",2020-09-30 22:05:00,258.476074367571
"195",2020-09-30 22:10:00,258.473026516306
"196",2020-09-30 22:15:00,258.469978665041
"197",2020-09-30 22:20:00,258.473026516306
"198",2020-09-30 22:25:00,258.473026516306
"199",2020-09-30 22:30:00,258.469978665041
"200",2020-09-30 22:35:00,258.473026516306
"201",2020-09-30 22:40:00,258.469978665041
"202",2020-09-30 22:45:00,258.469978665041
"203",2020-09-30 22:50:00,258.473026516306
"204",2020-09-30 22:55:00,258.469978665041
"205",2020-09-30 23:00:00,258.473026516306
"206",2020-09-30 23:05:00,258.473026516306
"207",2020-09-30 23:10:00,258.469978665041
"208",2020-09-30 23:15:00,258.473026516306
"209",2020-09-30 23:20:00,258.469978665041
"210",2020-09-30 23:25:00,258.469978665041
"211",2020-09-30 23:30:00,258.473026516306
"212",2020-09-30 23:35:00,258.469978665041
"213",2020-09-30 23:40:00,258.473026516306
"214",2020-09-30 23:45:00,258.473026516306
"215",2020-09-30 23:50:00,258.469978665041
"216",2020-09-30 23:55:00,258.473026516306
"217",2020-10-01 00:00:00,258.473026516306
"218",2020-10-01 00:05:00,258.469978665041
"219",2020-10-01 00:10:00,258.469978665041
"220",2020-10-01 00:15:00,258.469978665041
"221",2020-10-01 00:20:00,258.469978665041
"222",2020-10-01 00:25:00,258.473026516306
"223",2020-10-01 00:30:00,258.473026516306
"224",2020-10-01 00:35:00,258.469978665041
"225",2020-10-01 00:40:00,258.469978665041
"226",2020-10-01 00:45:00,258.469978665041
"227",2020-10-01 00:50:00,258.469978665041
"228",2020-10-01 00:55:00,258.469978665041
"229",2020-10-01 01:00:00,258.469978665041
"230",2020-10-01 01:05:00,258.469978665041
"231",2020-10-01 01:10:00,258.469978665041
"232",2020-10-01 01:15:00,258.469978665041
"233",2020-10-01 01:20:00,258.469978665041
"234",2020-10-01 01:25:00,258.469978665041
"235",2020-10-01 01:30:00,258.469978665041
"236",2020-10-01 01:35:00,258.469978665041
"237",2020-10-01 01:40:00,258.469978665041
"238",2020-10-01 01:45:00,258.469978665041
"239",2020-10-01 01:50:00,258.469978665041
"240",2020-10-01 01:55:00,258.469978665041
"241",2020-10-01 02:00:00,258.469978665041
"242",2020-10-01 02:05:00,258.469978665041
"243",2020-10-01 02:10:00,258.469978665041
"244",2020-10-01 02:15:00,258.469978665041
"245",2020-10-01 02:20:00,258.469978665041
"246",2020-10-01 02:25:00,258.469978665041
"247",2020-10-01 02:30:00,258.469978665041
"248",2020-10-01 02:35:00,258.469978665041
"249",2020-10-01 02:40:00,258.469978665041
"250",2020-10-01 02:45:00,258.469978665041
"251",2020-10-01 02:50:00,258.469978665041
"252",2020-10-01 02:55:00,258.469978665041
"253",2020-10-01 03:00:00,258.469978665041
"254",2020-10-01 03:05:00,258.469978665041
"255",2020-10-01 03:10:00,258.469978665041
"256",2020-10-01 03:15:00,258.469978665041
"257",2020-10-01 03:20:00,258.469978665041
"258",2020-10-01 03:25:00,258.469978665041
"259",2020-10-01 03:30:00,258.469978665041
"260",2020-10-01 03:35:00,258.469978665041
"261",2020-10-01 03:40:00,258.469978665041
"262",2020-10-01 03:45:00,258.469978665041
"263",2020-10-01 03:50:00,258.469978665041
"264",2020-10-01 03:55:00,258.469978665041
"265",2020-10-01 04:00:00,258.469978665041
"266",2020-10-01 04:05:00,258.469978665041
"267",2020-10-01 04:10:00,258.469978665041
"268",2020-10-01 04:15:00,258.469978665041
"269",2020-10-01 04:20:00,258.469978665041
"270",2020-10-01 04:25:00,258.469978665041
"271",2020-10-01 04:30:00,258.469978665041
"272",2020-10-01 04:35:00,258.469978665041
"273",2020-10-01 04:40:00,258.469978665041
"274",2020-10-01 04:45:00,258.469978665041
"275",2020-10-01 04:50:00,258.469978665041
"276",2020-10-01 04:55:00,258.469978665041
"277",2020-10-01 05:00:00,258.469978665041
"278",2020-10-01 05:05:00,258.469978665041
"279",2020-10-01 05:10:00,258.469978665041
"280",2020-10-01 05:15:00,258.469978665041
"281",2020-10-01 05:20:00,258.469978665041
"282",2020-10-01 05:25:00,258.469978665041
"283",2020-10-01 05:30:00,258.469978665041
"284",2020-10-01 05:35:00,258.469978665041
"285",2020-10-01 05:40:00,258.469978665041
"286",2020-10-01 05:45:00,258.469978665041
"287",2020-10-01 05:50:00,258.469978665041
"288",2020-10-01 05:55:00,258.469978665041
"289",2020-10-01 06:00:00,258.469978665041
"290",2020-10-01 06:05:00,258.469978665041
"291",2020-10-01 06:10:00,258.469978665041
"292",2020-10-01 06:15:00,258.469978665041
"293",2020-10-01 06:20:00,258.466930813776
"294",2020-10-01 06:25:00,258.469978665041
"295",2020-10-01 06:30:00,258.469978665041
"296",2020-10-01 06:35:00,258.466930813776
"297",2020-10-01 06:40:00,258.469978665041
"298",2020-10-01 06:45:00,258.466930813776
"299",2020-10-01 06:50:00,258.469978665041
"300",2020-10-01 06:55:00,258.469978665041
"301",2020-10-01 07:00:00,258.469978665041
"302",2020-10-01 07:05:00,258.469978665041
"303",2020-10-01 07:10:00,258.469978665041
"304",2020-10-01 07:15:00,258.469978665041
"305",2020-10-01 07:20:00,258.469978665041
"306",2020-10-01 07:25:00,258.466930813776
"307",2020-10-01 07:30:00,258.469978665041
"308",2020-10-01 07:35:00,258.469978665041
"309",2020-10-01 07:40:00,258.469978665041
"310",2020-10-01 07:45:00,258.466930813776
"311",2020-10-01 07:50:00,258.466930813776
"312",2020-10-01 07:55:00,258.469978665041
"313",2020-10-01 08:00:00,258.469978665041
"314",2020-10-01 08:05:00,258.466930813776
"315",2020-10-01 08:10:00,258.469978665041
"316",2020-10-01 08:15:00,258.469978665041
"317",2020-10-01 08:20:00,258.469978665041
"318",2020-10-01 08:25:00,258.469978665041
"319",2020-10-01 08:30:00,258.469978665041
"320",2020-10-01 08:35:00,258.469978665041
"321",2020-10-01 08:40:00,258.469978665041
"322",2020-10-01 08:45:00,258.466930813776
"323",2020-10-01 08:50:00,258.469978665041
"324",2020-10-01 08:55:00,258.469978665041
"325",2020-10-01 09:00:00,258.469978665041
"326",2020-10-01 09:05:00,258.469978665041
"327",2020-10-01 09:10:00,258.469978665041
"328",2020-10-01 09:15:00,258.469978665041
"329",2020-10-01 09:20:00,258.469978665041
"330",2020-10-01 09:25:00,258.469978665041
"331",2020-10-01 09:30:00,258.469978665041
"332",2020-10-01 09:35:00,258.469978665041
"333",2020-10-01 09:40:00,258.469978665041
"334",2020-10-01 09:45:00,258.466930813776
"335",2020-10-01 09:50:00,258.469978665041
"336",2020-10-01 09:55:00,258.469978665041
"337",2020-10-01 10:00:00,258.469978665041
"338",2020-10-01 10:05:00,258.469978665041
"339",2020-10-01 10:10:00,258.469978665041
"340",2020-10-01 10:15:00,258.469978665041
"341",2020-10-01 10:20:00,258.469978665041
"342",2020-10-01 10:25:00,258.469978665041
"343",2020-10-01 10:30:00,258.469978665041
"344",2020-10-01 10:35:00,258.469978665041
"345",2020-10-01 10:40:00,258.469978665041
"346",2020-10-01 10:45:00,258.466930813776
"347",2020-10-01 10:50:00,258.469978665041
"348",2020-10-01 10:55:00,258.466930813776
"349",2020-10-01 11:00:00,258.469978665041
"350",2020-10-01 11:05:00,258.469978665041
"351",2020-10-01 11:10:00,258.469978665041
"352",2020-10-01 11:15:00,258.469978665041
"353",2020-10-01 11:20:00,258.466930813776
"354",2020-10-01 11:25:00,258.466930813776
"355",2020-10-01 11:30:00,258.466930813776
"356",2020-10-01 11:35:00,258.469978665041
"357",2020-10-01 11:40:00,258.469978665041
"358",2020-10-01 11:45:00,258.469978665041
"359",2020-10-01 11:50:00,258.466930813776
"360",2020-10-01 11:55:00,258.466930813776
"361",2020-10-01 12:00:00,258.466930813776
"362",2020-10-01 12:05:00,258.466930813776
"363",2020-10-01 12:10:00,258.466930813776
"364",2020-10-01 12:15:00,258.466930813776
"365",2020-10-01 12:20:00,258.466930813776
"366",2020-10-01 12:25:00,258.466930813776
"367",2020-10-01 12:30:00,258.466930813776
"368",2020-10-01 12:35:00,258.466930813776
"369",2020-10-01 12:40:00,258.466930813776
"370",2020-10-01 12:45:00,258.466930813776
"371",2020-10-01 12:50:00,258.466930813776
"372",2020-10-01 12:55:00,258.466930813776
"373",2020-10-01 13:00:00,258.466930813776
"374",2020-10-01 13:05:00,258.466930813776
"375",2020-10-01 13:10:00,258.466930813776
"376",2020-10-01 13:15:00,258.466930813776
"377",2020-10-01 13:20:00,258.466930813776
"378",2020-10-01 13:25:00,258.466930813776
"379",2020-10-01 13:30:00,258.466930813776
"380",2020-10-01 13:35:00,258.466930813776
"381",2020-10-01 13:40:00,258.466930813776
"382",2020-10-01 13:45:00,258.466930813776
"383",2020-10-01 13:50:00,258.466930813776
"384",2020-10-01 13:55:00,258.466930813776
"385",2020-10-01 14:00:00,258.469978665041
"386",2020-10-01 14:05:00,258.466930813776
"387",2020-10-01 14:10:00,258.469978665041
"388",2020-10-01 14:15:00,258.466930813776
"389",2020-10-01 14:20:00,258.466930813776
"390",2020-10-01 14:25:00,258.466930813776
"391",2020-10-01 14:30:00,258.469978665041
"392",2020-10-01 14:35:00,258.466930813776
"393",2020-10-01 14:40:00,258.466930813776
"394",2020-10-01 14:45:00,258.466930813776
"395",2020-10-01 14:50:00,258.466930813776
"396",2020-10-01 14:55:00,258.469978665041
"397",2020-10-01 15:00:00,258.466930813776
"398",2020-10-01 15:05:00,258.469978665041
"399",2020-10-01 15:10:00,258.466930813776
"400",2020-10-01 15:15:00,258.469978665041
"401",2020-10-01 15:20:00,258.466930813776
"402",2020-10-01 15:25:00,258.466930813776
"403",2020-10-01 15:30:00,258.466930813776
"404",2020-10-01 15:35:00,258.466930813776
"405",2020-10-01 15:40:00,258.466930813776
"406",2020-10-01 15:45:00,258.466930813776
"407",2020-10-01 15:50:00,258.466930813776
"408",2020-10-01 15:55:00,258.466930813776
"409",2020-10-01 16:00:00,258.466930813776
"410",2020-10-01 16:05:00,258.466930813776
"411",2020-10-01 16:10:00,258.469978665041
"412",2020-10-01 16:15:00,258.469978665041
"413",2020-10-01 16:20:00,258.466930813776
"414",2020-10-01 16:25:00,258.466930813776
"415",2020-10-01 16:30:00,258.469978665041
"416",2020-10-01 16:35:00,258.466930813776
"417",2020-10-01 16:40:00,258.466930813776
"418",2020-10-01 16:45:00,258.466930813776
"419",2020-10-01 16:50:00,258.466930813776
"420",2020-10-01 16:55:00,258.469978665041
"421",2020-10-01 17:00:00,258.466930813776
"422",2020-10-01 17:05:00,258.466930813776
"423",2020-10-01 17:10:00,258.466930813776
"424",2020-10-01 17:15:00,258.466930813776
"425",2020-10-01 17:20:00,258.466930813776
"426",2020-10-01 17:25:00,258.466930813776
"427",2020-10-01 17:30:00,258.466930813776
"428",2020-10-01 17:35:00,258.466930813776
"429",2020-10-01 17:40:00,258.466930813776
"430",2020-10-01 17:45:00,258.466930813776
"431",2020-10-01 17:50:00,258.466930813776
"432",2020-10-01 17:55:00,258.466930813776
"433",2020-10-01 18:00:00,258.469978665041
"434",2020-10-01 18:05:00,258.466930813776
"435",2020-10-01 18:10:00,258.466930813776
"436",2020-10-01 18:15:00,258.466930813776
"437",2020-10-01 18:20:00,258.466930813776
"438",2020-10-01 18:25:00,258.466930813776
"439",2020-10-01 18:30:00,258.466930813776
"440",2020-10-01 18:35:00,258.469978665041
"441",2020-10-01 18:40:00,258.466930813776
"442",2020-10-01 18:45:00,258.466930813776
"443",2020-10-01 18:50:00,258.466930813776
"444",2020-10-01 18:55:00,258.466930813776
"445",2020-10-01 19:00:00,258.466930813776
"446",2020-10-01 19:05:00,258.466930813776
"447",2020-10-01 19:10:00,258.466930813776
"448",2020-10-01 19:15:00,258.469978665041
"449",2020-10-01 19:20:00,258.469978665041
"450",2020-10-01 19:25:00,258.466930813776
"451",2020-10-01 19:30:00,258.466930813776
"452",2020-10-01 19:35:00,258.466930813776
"453",2020-10-01 19:40:00,258.466930813776
"454",2020-10-01 19:45:00,258.466930813776
"455",2020-10-01 19:50:00,258.469978665041
"456",2020-10-01 19:55:00,258.466930813776
"457",2020-10-01 20:00:00,258.469978665041
"458",2020-10-01 20:05:00,258.469978665041
"459",2020-10-01 20:10:00,258.466930813776
"460",2020-10-01 20:15:00,258.469978665041
"461",2020-10-01 20:20:00,258.469978665041
"462",2020-10-01 20:25:00,258.466930813776
"463",2020-10-01 20:30:00,258.466930813776
"464",2020-10-01 20:35:00,258.466930813776
"465",2020-10-01 20:40:00,258.469978665041
"466",2020-10-01 20:45:00,258.469978665041
"467",2020-10-01 20:50:00,258.466930813776
"468",2020-10-01 20:55:00,258.469978665041
"469",2020-10-01 21:00:00,258.469978665041
"470",2020-10-01 21:05:00,258.469978665041
"471",2020-10-01 21:10:00,258.466930813776
"472",2020-10-01 21:15:00,258.469978665041
"473",2020-10-01 21:20:00,258.469978665041
"474",2020-10-01 21:25:00,258.466930813776
"475",2020-10-01 21:30:00,258.469978665041
"476",2020-10-01 21:35:00,258.469978665041
"477",2020-10-01 21:40:00,258.466930813776
"478",2020-10-01 21:45:00,258.469978665041
"479",2020-10-01 21:50:00,258.469978665041
"480",2020-10-01 21:55:00,258.469978665041
"481",2020-10-01 22:00:00,258.469978665041
"482",2020-10-01 22:05:00,258.466930813776
"483",2020-10-01 22:10:00,258.469978665041
"484",2020-10-01 22:15:00,258.469978665041
"485",2020-10-01 22:20:00,258.469978665041
"486",2020-10-01 22:25:00,258.469978665041
"487",2020-10-01 22:30:00,258.469978665041
"488",2020-10-01 22:35:00,258.466930813776
"489",2020-10-01 22:40:00,258.466930813776
"490",2020-10-01 22:45:00,258.463882962511
"491",2020-10-01 22:50:00,258.466930813776
"492",2020-10-01 22:55:00,258.466930813776
"493",2020-10-01 23:00:00,258.466930813776
"494",2020-10-01 23:05:00,258.466930813776
"495",2020-10-01 23:10:00,258.466930813776
"496",2020-10-01 23:15:00,258.466930813776
"497",2020-10-01 23:20:00,258.466930813776
"498",2020-10-01 23:25:00,258.466930813776
"499",2020-10-01 23:30:00,258.466930813776
"500",2020-10-01 23:35:00,258.466930813776
"501",2020-10-01 23:40:00,258.466930813776
"502",2020-10-01 23:45:00,258.466930813776
"503",2020-10-01 23:50:00,258.466930813776
"504",2020-10-01 23:55:00,258.466930813776
"505",2020-10-02 00:00:00,258.466930813776
"506",2020-10-02 00:05:00,258.466930813776
"507",2020-10-02 00:10:00,258.466930813776
"508",2020-10-02 00:15:00,258.466930813776
"509",2020-10-02 00:20:00,258.466930813776
"510",2020-10-02 00:25:00,258.466930813776
"511",2020-10-02 00:30:00,258.466930813776
"512",2020-10-02 00:35:00,258.466930813776
"513",2020-10-02 00:40:00,258.466930813776
"514",2020-10-02 00:45:00,258.466930813776
"515",2020-10-02 00:50:00,258.466930813776
"516",2020-10-02 00:55:00,258.466930813776
"517",2020-10-02 01:00:00,258.466930813776
"518",2020-10-02 01:05:00,258.466930813776
"519",2020-10-02 01:10:00,258.466930813776
"520",2020-10-02 01:15:00,258.466930813776
"521",2020-10-02 01:20:00,258.466930813776
"522",2020-10-02 01:25:00,258.466930813776
"523",2020-10-02 01:30:00,258.466930813776
"524",2020-10-02 01:35:00,258.466930813776
"525",2020-10-02 01:40:00,258.466930813776
"526",2020-10-02 01:45:00,258.466930813776
"527",2020-10-02 01:50:00,258.466930813776
"528",2020-10-02 01:55:00,258.466930813776
"529",2020-10-02 02:00:00,258.466930813776
"530",2020-10-02 02:05:00,258.466930813776
"531",2020-10-02 02:10:00,258.466930813776
"532",2020-10-02 02:15:00,258.466930813776
"533",2020-10-02 02:20:00,258.466930813776
"534",2020-10-02 02:25:00,258.466930813776
"535",2020-10-02 02:30:00,258.466930813776
"536",2020-10-02 02:35:00,258.466930813776
"537",2020-10-02 02:40:00,258.466930813776
"538",2020-10-02 02:45:00,258.466930813776
"539",2020-10-02 02:50:00,258.466930813776
"540",2020-10-02 02:55:00,258.466930813776
"541",2020-10-02 03:00:00,258.466930813776
"542",2020-10-02 03:05:00,258.466930813776
"543",2020-10-02 03:10:00,258.466930813776
"544",2020-10-02 03:15:00,258.466930813776
"545",2020-10-02 03:20:00,258.466930813776
"546",2020-10-02 03:25:00,258.466930813776
"547",2020-10-02 03:30:00,258.466930813776
"548",2020-10-02 03:35:00,258.466930813776
"549",2020-10-02 03:40:00,258.466930813776
"550",2020-10-02 03:45:00,258.466930813776
"551",2020-10-02 03:50:00,258.466930813776
"552",2020-10-02 03:55:00,258.466930813776
"553",2020-10-02 04:00:00,258.466930813776
"554",2020-10-02 04:05:00,258.466930813776
"555",2020-10-02 04:10:00,258.466930813776
"556",2020-10-02 04:15:00,258.466930813776
"557",2020-10-02 04:20:00,258.466930813776
"558",2020-10-02 04:25:00,258.466930813776
"559",2020-10-02 04:30:00,258.466930813776
"560",2020-10-02 04:35:00,258.466930813776
"561",2020-10-02 04:40:00,258.466930813776
"562",2020-10-02 04:45:00,258.466930813776
"563",2020-10-02 04:50:00,258.466930813776
"564",2020-10-02 04:55:00,258.466930813776
"565",2020-10-02 05:00:00,258.466930813776
"566",2020-10-02 05:05:00,258.466930813776
"567",2020-10-02 05:10:00,258.466930813776
"568",2020-10-02 05:15:00,258.466930813776
"569",2020-10-02 05:20:00,258.466930813776
"570",2020-10-02 05:25:00,258.466930813776
"571",2020-10-02 05:30:00,258.466930813776
"572",2020-10-02 05:35:00,258.466930813776
"573",2020-10-02 05:40:00,258.466930813776
"574",2020-10-02 05:45:00,258.466930813776
"575",2020-10-02 05:50:00,258.466930813776
"576",2020-10-02 05:55:00,258.466930813776
"577",2020-10-02 06:00:00,258.466930813776
"578",2020-10-02 06:05:00,258.466930813776
"579",2020-10-02 06:10:00,258.466930813776
"580",2020-10-02 06:15:00,258.466930813776
"581",2020-10-02 06:20:00,258.466930813776
"582",2020-10-02 06:25:00,258.466930813776
"583",2020-10-02 06:30:00,258.466930813776
"584",2020-10-02 06:35:00,258.466930813776
"585",2020-10-02 06:40:00,258.463882962511
"586",2020-10-02 06:45:00,258.466930813776
"587",2020-10-02 06:50:00,258.466930813776
"588",2020-10-02 06:55:00,258.463882962511
"589",2020-10-02 07:00:00,258.463882962511
"590",2020-10-02 07:05:00,258.463882962511
"591",2020-10-02 07:10:00,258.466930813776
"592",2020-10-02 07:15:00,258.466930813776
"593",2020-10-02 07:20:00,258.463882962511
"594",2020-10-02 07:25:00,258.466930813776
"595",2020-10-02 07:30:00,258.463882962511
"596",2020-10-02 07:35:00,258.463882962511
"597",2020-10-02 07:40:00,258.463882962511
"598",2020-10-02 07:45:00,258.463882962511
"599",2020-10-02 07:50:00,258.463882962511
"600",2020-10-02 07:55:00,258.463882962511
"601",2020-10-02 08:00:00,258.463882962511
"602",2020-10-02 08:05:00,258.463882962511
"603",2020-10-02 08:10:00,258.463882962511
"604",2020-10-02 08:15:00,258.463882962511
"605",2020-10-02 08:20:00,258.463882962511
"606",2020-10-02 08:25:00,258.466930813776
"607",2020-10-02 08:30:00,258.463882962511
"608",2020-10-02 08:35:00,258.463882962511
"609",2020-10-02 08:40:00,258.466930813776
"610",2020-10-02 08:45:00,258.463882962511
"611",2020-10-02 08:50:00,258.463882962511
"612",2020-10-02 08:55:00,258.463882962511
"613",2020-10-02 09:00:00,258.463882962511
"614",2020-10-02 09:05:00,258.463882962511
"615",2020-10-02 09:10:00,258.463882962511
"616",2020-10-02 09:15:00,258.463882962511
"617",2020-10-02 09:20:00,258.463882962511
"618",2020-10-02 09:25:00,258.463882962511
"619",2020-10-02 09:30:00,258.463882962511
"620",2020-10-02 09:35:00,258.463882962511
"621",2020-10-02 09:40:00,258.463882962511
"622",2020-10-02 09:45:00,258.463882962511
"623",2020-10-02 09:50:00,258.463882962511
"624",2020-10-02 09:55:00,258.463882962511
"625",2020-10-02 10:00:00,258.463882962511
"626",2020-10-02 10:05:00,258.463882962511
"627",2020-10-02 10:10:00,258.463882962511
"628",2020-10-02 10:15:00,258.463882962511
"629",2020-10-02 10:20:00,258.463882962511
"630",2020-10-02 10:25:00,258.463882962511
"631",2020-10-02 10:30:00,258.463882962511
"632",2020-10-02 10:35:00,258.463882962511
"633",2020-10-02 10:40:00,258.463882962511
"634",2020-10-02 10:45:00,258.463882962511
"635",2020-10-02 10:50:00,258.463882962511
"636",2020-10-02 10:55:00,258.463882962511
"637",2020-10-02 11:00:00,258.463882962511
"638",2020-10-02 11:05:00,258.463882962511
"639",2020-10-02 11:10:00,258.463882962511
"640",2020-10-02 11:15:00,258.463882962511
"641",2020-10-02 11:20:00,258.463882962511
"642",2020-10-02 11:25:00,258.463882962511
"643",2020-10-02 11:30:00,258.463882962511
"644",2020-10-02 11:35:00,258.463882962511
"645",2020-10-02 11:40:00,258.463882962511
"646",2020-10-02 11:45:00,258.463882962511
"647",2020-10-02 11:50:00,258.463882962511
"648",2020-10-02 11:55:00,258.463882962511
"649",2020-10-02 12:00:00,258.463882962511
"650",2020-10-02 12:05:00,258.463882962511
"651",2020-10-02 12:10:00,258.463882962511
"652",2020-10-02 12:15:00,258.463882962511
"653",2020-10-02 12:20:00,258.463882962511
"654",2020-10-02 12:25:00,258.463882962511
"655",2020-10-02 12:30:00,258.463882962511
"656",2020-10-02 12:35:00,258.463882962511
"657",2020-10-02 12:40:00,258.463882962511
"658",2020-10-02 12:45:00,258.463882962511
"659",2020-10-02 12:50:00,258.463882962511
"660",2020-10-02 12:55:00,258.463882962511
"661",2020-10-02 13:00:00,258.463882962511
"662",2020-10-02 13:05:00,258.463882962511
"663",2020-10-02 13:10:00,258.463882962511
"664",2020-10-02 13:15:00,258.463882962511
"665",2020-10-02 13:20:00,258.463882962511
"666",2020-10-02 13:25:00,258.463882962511
"667",2020-10-02 13:30:00,258.463882962511
"668",2020-10-02 13:35:00,258.463882962511
"669",2020-10-02 13:40:00,258.463882962511
"670",2020-10-02 13:45:00,258.463882962511
"671",2020-10-02 13:50:00,258.463882962511
"672",2020-10-02 13:55:00,258.463882962511
"673",2020-10-02 14:00:00,258.463882962511
"674",2020-10-02 14:05:00,258.463882962511
"675",2020-10-02 14:10:00,258.463882962511
"676",2020-10-02 14:15:00,258.463882962511
"677",2020-10-02 14:20:00,258.463882962511
"678",2020-10-02 14:25:00,258.463882962511
"679",2020-10-02 14:30:00,258.463882962511
"680",2020-10-02 14:35:00,258.463882962511
"681",2020-10-02 14:40:00,258.463882962511
"682",2020-10-02 14:45:00,258.463882962511
"683",2020-10-02 14:50:00,258.463882962511
"684",2020-10-02 14:55:00,258.463882962511
"685",2020-10-02 15:00:00,258.463882962511
"686",2020-10-02 15:05:00,258.463882962511
"687",2020-10-02 15:10:00,258.463882962511
"688",2020-10-02 15:15:00,258.463882962511
"689",2020-10-02 15:20:00,258.463882962511
"690",2020-10-02 15:25:00,258.463882962511
"691",2020-10-02 15:30:00,258.463882962511
"692",2020-10-02 15:35:00,258.463882962511
"693",2020-10-02 15:40:00,258.463882962511
"694",2020-10-02 15:45:00,258.463882962511
"695",2020-10-02 15:50:00,258.463882962511
"696",2020-10-02 15:55:00,258.463882962511
"697",2020-10-02 16:00:00,258.463882962511
"698",2020-10-02 16:05:00,258.463882962511
"699",2020-10-02 16:10:00,258.463882962511
"700",2020-10-02 16:15:00,258.463882962511
"701",2020-10-02 16:20:00,258.463882962511
"702",2020-10-02 16:25:00,258.463882962511
"703",2020-10-02 16:30:00,258.463882962511
"704",2020-10-02 16:35:00,258.463882962511
"705",2020-10-02 16:40:00,258.463882962511
"706",2020-10-02 16:45:00,258.463882962511
"707",2020-10-02 16:50:00,258.463882962511
"708",2020-10-02 16:55:00,258.463882962511
"709",2020-10-02 17:00:00,258.463882962511
"710",2020-10-02 17:05:00,258.463882962511
"711",2020-10-02 17:10:00,258.463882962511
"712",2020-10-02 17:15:00,258.463882962511
"713",2020-10-02 17:20:00,258.463882962511
"714",2020-10-02 17:25:00,258.463882962511
"715",2020-10-02 17:30:00,258.463882962511
"716",2020-10-02 17:35:00,258.463882962511
"717",2020-10-02 17:40:00,258.463882962511
"718",2020-10-02 17:45:00,258.463882962511
"719",2020-10-02 17:50:00,258.463882962511
"720",2020-10-02 17:55:00,258.463882962511
"721",2020-10-02 18:00:00,258.463882962511
"722",2020-10-02 18:05:00,258.463882962511
"723",2020-10-02 18:10:00,258.463882962511
"724",2020-10-02 18:15:00,258.463882962511
"725",2020-10-02 18:20:00,258.463882962511
"726",2020-10-02 18:25:00,258.463882962511
"727",2020-10-02 18:30:00,258.463882962511
"728",2020-10-02 18:35:00,258.463882962511
"729",2020-10-02 18:40:00,258.463882962511
"730",2020-10-02 18:45:00,258.463882962511
"731",2020-10-02 18:50:00,258.463882962511
"732",2020-10-02 18:55:00,258.463882962511
"733",2020-10-02 19:00:00,258.463882962511
"734",2020-10-02 19:05:00,258.463882962511
"735",2020-10-02 19:10:00,258.463882962511
"736",2020-10-02 19:15:00,258.463882962511
"737",2020-10-02 19:20:00,258.463882962511
"738",2020-10-02 19:25:00,258.463882962511
"739",2020-10-02 19:30:00,258.466930813776
"740",2020-10-02 19:35:00,258.463882962511
"741",2020-10-02 19:40:00,258.463882962511
"742",2020-10-02 19:45:00,258.463882962511
"743",2020-10-02 19:50:00,258.463882962511
"744",2020-10-02 19:55:00,258.463882962511
"745",2020-10-02 20:00:00,258.466930813776
"746",2020-10-02 20:05:00,258.463882962511
"747",2020-10-02 20:10:00,258.463882962511
"748",2020-10-02 20:15:00,258.466930813776
"749",2020-10-02 20:20:00,258.463882962511
"750",2020-10-02 20:25:00,258.466930813776
"751",2020-10-02 20:30:00,258.466930813776
"752",2020-10-02 20:35:00,258.463882962511
"753",2020-10-02 20:40:00,258.466930813776
"754",2020-10-02 20:45:00,258.466930813776
"755",2020-10-02 20:50:00,258.466930813776
"756",2020-10-02 20:55:00,258.466930813776
"757",2020-10-02 21:00:00,258.466930813776
"758",2020-10-02 21:05:00,258.466930813776
"759",2020-10-02 21:10:00,258.466930813776
"760",2020-10-02 21:15:00,258.463882962511
"761",2020-10-02 21:20:00,258.466930813776
"762",2020-10-02 21:25:00,258.466930813776
"763",2020-10-02 21:30:00,258.466930813776
"764",2020-10-02 21:35:00,258.463882962511
"765",2020-10-02 21:40:00,258.466930813776
"766",2020-10-02 21:45:00,258.466930813776
"767",2020-10-02 21:50:00,258.466930813776
"768",2020-10-02 21:55:00,258.463882962511
"769",2020-10-02 22:00:00,258.466930813776
"770",2020-10-02 22:05:00,258.463882962511
"771",2020-10-02 22:10:00,258.466930813776
"772",2020-10-02 22:15:00,258.466930813776
"773",2020-10-02 22:20:00,258.463882962511
"774",2020-10-02 22:25:00,258.463882962511
"775",2020-10-02 22:30:00,258.463882962511
"776",2020-10-02 22:35:00,258.463882962511
"777",2020-10-02 22:40:00,258.463882962511
"778",2020-10-02 22:45:00,258.466930813776
"779",2020-10-02 22:50:00,258.466930813776
"780",2020-10-02 22:55:00,258.463882962511
"781",2020-10-02 23:00:00,258.466930813776
"782",2020-10-02 23:05:00,258.463882962511
"783",2020-10-02 23:10:00,258.463882962511
"784",2020-10-02 23:15:00,258.463882962511
"785",2020-10-02 23:20:00,258.463882962511
"786",2020-10-02 23:25:00,258.463882962511
"787",2020-10-02 23:30:00,258.463882962511
"788",2020-10-02 23:35:00,258.463882962511
"789",2020-10-02 23:40:00,258.463882962511
"790",2020-10-02 23:45:00,258.466930813776
"791",2020-10-02 23:50:00,258.466930813776
"792",2020-10-02 23:55:00,258.463882962511
"793",2020-10-03 00:00:00,258.466930813776
"794",2020-10-03 00:05:00,258.463882962511
"795",2020-10-03 00:10:00,258.466930813776
"796",2020-10-03 00:15:00,258.466930813776
"797",2020-10-03 00:20:00,258.466930813776
"798",2020-10-03 00:25:00,258.466930813776
"799",2020-10-03 00:30:00,258.463882962511
"800",2020-10-03 00:35:00,258.463882962511
"801",2020-10-03 00:40:00,258.466930813776
"802",2020-10-03 00:45:00,258.466930813776
"803",2020-10-03 00:50:00,258.463882962511
"804",2020-10-03 00:55:00,258.463882962511
"805",2020-10-03 01:00:00,258.466930813776
"806",2020-10-03 01:05:00,258.466930813776
"807",2020-10-03 01:10:00,258.463882962511
"808",2020-10-03 01:15:00,258.463882962511
"809",2020-10-03 01:20:00,258.463882962511
"810",2020-10-03 01:25:00,258.466930813776
"811",2020-10-03 01:30:00,258.463882962511
"812",2020-10-03 01:35:00,258.466930813776
"813",2020-10-03 01:40:00,258.466930813776
"814",2020-10-03 01:45:00,258.466930813776
"815",2020-10-03 01:50:00,258.466930813776
"816",2020-10-03 01:55:00,258.466930813776
"817",2020-10-03 02:00:00,258.463882962511
"818",2020-10-03 02:05:00,258.463882962511
"819",2020-10-03 02:10:00,258.463882962511
"820",2020-10-03 02:15:00,258.463882962511
"821",2020-10-03 02:20:00,258.466930813776
"822",2020-10-03 02:25:00,258.463882962511
"823",2020-10-03 02:30:00,258.463882962511
"824",2020-10-03 02:35:00,258.463882962511
"825",2020-10-03 02:40:00,258.463882962511
"826",2020-10-03 02:45:00,258.463882962511
"827",2020-10-03 02:50:00,258.463882962511
"828",2020-10-03 02:55:00,258.463882962511
"829",2020-10-03 03:00:00,258.463882962511
"830",2020-10-03 03:05:00,258.463882962511
"831",2020-10-03 03:10:00,258.463882962511
"832",2020-10-03 03:15:00,258.463882962511
"833",2020-10-03 03:20:00,258.463882962511
"834",2020-10-03 03:25:00,258.463882962511
"835",2020-10-03 03:30:00,258.463882962511
"836",2020-10-03 03:35:00,258.463882962511
"837",2020-10-03 03:40:00,258.463882962511
"838",2020-10-03 03:45:00,258.463882962511
"839",2020-10-03 03:50:00,258.463882962511
"840",2020-10-03 03:55:00,258.463882962511
"841",2020-10-03 04:00:00,258.463882962511
"842",2020-10-03 04:05:00,258.463882962511
"843",2020-10-03 04:10:00,258.463882962511
"844",2020-10-03 04:15:00,258.463882962511
"845",2020-10-03 04:20:00,258.463882962511
"846",2020-10-03 04:25:00,258.463882962511
"847",2020-10-03 04:30:00,258.463882962511
"848",2020-10-03 04:35:00,258.463882962511
"849",2020-10-03 04:40:00,258.463882962511
"850",2020-10-03 04:45:00,258.463882962511
"851",2020-10-03 04:50:00,258.463882962511
"852",2020-10-03 04:55:00,258.463882962511
"853",2020-10-03 05:00:00,258.463882962511
"854",2020-10-03 05:05:00,258.463882962511
"855",2020-10-03 05:10:00,258.463882962511
"856",2020-10-03 05:15:00,258.463882962511
"857",2020-10-03 05:20:00,258.463882962511
"858",2020-10-03 05:25:00,258.463882962511
"859",2020-10-03 05:30:00,258.463882962511
"860",2020-10-03 05:35:00,258.463882962511
"861",2020-10-03 05:40:00,258.463882962511
"862",2020-10-03 05:45:00,258.463882962511
"863",2020-10-03 05:50:00,258.463882962511
"864",2020-10-03 05:55:00,258.463882962511
"865",2020-10-03 06:00:00,258.463882962511
"866",2020-10-03 06:05:00,258.463882962511
"867",2020-10-03 06:10:00,258.463882962511
"868",2020-10-03 06:15:00,258.463882962511
"869",2020-10-03 06:20:00,258.463882962511
"870",2020-10-03 06:25:00,258.463882962511
"871",2020-10-03 06:30:00,258.463882962511
"872",2020-10-03 06:35:00,258.463882962511
"873",2020-10-03 06:40:00,258.463882962511
"874",2020-10-03 06:45:00,258.463882962511
"875",2020-10-03 06:50:00,258.463882962511
"876",2020-10-03 06:55:00,258.463882962511
"877",2020-10-03 07:00:00,258.463882962511
"878",2020-10-03 07:05:00,258.463882962511
"879",2020-10-03 07:10:00,258.463882962511
"880",2020-10-03 07:15:00,258.463882962511
"881",2020-10-03 07:20:00,258.463882962511
"882",2020-10-03 07:25:00,258.463882962511
"883",2020-10-03 07:30:00,258.463882962511
"884",2020-10-03 07:35:00,258.463882962511
"885",2020-10-03 07:40:00,258.463882962511
"886",2020-10-03 07:45:00,258.463882962511
"887",2020-10-03 07:50:00,258.463882962511
"888",2020-10-03 07:55:00,258.463882962511
"889",2020-10-03 08:00:00,258.463882962511
"890",2020-10-03 08:05:00,258.463882962511
"891",2020-10-03 08:10:00,258.463882962511
"892",2020-10-03 08:15:00,258.463882962511
"893",2020-10-03 08:20:00,258.463882962511
"894",2020-10-03 08:25:00,258.463882962511
"895",2020-10-03 08:30:00,258.463882962511
"896",2020-10-03 08:35:00,258.463882962511
"897",2020-10-03 08:40:00,258.463882962511
"898",2020-10-03 08:45:00,258.463882962511
"899",2020-10-03 08:50:00,258.463882962511
"900",2020-10-03 08:55:00,258.463882962511
"901",2020-10-03 09:00:00,258.463882962511
"902",2020-10-03 09:05:00,258.463882962511
"903",2020-10-03 09:10:00,258.463882962511
"904",2020-10-03 09:15:00,258.463882962511
"905",2020-10-03 09:20:00,258.463882962511
"906",2020-10-03 09:25:00,258.463882962511
"907",2020-10-03 09:30:00,258.463882962511
"908",2020-10-03 09:35:00,258.463882962511
"909",2020-10-03 09:40:00,258.463882962511
"910",2020-10-03 09:45:00,258.463882962511
"911",2020-10-03 09:50:00,258.463882962511
"912",2020-10-03 09:55:00,258.463882962511
"913",2020-10-03 10:00:00,258.463882962511
"914",2020-10-03 10:05:00,258.463882962511
"915",2020-10-03 10:10:00,258.463882962511
"916",2020-10-03 10:15:00,258.463882962511
"917",2020-10-03 10:20:00,258.463882962511
"918",2020-10-03 10:25:00,258.463882962511
"919",2020-10-03 10:30:00,258.463882962511
"920",2020-10-03 10:35:00,258.463882962511
"921",2020-10-03 10:40:00,258.463882962511
"922",2020-10-03 10:45:00,258.463882962511
"923",2020-10-03 10:50:00,258.463882962511
"924",2020-10-03 10:55:00,258.463882962511
"925",2020-10-03 11:00:00,258.463882962511
"926",2020-10-03 11:05:00,258.463882962511
"927",2020-10-03 11:10:00,258.463882962511
"928",2020-10-03 11:15:00,258.463882962511
"929",2020-10-03 11:20:00,258.463882962511
"930",2020-10-03 11:25:00,258.463882962511
"931",2020-10-03 11:30:00,258.463882962511
"932",2020-10-03 11:35:00,258.463882962511
"933",2020-10-03 11:40:00,258.463882962511
"934",2020-10-03 11:45:00,258.463882962511
"935",2020-10-03 11:50:00,258.463882962511
"936",2020-10-03 11:55:00,258.463882962511
"937",2020-10-03 12:00:00,258.463882962511
"938",2020-10-03 12:05:00,258.463882962511
"939",2020-10-03 12:10:00,258.463882962511
"940",2020-10-03 12:15:00,258.463882962511
"941",2020-10-03 12:20:00,258.463882962511
"942",2020-10-03 12:25:00,258.463882962511
"943",2020-10-03 12:30:00,258.463882962511
"944",2020-10-03 12:35:00,258.463882962511
"945",2020-10-03 12:40:00,258.463882962511
"946",2020-10-03 12:45:00,258.463882962511
"947",2020-10-03 12:50:00,258.463882962511
"948",2020-10-03 12:55:00,258.463882962511
"949",2020-10-03 13:00:00,258.463882962511
"950",2020-10-03 13:05:00,258.463882962511
"951",2020-10-03 13:10:00,258.463882962511
"952",2020-10-03 13:15:00,258.463882962511
"953",2020-10-03 13:20:00,258.463882962511
"954",2020-10-03 13:25:00,258.463882962511
"955",2020-10-03 13:30:00,258.463882962511
"956",2020-10-03 13:35:00,258.463882962511
"957",2020-10-03 13:40:00,258.463882962511
"958",2020-10-03 13:45:00,258.463882962511
"959",2020-10-03 13:50:00,258.463882962511
"960",2020-10-03 13:55:00,258.463882962511
"961",2020-10-03 14:00:00,258.463882962511
"962",2020-10-03 14:05:00,258.463882962511
"963",2020-10-03 14:10:00,258.463882962511
"964",2020-10-03 14:15:00,258.463882962511
"965",2020-10-03 14:20:00,258.463882962511
"966",2020-10-03 14:25:00,258.463882962511
"967",2020-10-03 14:30:00,258.463882962511
"968",2020-10-03 14:35:00,258.463882962511
"969",2020-10-03 14:40:00,258.463882962511
"970",2020-10-03 14:45:00,258.463882962511
"971",2020-10-03 14:50:00,258.463882962511
"972",2020-10-03 14:55:00,258.463882962511
"973",2020-10-03 15:00:00,258.463882962511
"974",2020-10-03 15:05:00,258.463882962511
"975",2020-10-03 15:10:00,258.463882962511
"976",2020-10-03 15:15:00,258.463882962511
"977",2020-10-03 15:20:00,258.463882962511
"978",2020-10-03 15:25:00,258.463882962511
"979",2020-10-03 15:30:00,258.463882962511
"980",2020-10-03 15:35:00,258.463882962511
"981",2020-10-03 15:40:00,258.463882962511
"982",2020-10-03 15:45:00,258.463882962511
"983",2020-10-03 15:50:00,258.463882962511
"984",2020-10-03 15:55:00,258.463882962511
"985",2020-10-03 16:00:00,258.463882962511
"986",2020-10-03 16:05:00,258.463882962511
"987",2020-10-03 16:10:00,258.463882962511
"988",2020-10-03 16:15:00,258.463882962511
"989",2020-10-03 16:20:00,258.463882962511
"990",2020-10-03 16:25:00,258.463882962511
"991",2020-10-03 16:30:00,258.463882962511
"992",2020-10-03 16:35:00,258.463882962511
"993",2020-10-03 16:40:00,258.463882962511
"994",2020-10-03 16:45:00,258.463882962511
"995",2020-10-03 16:50:00,258.463882962511
"996",2020-10-03 16:55:00,258.463882962511
"997",2020-10-03 17:00:00,258.463882962511
"998",2020-10-03 17:05:00,258.463882962511
"999",2020-10-03 17:10:00,258.463882962511
"1000",2020-10-03 17:15:00,258.463882962511
"1001",2020-10-03 17:20:00,258.463882962511
"1002",2020-10-03 17:25:00,258.463882962511
"1003",2020-10-03 17:30:00,258.463882962511
"1004",2020-10-03 17:35:00,258.463882962511
"1005",2020-10-03 17:40:00,258.466930813776
"1006",2020-10-03 17:45:00,258.463882962511
"1007",2020-10-03 17:50:00,258.463882962511
"1008",2020-10-03 17:55:00,258.463882962511
"1009",2020-10-03 18:00:00,258.463882962511
"1010",2020-10-03 18:05:00,258.463882962511
"1011",2020-10-03 18:10:00,258.463882962511
"1012",2020-10-03 18:15:00,258.466930813776
"1013",2020-10-03 18:20:00,258.463882962511
"1014",2020-10-03 18:25:00,258.463882962511
"1015",2020-10-03 18:30:00,258.463882962511
"1016",2020-10-03 18:35:00,258.463882962511
"1017",2020-10-03 18:40:00,258.463882962511
"1018",2020-10-03 18:45:00,258.466930813776
"1019",2020-10-03 18:50:00,258.463882962511
"1020",2020-10-03 18:55:00,258.466930813776
"1021",2020-10-03 19:00:00,258.463882962511
"1022",2020-10-03 19:05:00,258.463882962511
"1023",2020-10-03 19:10:00,258.466930813776
"1024",2020-10-03 19:15:00,258.463882962511
"1025",2020-10-03 19:20:00,258.463882962511
"1026",2020-10-03 19:25:00,258.466930813776
"1027",2020-10-03 19:30:00,258.463882962511
"1028",2020-10-03 19:35:00,258.463882962511
"1029",2020-10-03 19:40:00,258.463882962511
"1030",2020-10-03 19:45:00,258.463882962511
"1031",2020-10-03 19:50:00,258.466930813776
"1032",2020-10-03 19:55:00,258.463882962511
"1033",2020-10-03 20:00:00,258.463882962511
"1034",2020-10-03 20:05:00,258.466930813776
"1035",2020-10-03 20:10:00,258.466930813776
"1036",2020-10-03 20:15:00,258.463882962511
"1037",2020-10-03 20:20:00,258.463882962511
"1038",2020-10-03 20:25:00,258.466930813776
"1039",2020-10-03 20:30:00,258.463882962511
"1040",2020-10-03 20:35:00,258.463882962511
"1041",2020-10-03 20:40:00,258.463882962511
"1042",2020-10-03 20:45:00,258.463882962511
"1043",2020-10-03 20:50:00,258.463882962511
"1044",2020-10-03 20:55:00,258.463882962511
"1045",2020-10-03 21:00:00,258.463882962511
"1046",2020-10-03 21:05:00,258.463882962511
"1047",2020-10-03 21:10:00,258.463882962511
"1048",2020-10-03 21:15:00,258.463882962511
"1049",2020-10-03 21:20:00,258.463882962511
"1050",2020-10-03 21:25:00,258.463882962511
"1051",2020-10-03 21:30:00,258.463882962511
"1052",2020-10-03 21:35:00,258.463882962511
"1053",2020-10-03 21:40:00,258.463882962511
"1054",2020-10-03 21:45:00,258.463882962511
"1055",2020-10-03 21:50:00,258.463882962511
"1056",2020-10-03 21:55:00,258.463882962511
"1057",2020-10-03 22:00:00,258.463882962511
"1058",2020-10-03 22:05:00,258.463882962511
"1059",2020-10-03 22:10:00,258.463882962511
"1060",2020-10-03 22:15:00,258.463882962511
"1061",2020-10-03 22:20:00,258.463882962511
"1062",2020-10-03 22:25:00,258.463882962511
"1063",2020-10-03 22:30:00,258.463882962511
"1064",2020-10-03 22:35:00,258.463882962511
"1065",2020-10-03 22:40:00,258.463882962511
"1066",2020-10-03 22:45:00,258.463882962511
"1067",2020-10-03 22:50:00,258.463882962511
"1068",2020-10-03 22:55:00,258.463882962511
"1069",2020-10-03 23:00:00,258.463882962511
"1070",2020-10-03 23:05:00,258.463882962511
"1071",2020-10-03 23:10:00,258.463882962511
"1072",2020-10-03 23:15:00,258.463882962511
"1073",2020-10-03 23:20:00,258.463882962511
"1074",2020-10-03 23:25:00,258.463882962511
"1075",2020-10-03 23:30:00,258.463882962511
"1076",2020-10-03 23:35:00,258.463882962511
"1077",2020-10-03 23:40:00,258.463882962511
"1078",2020-10-03 23:45:00,258.463882962511
"1079",2020-10-03 23:50:00,258.463882962511
"1080",2020-10-03 23:55:00,258.463882962511
"1081",2020-10-04 00:00:00,258.463882962511
"1082",2020-10-04 00:05:00,258.463882962511
"1083",2020-10-04 00:10:00,258.463882962511
"1084",2020-10-04 00:15:00,258.463882962511
"1085",2020-10-04 00:20:00,258.463882962511
"1086",2020-10-04 00:25:00,258.463882962511
"1087",2020-10-04 00:30:00,258.463882962511
"1088",2020-10-04 00:35:00,258.463882962511
"1089",2020-10-04 00:40:00,258.463882962511
"1090",2020-10-04 00:45:00,258.463882962511
"1091",2020-10-04 00:50:00,258.463882962511
"1092",2020-10-04 00:55:00,258.463882962511
"1093",2020-10-04 01:00:00,258.463882962511
"1094",2020-10-04 01:05:00,258.463882962511
"1095",2020-10-04 01:10:00,258.463882962511
"1096",2020-10-04 01:15:00,258.463882962511
"1097",2020-10-04 01:20:00,258.463882962511
"1098",2020-10-04 01:25:00,258.463882962511
"1099",2020-10-04 01:30:00,258.463882962511
"1100",2020-10-04 01:35:00,258.463882962511
"1101",2020-10-04 01:40:00,258.463882962511
"1102",2020-10-04 01:45:00,258.463882962511
"1103",2020-10-04 01:50:00,258.463882962511
"1104",2020-10-04 01:55:00,258.463882962511
"1105",2020-10-04 02:00:00,258.463882962511
"1106",2020-10-04 02:05:00,258.463882962511
"1107",2020-10-04 02:10:00,258.463882962511
"1108",2020-10-04 02:15:00,258.463882962511
"1109",2020-10-04 02:20:00,258.463882962511
"1110",2020-10-04 02:25:00,258.463882962511
"1111",2020-10-04 02:30:00,258.463882962511
"1112",2020-10-04 02:35:00,258.463882962511
"1113",2020-10-04 02:40:00,258.463882962511
"1114",2020-10-04 02:45:00,258.463882962511
"1115",2020-10-04 02:50:00,258.463882962511
"1116",2020-10-04 02:55:00,258.463882962511
"1117",2020-10-04 03:00:00,258.463882962511
"1118",2020-10-04 03:05:00,258.463882962511
"1119",2020-10-04 03:10:00,258.463882962511
"1120",2020-10-04 03:15:00,258.463882962511
"1121",2020-10-04 03:20:00,258.463882962511
"1122",2020-10-04 03:25:00,258.463882962511
"1123",2020-10-04 03:30:00,258.463882962511
"1124",2020-10-04 03:35:00,258.463882962511
"1125",2020-10-04 03:40:00,258.463882962511
"1126",2020-10-04 03:45:00,258.463882962511
"1127",2020-10-04 03:50:00,258.463882962511
"1128",2020-10-04 03:55:00,258.463882962511
"1129",2020-10-04 04:00:00,258.463882962511
"1130",2020-10-04 04:05:00,258.463882962511
"1131",2020-10-04 04:10:00,258.463882962511
"1132",2020-10-04 04:15:00,258.463882962511
"1133",2020-10-04 04:20:00,258.463882962511
"1134",2020-10-04 04:25:00,258.463882962511
"1135",2020-10-04 04:30:00,258.463882962511
"1136",2020-10-04 04:35:00,258.463882962511
"1137",2020-10-04 04:40:00,258.463882962511
"1138",2020-10-04 04:45:00,258.463882962511
"1139",2020-10-04 04:50:00,258.463882962511
"1140",2020-10-04 04:55:00,258.463882962511
"1141",2020-10-04 05:00:00,258.463882962511
"1142",2020-10-04 05:05:00,258.463882962511
"1143",2020-10-04 05:10:00,258.463882962511
"1144",2020-10-04 05:15:00,258.463882962511
"1145",2020-10-04 05:20:00,258.463882962511
"1146",2020-10-04 05:25:00,258.463882962511
"1147",2020-10-04 05:30:00,258.463882962511
"1148",2020-10-04 05:35:00,258.463882962511
"1149",2020-10-04 05:40:00,258.463882962511
"1150",2020-10-04 05:45:00,258.463882962511
"1151",2020-10-04 05:50:00,258.463882962511
"1152",2020-10-04 05:55:00,258.463882962511
"1153",2020-10-04 06:00:00,258.463882962511
"1154",2020-10-04 06:05:00,258.463882962511
"1155",2020-10-04 06:10:00,258.463882962511
"1156",2020-10-04 06:15:00,258.463882962511
"1157",2020-10-04 06:20:00,258.463882962511
"1158",2020-10-04 06:25:00,258.463882962511
"1159",2020-10-04 06:30:00,258.463882962511
"1160",2020-10-04 06:35:00,258.463882962511
"1161",2020-10-04 06:40:00,258.463882962511
"1162",2020-10-04 06:45:00,258.463882962511
"1163",2020-10-04 06:50:00,258.463882962511
"1164",2020-10-04 06:55:00,258.463882962511
"1165",2020-10-04 07:00:00,258.463882962511
"1166",2020-10-04 07:05:00,258.463882962511
"1167",2020-10-04 07:10:00,258.463882962511
"1168",2020-10-04 07:15:00,258.463882962511
"1169",2020-10-04 07:20:00,258.463882962511
"1170",2020-10-04 07:25:00,258.463882962511
"1171",2020-10-04 07:30:00,258.463882962511
"1172",2020-10-04 07:35:00,258.463882962511
"1173",2020-10-04 07:40:00,258.463882962511
"1174",2020-10-04 07:45:00,258.463882962511
"1175",2020-10-04 07:50:00,258.463882962511
"1176",2020-10-04 07:55:00,258.463882962511
"1177",2020-10-04 08:00:00,258.463882962511
"1178",2020-10-04 08:05:00,258.463882962511
"1179",2020-10-04 08:10:00,258.463882962511
"1180",2020-10-04 08:15:00,258.463882962511
"1181",2020-10-04 08:20:00,258.463882962511
"1182",2020-10-04 08:25:00,258.463882962511
"1183",2020-10-04 08:30:00,258.463882962511
"1184",2020-10-04 08:35:00,258.463882962511
"1185",2020-10-04 08:40:00,258.463882962511
"1186",2020-10-04 08:45:00,258.463882962511
"1187",2020-10-04 08:50:00,258.463882962511
"1188",2020-10-04 08:55:00,258.463882962511
"1189",2020-10-04 09:00:00,258.463882962511
"1190",2020-10-04 09:05:00,258.463882962511
"1191",2020-10-04 09:10:00,258.463882962511
"1192",2020-10-04 09:15:00,258.463882962511
"1193",2020-10-04 09:20:00,258.463882962511
"1194",2020-10-04 09:25:00,258.463882962511
"1195",2020-10-04 09:30:00,258.463882962511
"1196",2020-10-04 09:35:00,258.463882962511
"1197",2020-10-04 09:40:00,258.463882962511
"1198",2020-10-04 09:45:00,258.463882962511
"1199",2020-10-04 09:50:00,258.463882962511
"1200",2020-10-04 09:55:00,258.463882962511
"1201",2020-10-04 10:00:00,258.463882962511
"1202",2020-10-04 10:05:00,258.463882962511
"1203",2020-10-04 10:10:00,258.463882962511
"1204",2020-10-04 10:15:00,258.463882962511
"1205",2020-10-04 10:20:00,258.463882962511
"1206",2020-10-04 10:25:00,258.463882962511
"1207",2020-10-04 10:30:00,258.463882962511
"1208",2020-10-04 10:35:00,258.463882962511
"1209",2020-10-04 10:40:00,258.463882962511
"1210",2020-10-04 10:45:00,258.463882962511
"1211",2020-10-04 10:50:00,258.463882962511
"1212",2020-10-04 10:55:00,258.463882962511
"1213",2020-10-04 11:00:00,258.463882962511
"1214",2020-10-04 11:05:00,258.463882962511
"1215",2020-10-04 11:10:00,258.463882962511
"1216",2020-10-04 11:15:00,258.463882962511
"1217",2020-10-04 11:20:00,258.463882962511
"1218",2020-10-04 11:25:00,258.463882962511
"1219",2020-10-04 11:30:00,258.463882962511
"1220",2020-10-04 11:35:00,258.463882962511
"1221",2020-10-04 11:40:00,258.463882962511
"1222",2020-10-04 11:45:00,258.463882962511
"1223",2020-10-04 11:50:00,258.463882962511
"1224",2020-10-04 11:55:00,258.463882962511
"1225",2020-10-04 12:00:00,258.463882962511
"1226",2020-10-04 12:05:00,258.463882962511
"1227",2020-10-04 12:10:00,258.463882962511
"1228",2020-10-04 12:15:00,258.463882962511
"1229",2020-10-04 12:20:00,258.463882962511
"1230",2020-10-04 12:25:00,258.463882962511
"1231",2020-10-04 12:30:00,258.463882962511
"1232",2020-10-04 12:35:00,258.463882962511
"1233",2020-10-04 12:40:00,258.463882962511
"1234",2020-10-04 12:45:00,258.463882962511
"1235",2020-10-04 12:50:00,258.463882962511
"1236",2020-10-04 12:55:00,258.463882962511
"1237",2020-10-04 13:00:00,258.463882962511
"1238",2020-10-04 13:05:00,258.463882962511
"1239",2020-10-04 13:10:00,258.463882962511
"1240",2020-10-04 13:15:00,258.463882962511
"1241",2020-10-04 13:20:00,258.463882962511
"1242",2020-10-04 13:25:00,258.463882962511
"1243",2020-10-04 13:30:00,258.463882962511
"1244",2020-10-04 13:35:00,258.463882962511
"1245",2020-10-04 13:40:00,258.463882962511
"1246",2020-10-04 13:45:00,258.463882962511
"1247",2020-10-04 13:50:00,258.463882962511
"1248",2020-10-04 13:55:00,258.463882962511
"1249",2020-10-04 14:00:00,258.463882962511
"1250",2020-10-04 14:05:00,258.463882962511
"1251",2020-10-04 14:10:00,258.463882962511
"1252",2020-10-04 14:15:00,258.463882962511
"1253",2020-10-04 14:20:00,258.463882962511
"1254",2020-10-04 14:25:00,258.463882962511
"1255",2020-10-04 14:30:00,258.463882962511
"1256",2020-10-04 14:35:00,258.463882962511
"1257",2020-10-04 14:40:00,258.463882962511
"1258",2020-10-04 14:45:00,258.463882962511
"1259",2020-10-04 14:50:00,258.463882962511
"1260",2020-10-04 14:55:00,258.463882962511
"1261",2020-10-04 15:00:00,258.463882962511
"1262",2020-10-04 15:05:00,258.463882962511
"1263",2020-10-04 15:10:00,258.463882962511
"1264",2020-10-04 15:15:00,258.463882962511
"1265",2020-10-04 15:20:00,258.460835111247
"1266",2020-10-04 15:25:00,258.463882962511
"1267",2020-10-04 15:30:00,258.463882962511
"1268",2020-10-04 15:35:00,258.460835111247
"1269",2020-10-04 15:40:00,258.460835111247
"1270",2020-10-04 15:45:00,258.463882962511
"1271",2020-10-04 15:50:00,258.463882962511
"1272",2020-10-04 15:55:00,258.460835111247
"1273",2020-10-04 16:00:00,258.460835111247
"1274",2020-10-04 16:05:00,258.463882962511
"1275",2020-10-04 16:10:00,258.460835111247
"1276",2020-10-04 16:15:00,258.463882962511
"1277",2020-10-04 16:20:00,258.463882962511
"1278",2020-10-04 16:25:00,258.463882962511
"1279",2020-10-04 16:30:00,258.463882962511
"1280",2020-10-04 16:35:00,258.463882962511
"1281",2020-10-04 16:40:00,258.463882962511
"1282",2020-10-04 16:45:00,258.460835111247
"1283",2020-10-04 16:50:00,258.463882962511
"1284",2020-10-04 16:55:00,258.460835111247
"1285",2020-10-04 17:00:00,258.460835111247
"1286",2020-10-04 17:05:00,258.463882962511
"1287",2020-10-04 17:10:00,258.460835111247
"1288",2020-10-04 17:15:00,258.460835111247
"1289",2020-10-04 17:20:00,258.460835111247
"1290",2020-10-04 17:25:00,258.460835111247
"1291",2020-10-04 17:30:00,258.460835111247
"1292",2020-10-04 17:35:00,258.460835111247
"1293",2020-10-04 17:40:00,258.463882962511
"1294",2020-10-04 17:45:00,258.463882962511
"1295",2020-10-04 17:50:00,258.460835111247
"1296",2020-10-04 17:55:00,258.463882962511
"1297",2020-10-04 18:00:00,258.460835111247
"1298",2020-10-04 18:05:00,258.460835111247
"1299",2020-10-04 18:10:00,258.463882962511
"1300",2020-10-04 18:15:00,258.460835111247
"1301",2020-10-04 18:20:00,258.460835111247
"1302",2020-10-04 18:25:00,258.463882962511
"1303",2020-10-04 18:30:00,258.460835111247
"1304",2020-10-04 18:35:00,258.463882962511
"1305",2020-10-04 18:40:00,258.460835111247
"1306",2020-10-04 18:45:00,258.463882962511
"1307",2020-10-04 18:50:00,258.463882962511
"1308",2020-10-04 18:55:00,258.460835111247
"1309",2020-10-04 19:00:00,258.463882962511
"1310",2020-10-04 19:05:00,258.460835111247
"1311",2020-10-04 19:10:00,258.463882962511
"1312",2020-10-04 19:15:00,258.460835111247
"1313",2020-10-04 19:20:00,258.463882962511
"1314",2020-10-04 19:25:00,258.460835111247
"1315",2020-10-04 19:30:00,258.463882962511
"1316",2020-10-04 19:35:00,258.463882962511
"1317",2020-10-04 19:40:00,258.460835111247
"1318",2020-10-04 19:45:00,258.463882962511
"1319",2020-10-04 19:50:00,258.463882962511
"1320",2020-10-04 19:55:00,258.460835111247
"1321",2020-10-04 20:00:00,258.460835111247
"1322",2020-10-04 20:05:00,258.463882962511
"1323",2020-10-04 20:10:00,258.460835111247
"1324",2020-10-04 20:15:00,258.463882962511
"1325",2020-10-04 20:20:00,258.460835111247
"1326",2020-10-04 20:25:00,258.463882962511
"1327",2020-10-04 20:30:00,258.463882962511
"1328",2020-10-04 20:35:00,258.463882962511
"1329",2020-10-04 20:40:00,258.463882962511
"1330",2020-10-04 20:45:00,258.463882962511
"1331",2020-10-04 20:50:00,258.463882962511
"1332",2020-10-04 20:55:00,258.463882962511
"1333",2020-10-04 21:00:00,258.463882962511
"1334",2020-10-04 21:05:00,258.463882962511
"1335",2020-10-04 21:10:00,258.466930813776
"1336",2020-10-04 21:15:00,258.463882962511
"1337",2020-10-04 21:20:00,258.463882962511
"1338",2020-10-04 21:25:00,258.463882962511
"1339",2020-10-04 21:30:00,258.463882962511
"1340",2020-10-04 21:35:00,258.463882962511
"1341",2020-10-04 21:40:00,258.466930813776
"1342",2020-10-04 21:45:00,258.463882962511
"1343",2020-10-04 21:50:00,258.463882962511
"1344",2020-10-04 21:55:00,258.463882962511
"1345",2020-10-04 22:00:00,258.463882962511
"1346",2020-10-04 22:05:00,258.463882962511
"1347",2020-10-04 22:10:00,258.463882962511
"1348",2020-10-04 22:15:00,258.463882962511
"1349",2020-10-04 22:20:00,258.463882962511
"1350",2020-10-04 22:25:00,258.463882962511
"1351",2020-10-04 22:30:00,258.463882962511
"1352",2020-10-04 22:35:00,258.463882962511
"1353",2020-10-04 22:40:00,258.463882962511
"1354",2020-10-04 22:45:00,258.463882962511
"1355",2020-10-04 22:50:00,258.463882962511
"1356",2020-10-04 22:55:00,258.463882962511
"1357",2020-10-04 23:00:00,258.463882962511
"1358",2020-10-04 23:05:00,258.463882962511
"1359",2020-10-04 23:10:00,258.463882962511
"1360",2020-10-04 23:15:00,258.463882962511
"1361",2020-10-04 23:20:00,258.463882962511
"1362",2020-10-04 23:25:00,258.463882962511
"1363",2020-10-04 23:30:00,258.463882962511
"1364",2020-10-04 23:35:00,258.463882962511
"1365",2020-10-04 23:40:00,258.463882962511
"1366",2020-10-04 23:45:00,258.463882962511
"1367",2020-10-04 23:50:00,258.463882962511
"1368",2020-10-04 23:55:00,258.463882962511
"1369",2020-10-05 00:00:00,258.463882962511
"1370",2020-10-05 00:05:00,258.463882962511
"1371",2020-10-05 00:10:00,258.463882962511
"1372",2020-10-05 00:15:00,258.463882962511
"1373",2020-10-05 00:20:00,258.463882962511
"1374",2020-10-05 00:25:00,258.463882962511
"1375",2020-10-05 00:30:00,258.463882962511
"1376",2020-10-05 00:35:00,258.463882962511
"1377",2020-10-05 00:40:00,258.463882962511
"1378",2020-10-05 00:45:00,258.463882962511
"1379",2020-10-05 00:50:00,258.463882962511
"1380",2020-10-05 00:55:00,258.463882962511
"1381",2020-10-05 01:00:00,258.463882962511
"1382",2020-10-05 01:05:00,258.463882962511
"1383",2020-10-05 01:10:00,258.463882962511
"1384",2020-10-05 01:15:00,258.463882962511
"1385",2020-10-05 01:20:00,258.463882962511
"1386",2020-10-05 01:25:00,258.463882962511
"1387",2020-10-05 01:30:00,258.463882962511
"1388",2020-10-05 01:35:00,258.463882962511
"1389",2020-10-05 01:40:00,258.463882962511
"1390",2020-10-05 01:45:00,258.463882962511
"1391",2020-10-05 01:50:00,258.463882962511
"1392",2020-10-05 01:55:00,258.463882962511
"1393",2020-10-05 02:00:00,258.463882962511
"1394",2020-10-05 02:05:00,258.463882962511
"1395",2020-10-05 02:10:00,258.463882962511
"1396",2020-10-05 02:15:00,258.463882962511
"1397",2020-10-05 02:20:00,258.463882962511
"1398",2020-10-05 02:25:00,258.463882962511
"1399",2020-10-05 02:30:00,258.463882962511
"1400",2020-10-05 02:35:00,258.463882962511
"1401",2020-10-05 02:40:00,258.463882962511
"1402",2020-10-05 02:45:00,258.463882962511
"1403",2020-10-05 02:50:00,258.463882962511
"1404",2020-10-05 02:55:00,258.463882962511
"1405",2020-10-05 03:00:00,258.463882962511
"1406",2020-10-05 03:05:00,258.463882962511
"1407",2020-10-05 03:10:00,258.463882962511
"1408",2020-10-05 03:15:00,258.463882962511
"1409",2020-10-05 03:20:00,258.463882962511
"1410",2020-10-05 03:25:00,258.463882962511
"1411",2020-10-05 03:30:00,258.463882962511
"1412",2020-10-05 03:35:00,258.463882962511
"1413",2020-10-05 03:40:00,258.463882962511
"1414",2020-10-05 03:45:00,258.463882962511
"1415",2020-10-05 03:50:00,258.463882962511
"1416",2020-10-05 03:55:00,258.463882962511
"1417",2020-10-05 04:00:00,258.463882962511
"1418",2020-10-05 04:05:00,258.463882962511
"1419",2020-10-05 04:10:00,258.463882962511
"1420",2020-10-05 04:15:00,258.463882962511
"1421",2020-10-05 04:20:00,258.463882962511
"1422",2020-10-05 04:25:00,258.463882962511
"1423",2020-10-05 04:30:00,258.463882962511
"1424",2020-10-05 04:35:00,258.463882962511
"1425",2020-10-05 04:40:00,258.463882962511
"1426",2020-10-05 04:45:00,258.463882962511
"1427",2020-10-05 04:50:00,258.463882962511
"1428",2020-10-05 04:55:00,258.463882962511
"1429",2020-10-05 05:00:00,258.463882962511
"1430",2020-10-05 05:05:00,258.463882962511
"1431",2020-10-05 05:10:00,258.463882962511
"1432",2020-10-05 05:15:00,258.460835111247
"1433",2020-10-05 05:20:00,258.463882962511
"1434",2020-10-05 05:25:00,258.463882962511
"1435",2020-10-05 05:30:00,258.463882962511
"1436",2020-10-05 05:35:00,258.463882962511
"1437",2020-10-05 05:40:00,258.463882962511
"1438",2020-10-05 05:45:00,258.463882962511
"1439",2020-10-05 05:50:00,258.463882962511
"1440",2020-10-05 05:55:00,258.460835111247
"1441",2020-10-05 06:00:00,258.463882962511
"1442",2020-10-05 06:05:00,258.463882962511
"1443",2020-10-05 06:10:00,258.463882962511
"1444",2020-10-05 06:15:00,258.460835111247
"1445",2020-10-05 06:20:00,258.460835111247
"1446",2020-10-05 06:25:00,258.460835111247
"1447",2020-10-05 06:30:00,258.460835111247
"1448",2020-10-05 06:35:00,258.460835111247
"1449",2020-10-05 06:40:00,258.460835111247
"1450",2020-10-05 06:45:00,258.460835111247
"1451",2020-10-05 06:50:00,258.460835111247
"1452",2020-10-05 06:55:00,258.460835111247
"1453",2020-10-05 07:00:00,258.460835111247
"1454",2020-10-05 07:05:00,258.460835111247
"1455",2020-10-05 07:10:00,258.460835111247
"1456",2020-10-05 07:15:00,258.460835111247
"1457",2020-10-05 07:20:00,258.460835111247
"1458",2020-10-05 07:25:00,258.460835111247
"1459",2020-10-05 07:30:00,258.460835111247
"1460",2020-10-05 07:35:00,258.460835111247
"1461",2020-10-05 07:40:00,258.460835111247
"1462",2020-10-05 07:45:00,258.460835111247
"1463",2020-10-05 07:50:00,258.460835111247
"1464",2020-10-05 07:55:00,258.460835111247
"1465",2020-10-05 08:00:00,258.460835111247
"1466",2020-10-05 08:05:00,258.460835111247
"1467",2020-10-05 08:10:00,258.460835111247
"1468",2020-10-05 08:15:00,258.460835111247
"1469",2020-10-05 08:20:00,258.460835111247
"1470",2020-10-05 08:25:00,258.460835111247
"1471",2020-10-05 08:30:00,258.460835111247
"1472",2020-10-05 08:35:00,258.460835111247
"1473",2020-10-05 08:40:00,258.460835111247
"1474",2020-10-05 08:45:00,258.460835111247
"1475",2020-10-05 08:50:00,258.460835111247
"1476",2020-10-05 08:55:00,258.460835111247
"1477",2020-10-05 09:00:00,258.460835111247
"1478",2020-10-05 09:05:00,258.460835111247
"1479",2020-10-05 09:10:00,258.460835111247
"1480",2020-10-05 09:15:00,258.460835111247
"1481",2020-10-05 09:20:00,258.460835111247
"1482",2020-10-05 09:25:00,258.460835111247
"1483",2020-10-05 09:30:00,258.460835111247
"1484",2020-10-05 09:35:00,258.463882962511
"1485",2020-10-05 09:40:00,258.463882962511
"1486",2020-10-05 09:45:00,258.460835111247
"1487",2020-10-05 09:50:00,258.463882962511
"1488",2020-10-05 09:55:00,258.460835111247
"1489",2020-10-05 10:00:00,258.460835111247
"1490",2020-10-05 10:05:00,258.460835111247
"1491",2020-10-05 10:10:00,258.460835111247
"1492",2020-10-05 10:15:00,258.460835111247
"1493",2020-10-05 10:20:00,258.463882962511
"1494",2020-10-05 10:25:00,258.460835111247
"1495",2020-10-05 10:30:00,258.460835111247
"1496",2020-10-05 10:35:00,258.460835111247
"1497",2020-10-05 10:40:00,258.460835111247
"1498",2020-10-05 10:45:00,258.460835111247
"1499",2020-10-05 10:50:00,258.460835111247
"1500",2020-10-05 10:55:00,258.460835111247
"1501",2020-10-05 11:00:00,258.460835111247
"1502",2020-10-05 11:05:00,258.460835111247
"1503",2020-10-05 11:10:00,258.460835111247
"1504",2020-10-05 11:15:00,258.460835111247
"1505",2020-10-05 11:20:00,258.460835111247
"1506",2020-10-05 11:25:00,258.460835111247
"1507",2020-10-05 11:30:00,258.460835111247
"1508",2020-10-05 11:35:00,258.460835111247
"1509",2020-10-05 11:40:00,258.460835111247
"1510",2020-10-05 11:45:00,258.463882962511
"1511",2020-10-05 11:50:00,258.460835111247
"1512",2020-10-05 11:55:00,258.460835111247
"1513",2020-10-05 12:00:00,258.460835111247
"1514",2020-10-05 12:05:00,258.460835111247
"1515",2020-10-05 12:10:00,258.460835111247
"1516",2020-10-05 12:15:00,258.460835111247
"1517",2020-10-05 12:20:00,258.460835111247
"1518",2020-10-05 12:25:00,258.460835111247
"1519",2020-10-05 12:30:00,258.460835111247
"1520",2020-10-05 12:35:00,258.460835111247
"1521",2020-10-05 12:40:00,258.460835111247
"1522",2020-10-05 12:45:00,258.460835111247
"1523",2020-10-05 12:50:00,258.460835111247
"1524",2020-10-05 12:55:00,258.460835111247
"1525",2020-10-05 13:00:00,258.460835111247
"1526",2020-10-05 13:05:00,258.460835111247
"1527",2020-10-05 13:10:00,258.460835111247
"1528",2020-10-05 13:15:00,258.460835111247
"1529",2020-10-05 13:20:00,258.460835111247
"1530",2020-10-05 13:25:00,258.460835111247
"1531",2020-10-05 13:30:00,258.460835111247
"1532",2020-10-05 13:35:00,258.460835111247
"1533",2020-10-05 13:40:00,258.460835111247
"1534",2020-10-05 13:45:00,258.460835111247
"1535",2020-10-05 13:50:00,258.460835111247
"1536",2020-10-05 13:55:00,258.460835111247
"1537",2020-10-05 14:00:00,258.460835111247
"1538",2020-10-05 14:05:00,258.460835111247
"1539",2020-10-05 14:10:00,258.460835111247
"1540",2020-10-05 14:15:00,258.460835111247
"1541",2020-10-05 14:20:00,258.460835111247
"1542",2020-10-05 14:25:00,258.460835111247
"1543",2020-10-05 14:30:00,258.460835111247
"1544",2020-10-05 14:35:00,258.460835111247
"1545",2020-10-05 14:40:00,258.460835111247
"1546",2020-10-05 14:45:00,258.460835111247
"1547",2020-10-05 14:50:00,258.460835111247
"1548",2020-10-05 14:55:00,258.460835111247
"1549",2020-10-05 15:00:00,258.460835111247
"1550",2020-10-05 15:05:00,258.460835111247
"1551",2020-10-05 15:10:00,258.460835111247
"1552",2020-10-05 15:15:00,258.460835111247
"1553",2020-10-05 15:20:00,258.460835111247
"1554",2020-10-05 15:25:00,258.460835111247
"1555",2020-10-05 15:30:00,258.463882962511
"1556",2020-10-05 15:35:00,258.463882962511
"1557",2020-10-05 15:40:00,258.463882962511
"1558",2020-10-05 15:45:00,258.463882962511
"1559",2020-10-05 15:50:00,258.463882962511
"1560",2020-10-05 15:55:00,258.460835111247
"1561",2020-10-05 16:00:00,258.463882962511
"1562",2020-10-05 16:05:00,258.463882962511
"1563",2020-10-05 16:10:00,258.463882962511
"1564",2020-10-05 16:15:00,258.463882962511
"1565",2020-10-05 16:20:00,258.463882962511
"1566",2020-10-05 16:25:00,258.463882962511
"1567",2020-10-05 16:30:00,258.463882962511
"1568",2020-10-05 16:35:00,258.466930813776
"1569",2020-10-05 16:40:00,258.463882962511
"1570",2020-10-05 16:45:00,258.463882962511
"1571",2020-10-05 16:50:00,258.460835111247
"1572",2020-10-05 16:55:00,258.463882962511
"1573",2020-10-05 17:00:00,258.463882962511
"1574",2020-10-05 17:05:00,258.466930813776
"1575",2020-10-05 17:10:00,258.463882962511
"1576",2020-10-05 17:15:00,258.466930813776
"1577",2020-10-05 17:20:00,258.466930813776
"1578",2020-10-05 17:25:00,258.463882962511
"1579",2020-10-05 17:30:00,258.463882962511
"1580",2020-10-05 17:35:00,258.463882962511
"1581",2020-10-05 17:40:00,258.463882962511
"1582",2020-10-05 17:45:00,258.463882962511
"1583",2020-10-05 17:50:00,258.463882962511
"1584",2020-10-05 17:55:00,258.466930813776
"1585",2020-10-05 18:00:00,258.466930813776
"1586",2020-10-05 18:05:00,258.466930813776
"1587",2020-10-05 18:10:00,258.466930813776
"1588",2020-10-05 18:15:00,258.466930813776
"1589",2020-10-05 18:20:00,258.463882962511
"1590",2020-10-05 18:25:00,258.463882962511
"1591",2020-10-05 18:30:00,258.466930813776
"1592",2020-10-05 18:35:00,258.466930813776
"1593",2020-10-05 18:40:00,258.466930813776
"1594",2020-10-05 18:45:00,258.469978665041
"1595",2020-10-05 18:50:00,258.466930813776
"1596",2020-10-05 18:55:00,258.466930813776
"1597",2020-10-05 19:00:00,258.466930813776
"1598",2020-10-05 19:05:00,258.466930813776
"1599",2020-10-05 19:10:00,258.466930813776
"1600",2020-10-05 19:15:00,258.469978665041
"1601",2020-10-05 19:20:00,258.463882962511
"1602",2020-10-05 19:25:00,258.466930813776
"1603",2020-10-05 19:30:00,258.466930813776
"1604",2020-10-05 19:35:00,258.463882962511
"1605",2020-10-05 19:40:00,258.463882962511
"1606",2020-10-05 19:45:00,258.463882962511
"1607",2020-10-05 19:50:00,258.466930813776
"1608",2020-10-05 19:55:00,258.460835111247
"1609",2020-10-05 20:00:00,258.463882962511
"1610",2020-10-05 20:05:00,258.466930813776
"1611",2020-10-05 20:10:00,258.466930813776
"1612",2020-10-05 20:15:00,258.463882962511
"1613",2020-10-05 20:20:00,258.469978665041
"1614",2020-10-05 20:25:00,258.469978665041
"1615",2020-10-05 20:30:00,258.466930813776
"1616",2020-10-05 20:35:00,258.466930813776
"1617",2020-10-05 20:40:00,258.466930813776
"1618",2020-10-05 20:45:00,258.466930813776
"1619",2020-10-05 20:50:00,258.469978665041
"1620",2020-10-05 20:55:00,258.469978665041
"1621",2020-10-05 21:00:00,258.473026516306
"1622",2020-10-05 21:05:00,258.469978665041
"1623",2020-10-05 21:10:00,258.469978665041
"1624",2020-10-05 21:15:00,258.469978665041
"1625",2020-10-05 21:20:00,258.466930813776
"1626",2020-10-05 21:25:00,258.469978665041
"1627",2020-10-05 21:30:00,258.463882962511
"1628",2020-10-05 21:35:00,258.469978665041
"1629",2020-10-05 21:40:00,258.466930813776
"1630",2020-10-05 21:45:00,258.466930813776
"1631",2020-10-05 21:50:00,258.466930813776
"1632",2020-10-05 21:55:00,258.463882962511
"1633",2020-10-05 22:00:00,258.466930813776
"1634",2020-10-05 22:05:00,258.466930813776
"1635",2020-10-05 22:10:00,258.469978665041
"1636",2020-10-05 22:15:00,258.469978665041
"1637",2020-10-05 22:20:00,258.466930813776
"1638",2020-10-05 22:25:00,258.466930813776
"1639",2020-10-05 22:30:00,258.466930813776
"1640",2020-10-05 22:35:00,258.466930813776
"1641",2020-10-05 22:40:00,258.469978665041
"1642",2020-10-05 22:45:00,258.466930813776
"1643",2020-10-05 22:50:00,258.466930813776
"1644",2020-10-05 22:55:00,258.466930813776
"1645",2020-10-05 23:00:00,258.466930813776
"1646",2020-10-05 23:05:00,258.469978665041
"1647",2020-10-05 23:10:00,258.466930813776
"1648",2020-10-05 23:15:00,258.466930813776
"1649",2020-10-05 23:20:00,258.466930813776
"1650",2020-10-05 23:25:00,258.463882962511
"1651",2020-10-05 23:30:00,258.466930813776
"1652",2020-10-05 23:35:00,258.463882962511
"1653",2020-10-05 23:40:00,258.466930813776
"1654",2020-10-05 23:45:00,258.466930813776
"1655",2020-10-05 23:50:00,258.463882962511
"1656",2020-10-05 23:55:00,258.463882962511
"1657",2020-10-06 00:00:00,258.463882962511
"1658",2020-10-06 00:05:00,258.463882962511
"1659",2020-10-06 00:10:00,258.463882962511
"1660",2020-10-06 00:15:00,258.463882962511
"1661",2020-10-06 00:20:00,258.463882962511
"1662",2020-10-06 00:25:00,258.463882962511
"1663",2020-10-06 00:30:00,258.466930813776
"1664",2020-10-06 00:35:00,258.463882962511
"1665",2020-10-06 00:40:00,258.463882962511
"1666",2020-10-06 00:45:00,258.463882962511
"1667",2020-10-06 00:50:00,258.463882962511
"1668",2020-10-06 00:55:00,258.463882962511
"1669",2020-10-06 01:00:00,258.463882962511
"1670",2020-10-06 01:05:00,258.463882962511
"1671",2020-10-06 01:10:00,258.463882962511
"1672",2020-10-06 01:15:00,258.463882962511
"1673",2020-10-06 01:20:00,258.463882962511
"1674",2020-10-06 01:25:00,258.463882962511
"1675",2020-10-06 01:30:00,258.463882962511
"1676",2020-10-06 01:35:00,258.463882962511
"1677",2020-10-06 01:40:00,258.463882962511
"1678",2020-10-06 01:45:00,258.463882962511
"1679",2020-10-06 01:50:00,258.463882962511
"1680",2020-10-06 01:55:00,258.463882962511
"1681",2020-10-06 02:00:00,258.463882962511
"1682",2020-10-06 02:05:00,258.463882962511
"1683",2020-10-06 02:10:00,258.463882962511
"1684",2020-10-06 02:15:00,258.463882962511
"1685",2020-10-06 02:20:00,258.463882962511
"1686",2020-10-06 02:25:00,258.463882962511
"1687",2020-10-06 02:30:00,258.463882962511
"1688",2020-10-06 02:35:00,258.463882962511
"1689",2020-10-06 02:40:00,258.463882962511
"1690",2020-10-06 02:45:00,258.463882962511
"1691",2020-10-06 02:50:00,258.463882962511
"1692",2020-10-06 02:55:00,258.463882962511
"1693",2020-10-06 03:00:00,258.463882962511
"1694",2020-10-06 03:05:00,258.463882962511
"1695",2020-10-06 03:10:00,258.463882962511
"1696",2020-10-06 03:15:00,258.463882962511
"1697",2020-10-06 03:20:00,258.463882962511
"1698",2020-10-06 03:25:00,258.463882962511
"1699",2020-10-06 03:30:00,258.463882962511
"1700",2020-10-06 03:35:00,258.466930813776
"1701",2020-10-06 03:40:00,258.463882962511
"1702",2020-10-06 03:45:00,258.466930813776
"1703",2020-10-06 03:50:00,258.463882962511
"1704",2020-10-06 03:55:00,258.463882962511
"1705",2020-10-06 04:00:00,258.463882962511
"1706",2020-10-06 04:05:00,258.463882962511
"1707",2020-10-06 04:10:00,258.463882962511
"1708",2020-10-06 04:15:00,258.463882962511
"1709",2020-10-06 04:20:00,258.463882962511
"1710",2020-10-06 04:25:00,258.463882962511
"1711",2020-10-06 04:30:00,258.463882962511
"1712",2020-10-06 04:35:00,258.463882962511
"1713",2020-10-06 04:40:00,258.463882962511
"1714",2020-10-06 04:45:00,258.463882962511
"1715",2020-10-06 04:50:00,258.463882962511
"1716",2020-10-06 04:55:00,258.463882962511
"1717",2020-10-06 05:00:00,258.463882962511
"1718",2020-10-06 05:05:00,258.463882962511
"1719",2020-10-06 05:10:00,258.463882962511
"1720",2020-10-06 05:15:00,258.463882962511
"1721",2020-10-06 05:20:00,258.463882962511
"1722",2020-10-06 05:25:00,258.463882962511
"1723",2020-10-06 05:30:00,258.463882962511
"1724",2020-10-06 05:35:00,258.463882962511
"1725",2020-10-06 05:40:00,258.463882962511
"1726",2020-10-06 05:45:00,258.463882962511
"1727",2020-10-06 05:50:00,258.463882962511
"1728",2020-10-06 05:55:00,258.463882962511
"1729",2020-10-06 06:00:00,258.463882962511
"1730",2020-10-06 06:05:00,258.463882962511
"1731",2020-10-06 06:10:00,258.463882962511
"1732",2020-10-06 06:15:00,258.463882962511
"1733",2020-10-06 06:20:00,258.463882962511
"1734",2020-10-06 06:25:00,258.463882962511
"1735",2020-10-06 06:30:00,258.463882962511
"1736",2020-10-06 06:35:00,258.463882962511
"1737",2020-10-06 06:40:00,258.463882962511
"1738",2020-10-06 06:45:00,258.463882962511
"1739",2020-10-06 06:50:00,258.463882962511
"1740",2020-10-06 06:55:00,258.463882962511
"1741",2020-10-06 07:00:00,258.463882962511
"1742",2020-10-06 07:05:00,258.463882962511
"1743",2020-10-06 07:10:00,258.463882962511
"1744",2020-10-06 07:15:00,258.463882962511
"1745",2020-10-06 07:20:00,258.463882962511
"1746",2020-10-06 07:25:00,258.463882962511
"1747",2020-10-06 07:30:00,258.463882962511
"1748",2020-10-06 07:35:00,258.463882962511
"1749",2020-10-06 07:40:00,258.463882962511
"1750",2020-10-06 07:45:00,258.463882962511
"1751",2020-10-06 07:50:00,258.463882962511
"1752",2020-10-06 07:55:00,258.463882962511
"1753",2020-10-06 08:00:00,258.460835111247
"1754",2020-10-06 08:05:00,258.460835111247
"1755",2020-10-06 08:10:00,258.463882962511
"1756",2020-10-06 08:15:00,258.463882962511
"1757",2020-10-06 08:20:00,258.463882962511
"1758",2020-10-06 08:25:00,258.460835111247
"1759",2020-10-06 08:30:00,258.460835111247
"1760",2020-10-06 08:35:00,258.463882962511
"1761",2020-10-06 08:40:00,258.463882962511
"1762",2020-10-06 08:45:00,258.460835111247
"1763",2020-10-06 08:50:00,258.460835111247
"1764",2020-10-06 08:55:00,258.460835111247
"1765",2020-10-06 09:00:00,258.460835111247
"1766",2020-10-06 09:05:00,258.460835111247
"1767",2020-10-06 09:10:00,258.460835111247
"1768",2020-10-06 09:15:00,258.460835111247
"1769",2020-10-06 09:20:00,258.460835111247
"1770",2020-10-06 09:25:00,258.463882962511
"1771",2020-10-06 09:30:00,258.460835111247
"1772",2020-10-06 09:35:00,258.463882962511
"1773",2020-10-06 09:40:00,258.463882962511
"1774",2020-10-06 09:45:00,258.463882962511
"1775",2020-10-06 09:50:00,258.460835111247
"1776",2020-10-06 09:55:00,258.460835111247
"1777",2020-10-06 10:00:00,258.460835111247
"1778",2020-10-06 10:05:00,258.460835111247
"1779",2020-10-06 10:10:00,258.460835111247
"1780",2020-10-06 10:15:00,258.460835111247
"1781",2020-10-06 10:20:00,258.460835111247
"1782",2020-10-06 10:25:00,258.460835111247
"1783",2020-10-06 10:30:00,258.460835111247
"1784",2020-10-06 10:35:00,258.460835111247
"1785",2020-10-06 10:40:00,258.460835111247
"1786",2020-10-06 10:45:00,258.460835111247
"1787",2020-10-06 10:50:00,258.460835111247
"1788",2020-10-06 10:55:00,258.460835111247
"1789",2020-10-06 11:00:00,258.460835111247
"1790",2020-10-06 11:05:00,258.460835111247
"1791",2020-10-06 11:10:00,258.460835111247
"1792",2020-10-06 11:15:00,258.460835111247
"1793",2020-10-06 11:20:00,258.460835111247
"1794",2020-10-06 11:25:00,258.460835111247
"1795",2020-10-06 11:30:00,258.460835111247
"1796",2020-10-06 11:35:00,258.460835111247
"1797",2020-10-06 11:40:00,258.460835111247
"1798",2020-10-06 11:45:00,258.460835111247
"1799",2020-10-06 11:50:00,258.460835111247
"1800",2020-10-06 11:55:00,258.460835111247
"1801",2020-10-06 12:00:00,258.460835111247
"1802",2020-10-06 12:05:00,258.460835111247
"1803",2020-10-06 12:10:00,258.460835111247
"1804",2020-10-06 12:15:00,258.460835111247
"1805",2020-10-06 12:20:00,258.460835111247
"1806",2020-10-06 12:25:00,258.460835111247
"1807",2020-10-06 12:30:00,258.460835111247
"1808",2020-10-06 12:35:00,258.460835111247
"1809",2020-10-06 12:40:00,258.460835111247
"1810",2020-10-06 12:45:00,258.460835111247
"1811",2020-10-06 12:50:00,258.460835111247
"1812",2020-10-06 12:55:00,258.460835111247
"1813",2020-10-06 13:00:00,258.460835111247
"1814",2020-10-06 13:05:00,258.460835111247
"1815",2020-10-06 13:10:00,258.460835111247
"1816",2020-10-06 13:15:00,258.460835111247
"1817",2020-10-06 13:20:00,258.460835111247
"1818",2020-10-06 13:25:00,258.460835111247
"1819",2020-10-06 13:30:00,258.460835111247
"1820",2020-10-06 13:35:00,258.460835111247
"1821",2020-10-06 13:40:00,258.460835111247
"1822",2020-10-06 13:45:00,258.460835111247
"1823",2020-10-06 13:50:00,258.460835111247
"1824",2020-10-06 13:55:00,258.460835111247
"1825",2020-10-06 14:00:00,258.460835111247
"1826",2020-10-06 14:05:00,258.460835111247
"1827",2020-10-06 14:10:00,258.460835111247
"1828",2020-10-06 14:15:00,258.460835111247
"1829",2020-10-06 14:20:00,258.460835111247
"1830",2020-10-06 14:25:00,258.460835111247
"1831",2020-10-06 14:30:00,258.460835111247
"1832",2020-10-06 14:35:00,258.460835111247
"1833",2020-10-06 14:40:00,258.460835111247
"1834",2020-10-06 14:45:00,258.460835111247
"1835",2020-10-06 14:50:00,258.460835111247
"1836",2020-10-06 14:55:00,258.460835111247
"1837",2020-10-06 15:00:00,258.460835111247
"1838",2020-10-06 15:05:00,258.460835111247
"1839",2020-10-06 15:10:00,258.460835111247
"1840",2020-10-06 15:15:00,258.460835111247
"1841",2020-10-06 15:20:00,258.460835111247
"1842",2020-10-06 15:25:00,258.460835111247
"1843",2020-10-06 15:30:00,258.460835111247
"1844",2020-10-06 15:35:00,258.460835111247
"1845",2020-10-06 15:40:00,258.460835111247
"1846",2020-10-06 15:45:00,258.460835111247
"1847",2020-10-06 15:50:00,258.460835111247
"1848",2020-10-06 15:55:00,258.460835111247
"1849",2020-10-06 16:00:00,258.460835111247
"1850",2020-10-06 16:05:00,258.460835111247
"1851",2020-10-06 16:10:00,258.460835111247
"1852",2020-10-06 16:15:00,258.460835111247
"1853",2020-10-06 16:20:00,258.460835111247
"1854",2020-10-06 16:25:00,258.460835111247
"1855",2020-10-06 16:30:00,258.460835111247
"1856",2020-10-06 16:35:00,258.460835111247
"1857",2020-10-06 16:40:00,258.460835111247
"1858",2020-10-06 16:45:00,258.460835111247
"1859",2020-10-06 16:50:00,258.460835111247
"1860",2020-10-06 16:55:00,258.460835111247
"1861",2020-10-06 17:00:00,258.460835111247
"1862",2020-10-06 17:05:00,258.460835111247
"1863",2020-10-06 17:10:00,258.460835111247
"1864",2020-10-06 17:15:00,258.460835111247
"1865",2020-10-06 17:20:00,258.463882962511
"1866",2020-10-06 17:25:00,258.463882962511
"1867",2020-10-06 17:30:00,258.463882962511
"1868",2020-10-06 17:35:00,258.463882962511
"1869",2020-10-06 17:40:00,258.463882962511
"1870",2020-10-06 17:45:00,258.463882962511
"1871",2020-10-06 17:50:00,258.463882962511
"1872",2020-10-06 17:55:00,258.463882962511
"1873",2020-10-06 18:00:00,258.466930813776
"1874",2020-10-06 18:05:00,258.463882962511
"1875",2020-10-06 18:10:00,258.463882962511
"1876",2020-10-06 18:15:00,258.463882962511
"1877",2020-10-06 18:20:00,258.463882962511
"1878",2020-10-06 18:25:00,258.463882962511
"1879",2020-10-06 18:30:00,258.466930813776
"1880",2020-10-06 18:35:00,258.463882962511
"1881",2020-10-06 18:40:00,258.463882962511
"1882",2020-10-06 18:45:00,258.463882962511
"1883",2020-10-06 18:50:00,258.463882962511
"1884",2020-10-06 18:55:00,258.463882962511
"1885",2020-10-06 19:00:00,258.466930813776
"1886",2020-10-06 19:05:00,258.463882962511
"1887",2020-10-06 19:10:00,258.463882962511
"1888",2020-10-06 19:15:00,258.463882962511
"1889",2020-10-06 19:20:00,258.463882962511
"1890",2020-10-06 19:25:00,258.463882962511
"1891",2020-10-06 19:30:00,258.466930813776
"1892",2020-10-06 19:35:00,258.466930813776
"1893",2020-10-06 19:40:00,258.466930813776
"1894",2020-10-06 19:45:00,258.466930813776
"1895",2020-10-06 19:50:00,258.466930813776
"1896",2020-10-06 19:55:00,258.463882962511
"1897",2020-10-06 20:00:00,258.463882962511
"1898",2020-10-06 20:05:00,258.469978665041
"1899",2020-10-06 20:10:00,258.466930813776
"1900",2020-10-06 20:15:00,258.466930813776
"1901",2020-10-06 20:20:00,258.466930813776
"1902",2020-10-06 20:25:00,258.463882962511
"1903",2020-10-06 20:30:00,258.466930813776
"1904",2020-10-06 20:35:00,258.466930813776
"1905",2020-10-06 20:40:00,258.466930813776
"1906",2020-10-06 20:45:00,258.466930813776
"1907",2020-10-06 20:50:00,258.466930813776
"1908",2020-10-06 20:55:00,258.463882962511
"1909",2020-10-06 21:00:00,258.466930813776
"1910",2020-10-06 21:05:00,258.466930813776
"1911",2020-10-06 21:10:00,258.466930813776
"1912",2020-10-06 21:15:00,258.466930813776
"1913",2020-10-06 21:20:00,258.466930813776
"1914",2020-10-06 21:25:00,258.466930813776
"1915",2020-10-06 21:30:00,258.466930813776
"1916",2020-10-06 21:35:00,258.466930813776
"1917",2020-10-06 21:40:00,258.463882962511
"1918",2020-10-06 21:45:00,258.466930813776
"1919",2020-10-06 21:50:00,258.466930813776
"1920",2020-10-06 21:55:00,258.466930813776
"1921",2020-10-06 22:00:00,258.466930813776
"1922",2020-10-06 22:05:00,258.463882962511
"1923",2020-10-06 22:10:00,258.463882962511
"1924",2020-10-06 22:15:00,258.463882962511
"1925",2020-10-06 22:20:00,258.466930813776
"1926",2020-10-06 22:25:00,258.466930813776
"1927",2020-10-06 22:30:00,258.463882962511
"1928",2020-10-06 22:35:00,258.466930813776
"1929",2020-10-06 22:40:00,258.463882962511
"1930",2020-10-06 22:45:00,258.466930813776
"1931",2020-10-06 22:50:00,258.463882962511
"1932",2020-10-06 22:55:00,258.463882962511
"1933",2020-10-06 23:00:00,258.466930813776
"1934",2020-10-06 23:05:00,258.463882962511
"1935",2020-10-06 23:10:00,258.466930813776
"1936",2020-10-06 23:15:00,258.463882962511
"1937",2020-10-06 23:20:00,258.463882962511
"1938",2020-10-06 23:25:00,258.466930813776
"1939",2020-10-06 23:30:00,258.466930813776
"1940",2020-10-06 23:35:00,258.463882962511
"1941",2020-10-06 23:40:00,258.463882962511
"1942",2020-10-06 23:45:00,258.463882962511
"1943",2020-10-06 23:50:00,258.463882962511
"1944",2020-10-06 23:55:00,258.463882962511
"1945",2020-10-07 00:00:00,258.463882962511
"1946",2020-10-07 00:05:00,258.463882962511
"1947",2020-10-07 00:10:00,258.463882962511
"1948",2020-10-07 00:15:00,258.463882962511
"1949",2020-10-07 00:20:00,258.463882962511
"1950",2020-10-07 00:25:00,258.463882962511
"1951",2020-10-07 00:30:00,258.463882962511
"1952",2020-10-07 00:35:00,258.463882962511
"1953",2020-10-07 00:40:00,258.463882962511
"1954",2020-10-07 00:45:00,258.463882962511
"1955",2020-10-07 00:50:00,258.463882962511
"1956",2020-10-07 00:55:00,258.463882962511
"1957",2020-10-07 01:00:00,258.463882962511
"1958",2020-10-07 01:05:00,258.463882962511
"1959",2020-10-07 01:10:00,258.463882962511
"1960",2020-10-07 01:15:00,258.463882962511
"1961",2020-10-07 01:20:00,258.463882962511
"1962",2020-10-07 01:25:00,258.463882962511
"1963",2020-10-07 01:30:00,258.463882962511
"1964",2020-10-07 01:35:00,258.463882962511
"1965",2020-10-07 01:40:00,258.463882962511
"1966",2020-10-07 01:45:00,258.463882962511
"1967",2020-10-07 01:50:00,258.463882962511
"1968",2020-10-07 01:55:00,258.463882962511
"1969",2020-10-07 02:00:00,258.463882962511
"1970",2020-10-07 02:05:00,258.463882962511
"1971",2020-10-07 02:10:00,258.463882962511
"1972",2020-10-07 02:15:00,258.463882962511
"1973",2020-10-07 02:20:00,258.466930813776
"1974",2020-10-07 02:25:00,258.463882962511
"1975",2020-10-07 02:30:00,258.463882962511
"1976",2020-10-07 02:35:00,258.463882962511
"1977",2020-10-07 02:40:00,258.463882962511
"1978",2020-10-07 02:45:00,258.463882962511
"1979",2020-10-07 02:50:00,258.463882962511
"1980",2020-10-07 02:55:00,258.466930813776
"1981",2020-10-07 03:00:00,258.463882962511
"1982",2020-10-07 03:05:00,258.463882962511
"1983",2020-10-07 03:10:00,258.463882962511
"1984",2020-10-07 03:15:00,258.463882962511
"1985",2020-10-07 03:20:00,258.463882962511
"1986",2020-10-07 03:25:00,258.466930813776
"1987",2020-10-07 03:30:00,258.463882962511
"1988",2020-10-07 03:35:00,258.463882962511
"1989",2020-10-07 03:40:00,258.463882962511
"1990",2020-10-07 03:45:00,258.463882962511
"1991",2020-10-07 03:50:00,258.466930813776
"1992",2020-10-07 03:55:00,258.463882962511
"1993",2020-10-07 04:00:00,258.466930813776
"1994",2020-10-07 04:05:00,258.466930813776
"1995",2020-10-07 04:10:00,258.466930813776
"1996",2020-10-07 04:15:00,258.466930813776
"1997",2020-10-07 04:20:00,258.463882962511
"1998",2020-10-07 04:25:00,258.466930813776
"1999",2020-10-07 04:30:00,258.469978665041
"2000",2020-10-07 04:35:00,258.469978665041
"2001",2020-10-07 04:40:00,258.466930813776
"2002",2020-10-07 04:45:00,258.466930813776
"2003",2020-10-07 04:50:00,258.466930813776
"2004",2020-10-07 04:55:00,258.466930813776
"2005",2020-10-07 05:00:00,258.466930813776
"2006",2020-10-07 05:05:00,258.466930813776
"2007",2020-10-07 05:10:00,258.466930813776
"2008",2020-10-07 05:15:00,258.466930813776
"2009",2020-10-07 05:20:00,258.469978665041
"2010",2020-10-07 05:25:00,258.466930813776
"2011",2020-10-07 05:30:00,258.466930813776
"2012",2020-10-07 05:35:00,258.466930813776
"2013",2020-10-07 05:40:00,258.466930813776
"2014",2020-10-07 05:45:00,258.466930813776
"2015",2020-10-07 05:50:00,258.466930813776
"2016",2020-10-07 05:55:00,258.466930813776
"2017",2020-10-07 06:00:00,258.466930813776
"2018",2020-10-07 06:05:00,258.466930813776
"2019",2020-10-07 06:10:00,258.466930813776
"2020",2020-10-07 06:15:00,258.466930813776
"2021",2020-10-07 06:20:00,258.463882962511
"2022",2020-10-07 06:25:00,258.463882962511
"2023",2020-10-07 06:30:00,258.460835111247
"2024",2020-10-07 06:35:00,258.460835111247
"2025",2020-10-07 06:40:00,258.463882962511
"2026",2020-10-07 06:45:00,258.463882962511
"2027",2020-10-07 06:50:00,258.463882962511
"2028",2020-10-07 06:55:00,258.463882962511
"2029",2020-10-07 07:00:00,258.463882962511
"2030",2020-10-07 07:05:00,258.463882962511
"2031",2020-10-07 07:10:00,258.463882962511
"2032",2020-10-07 07:15:00,258.463882962511
"2033",2020-10-07 07:20:00,258.463882962511
"2034",2020-10-07 07:25:00,258.463882962511
"2035",2020-10-07 07:30:00,258.463882962511
"2036",2020-10-07 07:35:00,258.463882962511
"2037",2020-10-07 07:40:00,258.463882962511
"2038",2020-10-07 07:45:00,258.463882962511
"2039",2020-10-07 07:50:00,258.463882962511
"2040",2020-10-07 07:55:00,258.463882962511
"2041",2020-10-07 08:00:00,258.463882962511
"2042",2020-10-07 08:05:00,258.463882962511
"2043",2020-10-07 08:10:00,258.463882962511
"2044",2020-10-07 08:15:00,258.463882962511
"2045",2020-10-07 08:20:00,258.463882962511
"2046",2020-10-07 08:25:00,258.463882962511
"2047",2020-10-07 08:30:00,258.463882962511
"2048",2020-10-07 08:35:00,258.463882962511
"2049",2020-10-07 08:40:00,258.463882962511
"2050",2020-10-07 08:45:00,258.463882962511
"2051",2020-10-07 08:50:00,258.460835111247
"2052",2020-10-07 08:55:00,258.460835111247
"2053",2020-10-07 09:00:00,258.460835111247
"2054",2020-10-07 09:05:00,258.460835111247
"2055",2020-10-07 09:10:00,258.463882962511
"2056",2020-10-07 09:15:00,258.460835111247
"2057",2020-10-07 09:20:00,258.460835111247
"2058",2020-10-07 09:25:00,258.460835111247
"2059",2020-10-07 09:30:00,258.460835111247
"2060",2020-10-07 09:35:00,258.460835111247
"2061",2020-10-07 09:40:00,258.460835111247
"2062",2020-10-07 09:45:00,258.463882962511
"2063",2020-10-07 09:50:00,258.460835111247
"2064",2020-10-07 09:55:00,258.463882962511
"2065",2020-10-07 10:00:00,258.460835111247
"2066",2020-10-07 10:05:00,258.460835111247
"2067",2020-10-07 10:10:00,258.460835111247
"2068",2020-10-07 10:15:00,258.460835111247
"2069",2020-10-07 10:20:00,258.460835111247
"2070",2020-10-07 10:25:00,258.463882962511
"2071",2020-10-07 10:30:00,258.460835111247
"2072",2020-10-07 10:35:00,258.463882962511
"2073",2020-10-07 10:40:00,258.463882962511
"2074",2020-10-07 10:45:00,258.463882962511
"2075",2020-10-07 10:50:00,258.463882962511
"2076",2020-10-07 10:55:00,258.460835111247
"2077",2020-10-07 11:00:00,258.460835111247
"2078",2020-10-07 11:05:00,258.463882962511
"2079",2020-10-07 11:10:00,258.463882962511
"2080",2020-10-07 11:15:00,258.463882962511
"2081",2020-10-07 11:20:00,258.463882962511
"2082",2020-10-07 11:25:00,258.463882962511
"2083",2020-10-07 11:30:00,258.463882962511
"2084",2020-10-07 11:35:00,258.460835111247
"2085",2020-10-07 11:40:00,258.463882962511
"2086",2020-10-07 11:45:00,258.463882962511
"2087",2020-10-07 11:50:00,258.460835111247
"2088",2020-10-07 11:55:00,258.460835111247
"2089",2020-10-07 12:00:00,258.460835111247
"2090",2020-10-07 12:05:00,258.463882962511
"2091",2020-10-07 12:10:00,258.460835111247
"2092",2020-10-07 12:15:00,258.460835111247
"2093",2020-10-07 12:20:00,258.460835111247
"2094",2020-10-07 12:25:00,258.460835111247
"2095",2020-10-07 12:30:00,258.460835111247
"2096",2020-10-07 12:35:00,258.460835111247
"2097",2020-10-07 12:40:00,258.460835111247
"2098",2020-10-07 12:45:00,258.460835111247
"2099",2020-10-07 12:50:00,258.460835111247
"2100",2020-10-07 12:55:00,258.460835111247
"2101",2020-10-07 13:00:00,258.460835111247
"2102",2020-10-07 13:05:00,258.460835111247
"2103",2020-10-07 13:10:00,258.460835111247
"2104",2020-10-07 13:15:00,258.460835111247
"2105",2020-10-07 13:20:00,258.460835111247
"2106",2020-10-07 13:25:00,258.460835111247
"2107",2020-10-07 13:30:00,258.460835111247
"2108",2020-10-07 13:35:00,258.460835111247
"2109",2020-10-07 13:40:00,258.463882962511
"2110",2020-10-07 13:45:00,258.460835111247
"2111",2020-10-07 13:50:00,258.460835111247
"2112",2020-10-07 13:55:00,258.463882962511
"2113",2020-10-07 14:00:00,258.460835111247
"2114",2020-10-07 14:05:00,258.460835111247
"2115",2020-10-07 14:10:00,258.460835111247
"2116",2020-10-07 14:15:00,258.460835111247
"2117",2020-10-07 14:20:00,258.460835111247
"2118",2020-10-07 14:25:00,258.460835111247
"2119",2020-10-07 14:30:00,258.460835111247
"2120",2020-10-07 14:35:00,258.460835111247
"2121",2020-10-07 14:40:00,258.460835111247
"2122",2020-10-07 14:45:00,258.460835111247
"2123",2020-10-07 14:50:00,258.463882962511
"2124",2020-10-07 14:55:00,258.460835111247
"2125",2020-10-07 15:00:00,258.460835111247
"2126",2020-10-07 15:05:00,258.460835111247
"2127",2020-10-07 15:10:00,258.460835111247
"2128",2020-10-07 15:15:00,258.460835111247
"2129",2020-10-07 15:20:00,258.460835111247
"2130",2020-10-07 15:25:00,258.460835111247
"2131",2020-10-07 15:30:00,258.463882962511
"2132",2020-10-07 15:35:00,258.460835111247
"2133",2020-10-07 15:40:00,258.463882962511
"2134",2020-10-07 15:45:00,258.460835111247
"2135",2020-10-07 15:50:00,258.460835111247
"2136",2020-10-07 15:55:00,258.460835111247
"2137",2020-10-07 16:00:00,258.460835111247
"2138",2020-10-07 16:05:00,258.460835111247
"2139",2020-10-07 16:10:00,258.460835111247
"2140",2020-10-07 16:15:00,258.460835111247
"2141",2020-10-07 16:20:00,258.460835111247
"2142",2020-10-07 16:25:00,258.460835111247
"2143",2020-10-07 16:30:00,258.460835111247
"2144",2020-10-07 16:35:00,258.460835111247
"2145",2020-10-07 16:40:00,258.460835111247
"2146",2020-10-07 16:45:00,258.463882962511
"2147",2020-10-07 16:50:00,258.460835111247
"2148",2020-10-07 16:55:00,258.463882962511
"2149",2020-10-07 17:00:00,258.460835111247
"2150",2020-10-07 17:05:00,258.463882962511
"2151",2020-10-07 17:10:00,258.460835111247
"2152",2020-10-07 17:15:00,258.460835111247
"2153",2020-10-07 17:20:00,258.460835111247
"2154",2020-10-07 17:25:00,258.460835111247
"2155",2020-10-07 17:30:00,258.463882962511
"2156",2020-10-07 17:35:00,258.460835111247
"2157",2020-10-07 17:40:00,258.463882962511
"2158",2020-10-07 17:45:00,258.460835111247
"2159",2020-10-07 17:50:00,258.463882962511
"2160",2020-10-07 17:55:00,258.463882962511
"2161",2020-10-07 18:00:00,258.463882962511
"2162",2020-10-07 18:05:00,258.463882962511
"2163",2020-10-07 18:10:00,258.460835111247
"2164",2020-10-07 18:15:00,258.460835111247
"2165",2020-10-07 18:20:00,258.460835111247
"2166",2020-10-07 18:25:00,258.460835111247
"2167",2020-10-07 18:30:00,258.460835111247
"2168",2020-10-07 18:35:00,258.460835111247
"2169",2020-10-07 18:40:00,258.463882962511
"2170",2020-10-07 18:45:00,258.460835111247
"2171",2020-10-07 18:50:00,258.460835111247
"2172",2020-10-07 18:55:00,258.463882962511
"2173",2020-10-07 19:00:00,258.460835111247
"2174",2020-10-07 19:05:00,258.463882962511
"2175",2020-10-07 19:10:00,258.460835111247
"2176",2020-10-07 19:15:00,258.460835111247
"2177",2020-10-07 19:20:00,258.460835111247
"2178",2020-10-07 19:25:00,258.463882962511
"2179",2020-10-07 19:30:00,258.460835111247
"2180",2020-10-07 19:35:00,258.460835111247
"2181",2020-10-07 19:40:00,258.463882962511
"2182",2020-10-07 19:45:00,258.463882962511
"2183",2020-10-07 19:50:00,258.463882962511
"2184",2020-10-07 19:55:00,258.460835111247
"2185",2020-10-07 20:00:00,258.460835111247
"2186",2020-10-07 20:05:00,258.463882962511
"2187",2020-10-07 20:10:00,258.460835111247
"2188",2020-10-07 20:15:00,258.460835111247
"2189",2020-10-07 20:20:00,258.463882962511
"2190",2020-10-07 20:25:00,258.463882962511
"2191",2020-10-07 20:30:00,258.463882962511
"2192",2020-10-07 20:35:00,258.463882962511
"2193",2020-10-07 20:40:00,258.463882962511
"2194",2020-10-07 20:45:00,258.463882962511
"2195",2020-10-07 20:50:00,258.463882962511
"2196",2020-10-07 20:55:00,258.463882962511
"2197",2020-10-07 21:00:00,258.463882962511
"2198",2020-10-07 21:05:00,258.463882962511
"2199",2020-10-07 21:10:00,258.466930813776
"2200",2020-10-07 21:15:00,258.463882962511
"2201",2020-10-07 21:20:00,258.463882962511
"2202",2020-10-07 21:25:00,258.466930813776
"2203",2020-10-07 21:30:00,258.463882962511
"2204",2020-10-07 21:35:00,258.463882962511
"2205",2020-10-07 21:40:00,258.463882962511
"2206",2020-10-07 21:45:00,258.463882962511
"2207",2020-10-07 21:50:00,258.463882962511
"2208",2020-10-07 21:55:00,258.463882962511
"2209",2020-10-07 22:00:00,258.463882962511
