"","date","temp"
"1",2020-09-30 06:00:00,15.0611111111111
"2",2020-09-30 06:05:00,15.05
"3",2020-09-30 06:10:00,15.05
"4",2020-09-30 06:15:00,15.0388888888889
"5",2020-09-30 06:20:00,15.0277777777778
"6",2020-09-30 06:25:00,15.0388888888889
"7",2020-09-30 06:30:00,15.0388888888889
"8",2020-09-30 06:35:00,15.0277777777778
"9",2020-09-30 06:40:00,15.0222222222222
"10",2020-09-30 06:45:00,15.0222222222222
"11",2020-09-30 06:50:00,15.0111111111111
"12",2020-09-30 06:55:00,15.0111111111111
"13",2020-09-30 07:00:00,15.0111111111111
"14",2020-09-30 07:05:00,15.0222222222222
"15",2020-09-30 07:10:00,15.0277777777778
"16",2020-09-30 07:15:00,15.0222222222222
"17",2020-09-30 07:20:00,15.0111111111111
"18",2020-09-30 07:25:00,15.0111111111111
"19",2020-09-30 07:30:00,15.0111111111111
"20",2020-09-30 07:35:00,15.0222222222222
"21",2020-09-30 07:40:00,15.0222222222222
"22",2020-09-30 07:45:00,15.0111111111111
"23",2020-09-30 07:50:00,15.0111111111111
"24",2020-09-30 07:55:00,15.0222222222222
"25",2020-09-30 08:00:00,15.0222222222222
"26",2020-09-30 08:05:00,15.0111111111111
"27",2020-09-30 08:10:00,15
"28",2020-09-30 08:15:00,15.0111111111111
"29",2020-09-30 08:20:00,15
"30",2020-09-30 08:25:00,15
"31",2020-09-30 08:30:00,14.9888888888889
"32",2020-09-30 08:35:00,14.9777777777778
"33",2020-09-30 08:40:00,14.9777777777778
"34",2020-09-30 08:45:00,14.9611111111111
"35",2020-09-30 08:50:00,14.9611111111111
"36",2020-09-30 08:55:00,14.9611111111111
"37",2020-09-30 09:00:00,14.95
"38",2020-09-30 09:05:00,14.9388888888889
"39",2020-09-30 09:10:00,14.9388888888889
"40",2020-09-30 09:15:00,14.9277777777778
"41",2020-09-30 09:20:00,14.9277777777778
"42",2020-09-30 09:25:00,14.9222222222222
"43",2020-09-30 09:30:00,14.9
"44",2020-09-30 09:35:00,14.8888888888889
"45",2020-09-30 09:40:00,14.8777777777778
"46",2020-09-30 09:45:00,14.8611111111111
"47",2020-09-30 09:50:00,14.85
"48",2020-09-30 09:55:00,14.85
"49",2020-09-30 10:00:00,14.8388888888889
"50",2020-09-30 10:05:00,14.8388888888889
"51",2020-09-30 10:10:00,14.8277777777778
"52",2020-09-30 10:15:00,14.8222222222222
"53",2020-09-30 10:20:00,14.8111111111111
"54",2020-09-30 10:25:00,14.8111111111111
"55",2020-09-30 10:30:00,14.8
"56",2020-09-30 10:35:00,14.7888888888889
"57",2020-09-30 10:40:00,14.7777777777778
"58",2020-09-30 10:45:00,14.7722222222222
"59",2020-09-30 10:50:00,14.7611111111111
"60",2020-09-30 10:55:00,14.7388888888889
"61",2020-09-30 11:00:00,14.7277777777778
"62",2020-09-30 11:05:00,14.7277777777778
"63",2020-09-30 11:10:00,14.7277777777778
"64",2020-09-30 11:15:00,14.7277777777778
"65",2020-09-30 11:20:00,14.7277777777778
"66",2020-09-30 11:25:00,14.7111111111111
"67",2020-09-30 11:30:00,14.7
"68",2020-09-30 11:35:00,14.7
"69",2020-09-30 11:40:00,14.6888888888889
"70",2020-09-30 11:45:00,14.6777777777778
"71",2020-09-30 11:50:00,14.6722222222222
"72",2020-09-30 11:55:00,14.6722222222222
"73",2020-09-30 12:00:00,14.6611111111111
"74",2020-09-30 12:05:00,14.65
"75",2020-09-30 12:10:00,14.6388888888889
"76",2020-09-30 12:15:00,14.6277777777778
"77",2020-09-30 12:20:00,14.6111111111111
"78",2020-09-30 12:25:00,14.6
"79",2020-09-30 12:30:00,14.6
"80",2020-09-30 12:35:00,14.5888888888889
"81",2020-09-30 12:40:00,14.5777777777778
"82",2020-09-30 12:45:00,14.5777777777778
"83",2020-09-30 12:50:00,14.5777777777778
"84",2020-09-30 12:55:00,14.5777777777778
"85",2020-09-30 13:00:00,14.5777777777778
"86",2020-09-30 13:05:00,14.5722222222222
"87",2020-09-30 13:10:00,14.5722222222222
"88",2020-09-30 13:15:00,14.5611111111111
"89",2020-09-30 13:20:00,14.55
"90",2020-09-30 13:25:00,14.5611111111111
"91",2020-09-30 13:30:00,14.5722222222222
"92",2020-09-30 13:35:00,14.5777777777778
"93",2020-09-30 13:40:00,14.5888888888889
"94",2020-09-30 13:45:00,14.5777777777778
"95",2020-09-30 13:50:00,14.5777777777778
"96",2020-09-30 13:55:00,14.5777777777778
"97",2020-09-30 14:00:00,14.5888888888889
"98",2020-09-30 14:05:00,14.5888888888889
"99",2020-09-30 14:10:00,14.5777777777778
"100",2020-09-30 14:15:00,14.5777777777778
"101",2020-09-30 14:20:00,14.5777777777778
"102",2020-09-30 14:25:00,14.5888888888889
"103",2020-09-30 14:30:00,14.5888888888889
"104",2020-09-30 14:35:00,14.5888888888889
"105",2020-09-30 14:40:00,14.5722222222222
"106",2020-09-30 14:45:00,14.5722222222222
"107",2020-09-30 14:50:00,14.5722222222222
"108",2020-09-30 14:55:00,14.5722222222222
"109",2020-09-30 15:00:00,14.5777777777778
"110",2020-09-30 15:05:00,14.5777777777778
"111",2020-09-30 15:10:00,14.5722222222222
"112",2020-09-30 15:15:00,14.5722222222222
"113",2020-09-30 15:20:00,14.5722222222222
"114",2020-09-30 15:25:00,14.5611111111111
"115",2020-09-30 15:30:00,14.5611111111111
"116",2020-09-30 15:35:00,14.5722222222222
"117",2020-09-30 15:40:00,14.5611111111111
"118",2020-09-30 15:45:00,14.5722222222222
"119",2020-09-30 15:50:00,14.5722222222222
"120",2020-09-30 15:55:00,14.5722222222222
"121",2020-09-30 16:00:00,14.5611111111111
"122",2020-09-30 16:05:00,14.55
"123",2020-09-30 16:10:00,14.55
"124",2020-09-30 16:15:00,14.55
"125",2020-09-30 16:20:00,14.55
"126",2020-09-30 16:25:00,14.5611111111111
"127",2020-09-30 16:30:00,14.5722222222222
"128",2020-09-30 16:35:00,14.5722222222222
"129",2020-09-30 16:40:00,14.5611111111111
"130",2020-09-30 16:45:00,14.5611111111111
"131",2020-09-30 16:50:00,14.5611111111111
"132",2020-09-30 16:55:00,14.55
"133",2020-09-30 17:00:00,14.5388888888889
"134",2020-09-30 17:05:00,14.5277777777778
"135",2020-09-30 17:10:00,14.5111111111111
"136",2020-09-30 17:15:00,14.5111111111111
"137",2020-09-30 17:20:00,14.5
"138",2020-09-30 17:25:00,14.4888888888889
"139",2020-09-30 17:30:00,14.4888888888889
"140",2020-09-30 17:35:00,14.4777777777778
"141",2020-09-30 17:40:00,14.4611111111111
"142",2020-09-30 17:45:00,14.45
"143",2020-09-30 17:50:00,14.4388888888889
"144",2020-09-30 17:55:00,14.4277777777778
"145",2020-09-30 18:00:00,14.4277777777778
"146",2020-09-30 18:05:00,14.4277777777778
"147",2020-09-30 18:10:00,14.4388888888889
"148",2020-09-30 18:15:00,14.4277777777778
"149",2020-09-30 18:20:00,14.4222222222222
"150",2020-09-30 18:25:00,14.4111111111111
"151",2020-09-30 18:30:00,14.4222222222222
"152",2020-09-30 18:35:00,14.45
"153",2020-09-30 18:40:00,14.4611111111111
"154",2020-09-30 18:45:00,14.4722222222222
"155",2020-09-30 18:50:00,14.5
"156",2020-09-30 18:55:00,14.5277777777778
"157",2020-09-30 19:00:00,14.55
"158",2020-09-30 19:05:00,14.5777777777778
"159",2020-09-30 19:10:00,14.6111111111111
"160",2020-09-30 19:15:00,14.6277777777778
"161",2020-09-30 19:20:00,14.6388888888889
"162",2020-09-30 19:25:00,14.6388888888889
"163",2020-09-30 19:30:00,14.6611111111111
"164",2020-09-30 19:35:00,14.6722222222222
"165",2020-09-30 19:40:00,14.6777777777778
"166",2020-09-30 19:45:00,14.6888888888889
"167",2020-09-30 19:50:00,14.7
"168",2020-09-30 19:55:00,14.7222222222222
"169",2020-09-30 20:00:00,14.7277777777778
"170",2020-09-30 20:05:00,14.7388888888889
"171",2020-09-30 20:10:00,14.7611111111111
"172",2020-09-30 20:15:00,14.7611111111111
"173",2020-09-30 20:20:00,14.7611111111111
"174",2020-09-30 20:25:00,14.75
"175",2020-09-30 20:30:00,14.75
"176",2020-09-30 20:35:00,14.75
"177",2020-09-30 20:40:00,14.7722222222222
"178",2020-09-30 20:45:00,14.7777777777778
"179",2020-09-30 20:50:00,14.8222222222222
"180",2020-09-30 20:55:00,14.85
"181",2020-09-30 21:00:00,14.8722222222222
"182",2020-09-30 21:05:00,14.8777777777778
"183",2020-09-30 21:10:00,14.8888888888889
"184",2020-09-30 21:15:00,14.8777777777778
"185",2020-09-30 21:20:00,14.8777777777778
"186",2020-09-30 21:25:00,14.8888888888889
"187",2020-09-30 21:30:00,14.8888888888889
"188",2020-09-30 21:35:00,14.9222222222222
"189",2020-09-30 21:40:00,14.9222222222222
"190",2020-09-30 21:45:00,14.9111111111111
"191",2020-09-30 21:50:00,14.9222222222222
"192",2020-09-30 21:55:00,14.9222222222222
"193",2020-09-30 22:00:00,14.9111111111111
"194",2020-09-30 22:05:00,14.9
"195",2020-09-30 22:10:00,14.9
"196",2020-09-30 22:15:00,14.8888888888889
"197",2020-09-30 22:20:00,14.8611111111111
"198",2020-09-30 22:25:00,14.8388888888889
"199",2020-09-30 22:30:00,14.8277777777778
"200",2020-09-30 22:35:00,14.8277777777778
"201",2020-09-30 22:40:00,14.8222222222222
"202",2020-09-30 22:45:00,14.8111111111111
"203",2020-09-30 22:50:00,14.7888888888889
"204",2020-09-30 22:55:00,14.7888888888889
"205",2020-09-30 23:00:00,14.7888888888889
"206",2020-09-30 23:05:00,14.7888888888889
"207",2020-09-30 23:10:00,14.7888888888889
"208",2020-09-30 23:15:00,14.7888888888889
"209",2020-09-30 23:20:00,14.7777777777778
"210",2020-09-30 23:25:00,14.7722222222222
"211",2020-09-30 23:30:00,14.75
"212",2020-09-30 23:35:00,14.7611111111111
"213",2020-09-30 23:40:00,14.7722222222222
"214",2020-09-30 23:45:00,14.7722222222222
"215",2020-09-30 23:50:00,14.7611111111111
"216",2020-09-30 23:55:00,14.75
"217",2020-10-01 00:00:00,14.75
"218",2020-10-01 00:05:00,14.7388888888889
"219",2020-10-01 00:10:00,14.7222222222222
"220",2020-10-01 00:15:00,14.7
"221",2020-10-01 00:20:00,14.6888888888889
"222",2020-10-01 00:25:00,14.6777777777778
"223",2020-10-01 00:30:00,14.6722222222222
"224",2020-10-01 00:35:00,14.65
"225",2020-10-01 00:40:00,14.6388888888889
"226",2020-10-01 00:45:00,14.6277777777778
"227",2020-10-01 00:50:00,14.6222222222222
"228",2020-10-01 00:55:00,14.6111111111111
"229",2020-10-01 01:00:00,14.6
"230",2020-10-01 01:05:00,14.6
"231",2020-10-01 01:10:00,14.5888888888889
"232",2020-10-01 01:15:00,14.5722222222222
"233",2020-10-01 01:20:00,14.5611111111111
"234",2020-10-01 01:25:00,14.5611111111111
"235",2020-10-01 01:30:00,14.5611111111111
"236",2020-10-01 01:35:00,14.5611111111111
"237",2020-10-01 01:40:00,14.5611111111111
"238",2020-10-01 01:45:00,14.5388888888889
"239",2020-10-01 01:50:00,14.5277777777778
"240",2020-10-01 01:55:00,14.5222222222222
"241",2020-10-01 02:00:00,14.5111111111111
"242",2020-10-01 02:05:00,14.5111111111111
"243",2020-10-01 02:10:00,14.5
"244",2020-10-01 02:15:00,14.4888888888889
"245",2020-10-01 02:20:00,14.4777777777778
"246",2020-10-01 02:25:00,14.4722222222222
"247",2020-10-01 02:30:00,14.4611111111111
"248",2020-10-01 02:35:00,14.45
"249",2020-10-01 02:40:00,14.45
"250",2020-10-01 02:45:00,14.45
"251",2020-10-01 02:50:00,14.4388888888889
"252",2020-10-01 02:55:00,14.4277777777778
"253",2020-10-01 03:00:00,14.4277777777778
"254",2020-10-01 03:05:00,14.4222222222222
"255",2020-10-01 03:10:00,14.4111111111111
"256",2020-10-01 03:15:00,14.4
"257",2020-10-01 03:20:00,14.4111111111111
"258",2020-10-01 03:25:00,14.4
"259",2020-10-01 03:30:00,14.4
"260",2020-10-01 03:35:00,14.4
"261",2020-10-01 03:40:00,14.3888888888889
"262",2020-10-01 03:45:00,14.4
"263",2020-10-01 03:50:00,14.4
"264",2020-10-01 03:55:00,14.3888888888889
"265",2020-10-01 04:00:00,14.3888888888889
"266",2020-10-01 04:05:00,14.3777777777778
"267",2020-10-01 04:10:00,14.3722222222222
"268",2020-10-01 04:15:00,14.3611111111111
"269",2020-10-01 04:20:00,14.3722222222222
"270",2020-10-01 04:25:00,14.3611111111111
"271",2020-10-01 04:30:00,14.3611111111111
"272",2020-10-01 04:35:00,14.3611111111111
"273",2020-10-01 04:40:00,14.35
"274",2020-10-01 04:45:00,14.3388888888889
"275",2020-10-01 04:50:00,14.3388888888889
"276",2020-10-01 04:55:00,14.3388888888889
"277",2020-10-01 05:00:00,14.3277777777778
"278",2020-10-01 05:05:00,14.3111111111111
"279",2020-10-01 05:10:00,14.3
"280",2020-10-01 05:15:00,14.3
"281",2020-10-01 05:20:00,14.3
"282",2020-10-01 05:25:00,14.3
"283",2020-10-01 05:30:00,14.2888888888889
"284",2020-10-01 05:35:00,14.2777777777778
"285",2020-10-01 05:40:00,14.2777777777778
"286",2020-10-01 05:45:00,14.2722222222222
"287",2020-10-01 05:50:00,14.2611111111111
"288",2020-10-01 05:55:00,14.2388888888889
"289",2020-10-01 06:00:00,14.2277777777778
"290",2020-10-01 06:05:00,14.2222222222222
"291",2020-10-01 06:10:00,14.2111111111111
"292",2020-10-01 06:15:00,14.1888888888889
"293",2020-10-01 06:20:00,14.1722222222222
"294",2020-10-01 06:25:00,14.1611111111111
"295",2020-10-01 06:30:00,14.1388888888889
"296",2020-10-01 06:35:00,14.1277777777778
"297",2020-10-01 06:40:00,14.1111111111111
"298",2020-10-01 06:45:00,14.1111111111111
"299",2020-10-01 06:50:00,14.1111111111111
"300",2020-10-01 06:55:00,14.1
"301",2020-10-01 07:00:00,14.0888888888889
"302",2020-10-01 07:05:00,14.0888888888889
"303",2020-10-01 07:10:00,14.0888888888889
"304",2020-10-01 07:15:00,14.0888888888889
"305",2020-10-01 07:20:00,14.0722222222222
"306",2020-10-01 07:25:00,14.0611111111111
"307",2020-10-01 07:30:00,14.05
"308",2020-10-01 07:35:00,14.0388888888889
"309",2020-10-01 07:40:00,14.0222222222222
"310",2020-10-01 07:45:00,14.0222222222222
"311",2020-10-01 07:50:00,14.0222222222222
"312",2020-10-01 07:55:00,14.0111111111111
"313",2020-10-01 08:00:00,14.0111111111111
"314",2020-10-01 08:05:00,13.9888888888889
"315",2020-10-01 08:10:00,13.9888888888889
"316",2020-10-01 08:15:00,13.9888888888889
"317",2020-10-01 08:20:00,13.9888888888889
"318",2020-10-01 08:25:00,13.9777777777778
"319",2020-10-01 08:30:00,13.9777777777778
"320",2020-10-01 08:35:00,13.9777777777778
"321",2020-10-01 08:40:00,13.9777777777778
"322",2020-10-01 08:45:00,13.9611111111111
"323",2020-10-01 08:50:00,13.95
"324",2020-10-01 08:55:00,13.9388888888889
"325",2020-10-01 09:00:00,13.9388888888889
"326",2020-10-01 09:05:00,13.9277777777778
"327",2020-10-01 09:10:00,13.9222222222222
"328",2020-10-01 09:15:00,13.9222222222222
"329",2020-10-01 09:20:00,13.9
"330",2020-10-01 09:25:00,13.8888888888889
"331",2020-10-01 09:30:00,13.8888888888889
"332",2020-10-01 09:35:00,13.8777777777778
"333",2020-10-01 09:40:00,13.8722222222222
"334",2020-10-01 09:45:00,13.8611111111111
"335",2020-10-01 09:50:00,13.85
"336",2020-10-01 09:55:00,13.8388888888889
"337",2020-10-01 10:00:00,13.8222222222222
"338",2020-10-01 10:05:00,13.8222222222222
"339",2020-10-01 10:10:00,13.8111111111111
"340",2020-10-01 10:15:00,13.8
"341",2020-10-01 10:20:00,13.7888888888889
"342",2020-10-01 10:25:00,13.7777777777778
"343",2020-10-01 10:30:00,13.7611111111111
"344",2020-10-01 10:35:00,13.7611111111111
"345",2020-10-01 10:40:00,13.75
"346",2020-10-01 10:45:00,13.75
"347",2020-10-01 10:50:00,13.7388888888889
"348",2020-10-01 10:55:00,13.7277777777778
"349",2020-10-01 11:00:00,13.7222222222222
"350",2020-10-01 11:05:00,13.7111111111111
"351",2020-10-01 11:10:00,13.7
"352",2020-10-01 11:15:00,13.6888888888889
"353",2020-10-01 11:20:00,13.6888888888889
"354",2020-10-01 11:25:00,13.6777777777778
"355",2020-10-01 11:30:00,13.6722222222222
"356",2020-10-01 11:35:00,13.6611111111111
"357",2020-10-01 11:40:00,13.65
"358",2020-10-01 11:45:00,13.6277777777778
"359",2020-10-01 11:50:00,13.6222222222222
"360",2020-10-01 11:55:00,13.6111111111111
"361",2020-10-01 12:00:00,13.6111111111111
"362",2020-10-01 12:05:00,13.6111111111111
"363",2020-10-01 12:10:00,13.6
"364",2020-10-01 12:15:00,13.6111111111111
"365",2020-10-01 12:20:00,13.6111111111111
"366",2020-10-01 12:25:00,13.6111111111111
"367",2020-10-01 12:30:00,13.6
"368",2020-10-01 12:35:00,13.6
"369",2020-10-01 12:40:00,13.5888888888889
"370",2020-10-01 12:45:00,13.5777777777778
"371",2020-10-01 12:50:00,13.5722222222222
"372",2020-10-01 12:55:00,13.5611111111111
"373",2020-10-01 13:00:00,13.55
"374",2020-10-01 13:05:00,13.5388888888889
"375",2020-10-01 13:10:00,13.5277777777778
"376",2020-10-01 13:15:00,13.5222222222222
"377",2020-10-01 13:20:00,13.5222222222222
"378",2020-10-01 13:25:00,13.5111111111111
"379",2020-10-01 13:30:00,13.5
"380",2020-10-01 13:35:00,13.5
"381",2020-10-01 13:40:00,13.4888888888889
"382",2020-10-01 13:45:00,13.4777777777778
"383",2020-10-01 13:50:00,13.4722222222222
"384",2020-10-01 13:55:00,13.4611111111111
"385",2020-10-01 14:00:00,13.45
"386",2020-10-01 14:05:00,13.4388888888889
"387",2020-10-01 14:10:00,13.4277777777778
"388",2020-10-01 14:15:00,13.4277777777778
"389",2020-10-01 14:20:00,13.4222222222222
"390",2020-10-01 14:25:00,13.4222222222222
"391",2020-10-01 14:30:00,13.4222222222222
"392",2020-10-01 14:35:00,13.4111111111111
"393",2020-10-01 14:40:00,13.4111111111111
"394",2020-10-01 14:45:00,13.4
"395",2020-10-01 14:50:00,13.4
"396",2020-10-01 14:55:00,13.3888888888889
"397",2020-10-01 15:00:00,13.3777777777778
"398",2020-10-01 15:05:00,13.3722222222222
"399",2020-10-01 15:10:00,13.35
"400",2020-10-01 15:15:00,13.35
"401",2020-10-01 15:20:00,13.3611111111111
"402",2020-10-01 15:25:00,13.35
"403",2020-10-01 15:30:00,13.3388888888889
"404",2020-10-01 15:35:00,13.3388888888889
"405",2020-10-01 15:40:00,13.3388888888889
"406",2020-10-01 15:45:00,13.35
"407",2020-10-01 15:50:00,13.35
"408",2020-10-01 15:55:00,13.35
"409",2020-10-01 16:00:00,13.3611111111111
"410",2020-10-01 16:05:00,13.3611111111111
"411",2020-10-01 16:10:00,13.3722222222222
"412",2020-10-01 16:15:00,13.3888888888889
"413",2020-10-01 16:20:00,13.4
"414",2020-10-01 16:25:00,13.4111111111111
"415",2020-10-01 16:30:00,13.4277777777778
"416",2020-10-01 16:35:00,13.4388888888889
"417",2020-10-01 16:40:00,13.45
"418",2020-10-01 16:45:00,13.4611111111111
"419",2020-10-01 16:50:00,13.4722222222222
"420",2020-10-01 16:55:00,13.4722222222222
"421",2020-10-01 17:00:00,13.4777777777778
"422",2020-10-01 17:05:00,13.4888888888889
"423",2020-10-01 17:10:00,13.5111111111111
"424",2020-10-01 17:15:00,13.5277777777778
"425",2020-10-01 17:20:00,13.55
"426",2020-10-01 17:25:00,13.5722222222222
"427",2020-10-01 17:30:00,13.5888888888889
"428",2020-10-01 17:35:00,13.6
"429",2020-10-01 17:40:00,13.6111111111111
"430",2020-10-01 17:45:00,13.6277777777778
"431",2020-10-01 17:50:00,13.65
"432",2020-10-01 17:55:00,13.6611111111111
"433",2020-10-01 18:00:00,13.6722222222222
"434",2020-10-01 18:05:00,13.6777777777778
"435",2020-10-01 18:10:00,13.6888888888889
"436",2020-10-01 18:15:00,13.7
"437",2020-10-01 18:20:00,13.7222222222222
"438",2020-10-01 18:25:00,13.7388888888889
"439",2020-10-01 18:30:00,13.7388888888889
"440",2020-10-01 18:35:00,13.75
"441",2020-10-01 18:40:00,13.7722222222222
"442",2020-10-01 18:45:00,13.7777777777778
"443",2020-10-01 18:50:00,13.7888888888889
"444",2020-10-01 18:55:00,13.7888888888889
"445",2020-10-01 19:00:00,13.8
"446",2020-10-01 19:05:00,13.8
"447",2020-10-01 19:10:00,13.8
"448",2020-10-01 19:15:00,13.8111111111111
"449",2020-10-01 19:20:00,13.8388888888889
"450",2020-10-01 19:25:00,13.85
"451",2020-10-01 19:30:00,13.85
"452",2020-10-01 19:35:00,13.8611111111111
"453",2020-10-01 19:40:00,13.8722222222222
"454",2020-10-01 19:45:00,13.8777777777778
"455",2020-10-01 19:50:00,13.8888888888889
"456",2020-10-01 19:55:00,13.9111111111111
"457",2020-10-01 20:00:00,13.9277777777778
"458",2020-10-01 20:05:00,13.9611111111111
"459",2020-10-01 20:10:00,14
"460",2020-10-01 20:15:00,14.0388888888889
"461",2020-10-01 20:20:00,14.1111111111111
"462",2020-10-01 20:25:00,14.15
"463",2020-10-01 20:30:00,14.1722222222222
"464",2020-10-01 20:35:00,14.1777777777778
"465",2020-10-01 20:40:00,14.1777777777778
"466",2020-10-01 20:45:00,14.1888888888889
"467",2020-10-01 20:50:00,14.2111111111111
"468",2020-10-01 20:55:00,14.2277777777778
"469",2020-10-01 21:00:00,14.2
"470",2020-10-01 21:05:00,14.1611111111111
"471",2020-10-01 21:10:00,14.1611111111111
"472",2020-10-01 21:15:00,14.1888888888889
"473",2020-10-01 21:20:00,14.2222222222222
"474",2020-10-01 21:25:00,14.2388888888889
"475",2020-10-01 21:30:00,14.2888888888889
"476",2020-10-01 21:35:00,14.3111111111111
"477",2020-10-01 21:40:00,14.3111111111111
"478",2020-10-01 21:45:00,14.3111111111111
"479",2020-10-01 21:50:00,14.3111111111111
"480",2020-10-01 21:55:00,14.3
"481",2020-10-01 22:00:00,14.2722222222222
"482",2020-10-01 22:05:00,14.2611111111111
"483",2020-10-01 22:10:00,14.2611111111111
"484",2020-10-01 22:15:00,14.2611111111111
"485",2020-10-01 22:20:00,14.25
"486",2020-10-01 22:25:00,14.2611111111111
"487",2020-10-01 22:30:00,14.2611111111111
"488",2020-10-01 22:35:00,14.2722222222222
"489",2020-10-01 22:40:00,14.2777777777778
"490",2020-10-01 22:45:00,14.2888888888889
"491",2020-10-01 22:50:00,14.2888888888889
"492",2020-10-01 22:55:00,14.2888888888889
"493",2020-10-01 23:00:00,14.2888888888889
"494",2020-10-01 23:05:00,14.3
"495",2020-10-01 23:10:00,14.3
"496",2020-10-01 23:15:00,14.3
"497",2020-10-01 23:20:00,14.3
"498",2020-10-01 23:25:00,14.2888888888889
"499",2020-10-01 23:30:00,14.2888888888889
"500",2020-10-01 23:35:00,14.2888888888889
"501",2020-10-01 23:40:00,14.2888888888889
"502",2020-10-01 23:45:00,14.2888888888889
"503",2020-10-01 23:50:00,14.3
"504",2020-10-01 23:55:00,14.3111111111111
"505",2020-10-02 00:00:00,14.3222222222222
"506",2020-10-02 00:05:00,14.3222222222222
"507",2020-10-02 00:10:00,14.3222222222222
"508",2020-10-02 00:15:00,14.3111111111111
"509",2020-10-02 00:20:00,14.3
"510",2020-10-02 00:25:00,14.2888888888889
"511",2020-10-02 00:30:00,14.2888888888889
"512",2020-10-02 00:35:00,14.2777777777778
"513",2020-10-02 00:40:00,14.2722222222222
"514",2020-10-02 00:45:00,14.2277777777778
"515",2020-10-02 00:50:00,14.2222222222222
"516",2020-10-02 00:55:00,14.2222222222222
"517",2020-10-02 01:00:00,14.2
"518",2020-10-02 01:05:00,14.1888888888889
"519",2020-10-02 01:10:00,14.1777777777778
"520",2020-10-02 01:15:00,14.1777777777778
"521",2020-10-02 01:20:00,14.1722222222222
"522",2020-10-02 01:25:00,14.15
"523",2020-10-02 01:30:00,14.1388888888889
"524",2020-10-02 01:35:00,14.1388888888889
"525",2020-10-02 01:40:00,14.1277777777778
"526",2020-10-02 01:45:00,14.1111111111111
"527",2020-10-02 01:50:00,14.1
"528",2020-10-02 01:55:00,14.1
"529",2020-10-02 02:00:00,14.1
"530",2020-10-02 02:05:00,14.1
"531",2020-10-02 02:10:00,14.1
"532",2020-10-02 02:15:00,14.1
"533",2020-10-02 02:20:00,14.0888888888889
"534",2020-10-02 02:25:00,14.0777777777778
"535",2020-10-02 02:30:00,14.0777777777778
"536",2020-10-02 02:35:00,14.0777777777778
"537",2020-10-02 02:40:00,14.0611111111111
"538",2020-10-02 02:45:00,14.05
"539",2020-10-02 02:50:00,14.05
"540",2020-10-02 02:55:00,14.0388888888889
"541",2020-10-02 03:00:00,14.0277777777778
"542",2020-10-02 03:05:00,14.0222222222222
"543",2020-10-02 03:10:00,14.0222222222222
"544",2020-10-02 03:15:00,14.0111111111111
"545",2020-10-02 03:20:00,14.0111111111111
"546",2020-10-02 03:25:00,14.0111111111111
"547",2020-10-02 03:30:00,14.0111111111111
"548",2020-10-02 03:35:00,14.0111111111111
"549",2020-10-02 03:40:00,14.0111111111111
"550",2020-10-02 03:45:00,14
"551",2020-10-02 03:50:00,14
"552",2020-10-02 03:55:00,13.9888888888889
"553",2020-10-02 04:00:00,13.9888888888889
"554",2020-10-02 04:05:00,14
"555",2020-10-02 04:10:00,13.9888888888889
"556",2020-10-02 04:15:00,13.9888888888889
"557",2020-10-02 04:20:00,13.9777777777778
"558",2020-10-02 04:25:00,13.9777777777778
"559",2020-10-02 04:30:00,13.9722222222222
"560",2020-10-02 04:35:00,13.9722222222222
"561",2020-10-02 04:40:00,13.9722222222222
"562",2020-10-02 04:45:00,13.9611111111111
"563",2020-10-02 04:50:00,13.9388888888889
"564",2020-10-02 04:55:00,13.9277777777778
"565",2020-10-02 05:00:00,13.9277777777778
"566",2020-10-02 05:05:00,13.9222222222222
"567",2020-10-02 05:10:00,13.9222222222222
"568",2020-10-02 05:15:00,13.9222222222222
"569",2020-10-02 05:20:00,13.9111111111111
"570",2020-10-02 05:25:00,13.8888888888889
"571",2020-10-02 05:30:00,13.8777777777778
"572",2020-10-02 05:35:00,13.8777777777778
"573",2020-10-02 05:40:00,13.8722222222222
"574",2020-10-02 05:45:00,13.8611111111111
"575",2020-10-02 05:50:00,13.85
"576",2020-10-02 05:55:00,13.8277777777778
"577",2020-10-02 06:00:00,13.8111111111111
"578",2020-10-02 06:05:00,13.8
"579",2020-10-02 06:10:00,13.8111111111111
"580",2020-10-02 06:15:00,13.8
"581",2020-10-02 06:20:00,13.8
"582",2020-10-02 06:25:00,13.7888888888889
"583",2020-10-02 06:30:00,13.7777777777778
"584",2020-10-02 06:35:00,13.7722222222222
"585",2020-10-02 06:40:00,13.7611111111111
"586",2020-10-02 06:45:00,13.75
"587",2020-10-02 06:50:00,13.75
"588",2020-10-02 06:55:00,13.7277777777778
"589",2020-10-02 07:00:00,13.7222222222222
"590",2020-10-02 07:05:00,13.7111111111111
"591",2020-10-02 07:10:00,13.7
"592",2020-10-02 07:15:00,13.7
"593",2020-10-02 07:20:00,13.6888888888889
"594",2020-10-02 07:25:00,13.6777777777778
"595",2020-10-02 07:30:00,13.6611111111111
"596",2020-10-02 07:35:00,13.6388888888889
"597",2020-10-02 07:40:00,13.6277777777778
"598",2020-10-02 07:45:00,13.6111111111111
"599",2020-10-02 07:50:00,13.5777777777778
"600",2020-10-02 07:55:00,13.5777777777778
"601",2020-10-02 08:00:00,13.5611111111111
"602",2020-10-02 08:05:00,13.55
"603",2020-10-02 08:10:00,13.5277777777778
"604",2020-10-02 08:15:00,13.5111111111111
"605",2020-10-02 08:20:00,13.4888888888889
"606",2020-10-02 08:25:00,13.4722222222222
"607",2020-10-02 08:30:00,13.4388888888889
"608",2020-10-02 08:35:00,13.4277777777778
"609",2020-10-02 08:40:00,13.4222222222222
"610",2020-10-02 08:45:00,13.4222222222222
"611",2020-10-02 08:50:00,13.4222222222222
"612",2020-10-02 08:55:00,13.4111111111111
"613",2020-10-02 09:00:00,13.4
"614",2020-10-02 09:05:00,13.4
"615",2020-10-02 09:10:00,13.4
"616",2020-10-02 09:15:00,13.3888888888889
"617",2020-10-02 09:20:00,13.3888888888889
"618",2020-10-02 09:25:00,13.3777777777778
"619",2020-10-02 09:30:00,13.3777777777778
"620",2020-10-02 09:35:00,13.3777777777778
"621",2020-10-02 09:40:00,13.3777777777778
"622",2020-10-02 09:45:00,13.3722222222222
"623",2020-10-02 09:50:00,13.35
"624",2020-10-02 09:55:00,13.3222222222222
"625",2020-10-02 10:00:00,13.3
"626",2020-10-02 10:05:00,13.2888888888889
"627",2020-10-02 10:10:00,13.2611111111111
"628",2020-10-02 10:15:00,13.25
"629",2020-10-02 10:20:00,13.2388888888889
"630",2020-10-02 10:25:00,13.2222222222222
"631",2020-10-02 10:30:00,13.2111111111111
"632",2020-10-02 10:35:00,13.2
"633",2020-10-02 10:40:00,13.1777777777778
"634",2020-10-02 10:45:00,13.1388888888889
"635",2020-10-02 10:50:00,13.1277777777778
"636",2020-10-02 10:55:00,13.1111111111111
"637",2020-10-02 11:00:00,13.1
"638",2020-10-02 11:05:00,13.0888888888889
"639",2020-10-02 11:10:00,13.0888888888889
"640",2020-10-02 11:15:00,13.0722222222222
"641",2020-10-02 11:20:00,13.0611111111111
"642",2020-10-02 11:25:00,13.0611111111111
"643",2020-10-02 11:30:00,13.0611111111111
"644",2020-10-02 11:35:00,13.0388888888889
"645",2020-10-02 11:40:00,13.0388888888889
"646",2020-10-02 11:45:00,13.05
"647",2020-10-02 11:50:00,13.0388888888889
"648",2020-10-02 11:55:00,13.05
"649",2020-10-02 12:00:00,13.0388888888889
"650",2020-10-02 12:05:00,13.0277777777778
"651",2020-10-02 12:10:00,13.0222222222222
"652",2020-10-02 12:15:00,13.0222222222222
"653",2020-10-02 12:20:00,13.0277777777778
"654",2020-10-02 12:25:00,13.0388888888889
"655",2020-10-02 12:30:00,13.0388888888889
"656",2020-10-02 12:35:00,13.0277777777778
"657",2020-10-02 12:40:00,13.0222222222222
"658",2020-10-02 12:45:00,13.0111111111111
"659",2020-10-02 12:50:00,13
"660",2020-10-02 12:55:00,12.9777777777778
"661",2020-10-02 13:00:00,12.9722222222222
"662",2020-10-02 13:05:00,12.9611111111111
"663",2020-10-02 13:10:00,12.9611111111111
"664",2020-10-02 13:15:00,12.95
"665",2020-10-02 13:20:00,12.9388888888889
"666",2020-10-02 13:25:00,12.9277777777778
"667",2020-10-02 13:30:00,12.9222222222222
"668",2020-10-02 13:35:00,12.9
"669",2020-10-02 13:40:00,12.8777777777778
"670",2020-10-02 13:45:00,12.8888888888889
"671",2020-10-02 13:50:00,12.8722222222222
"672",2020-10-02 13:55:00,12.85
"673",2020-10-02 14:00:00,12.8277777777778
"674",2020-10-02 14:05:00,12.8277777777778
"675",2020-10-02 14:10:00,12.8277777777778
"676",2020-10-02 14:15:00,12.8277777777778
"677",2020-10-02 14:20:00,12.8222222222222
"678",2020-10-02 14:25:00,12.8277777777778
"679",2020-10-02 14:30:00,12.8222222222222
"680",2020-10-02 14:35:00,12.8222222222222
"681",2020-10-02 14:40:00,12.8111111111111
"682",2020-10-02 14:45:00,12.8
"683",2020-10-02 14:50:00,12.7888888888889
"684",2020-10-02 14:55:00,12.8
"685",2020-10-02 15:00:00,12.8
"686",2020-10-02 15:05:00,12.8222222222222
"687",2020-10-02 15:10:00,12.8388888888889
"688",2020-10-02 15:15:00,12.8388888888889
"689",2020-10-02 15:20:00,12.8611111111111
"690",2020-10-02 15:25:00,12.8777777777778
"691",2020-10-02 15:30:00,12.9
"692",2020-10-02 15:35:00,12.9111111111111
"693",2020-10-02 15:40:00,12.9277777777778
"694",2020-10-02 15:45:00,12.9611111111111
"695",2020-10-02 15:50:00,12.9722222222222
"696",2020-10-02 15:55:00,12.9777777777778
"697",2020-10-02 16:00:00,12.9888888888889
"698",2020-10-02 16:05:00,13.0111111111111
"699",2020-10-02 16:10:00,13.0111111111111
"700",2020-10-02 16:15:00,13.0222222222222
"701",2020-10-02 16:20:00,13.0277777777778
"702",2020-10-02 16:25:00,13.0277777777778
"703",2020-10-02 16:30:00,13.05
"704",2020-10-02 16:35:00,13.0611111111111
"705",2020-10-02 16:40:00,13.0777777777778
"706",2020-10-02 16:45:00,13.1
"707",2020-10-02 16:50:00,13.1277777777778
"708",2020-10-02 16:55:00,13.15
"709",2020-10-02 17:00:00,13.1611111111111
"710",2020-10-02 17:05:00,13.1777777777778
"711",2020-10-02 17:10:00,13.1888888888889
"712",2020-10-02 17:15:00,13.2
"713",2020-10-02 17:20:00,13.2111111111111
"714",2020-10-02 17:25:00,13.2277777777778
"715",2020-10-02 17:30:00,13.2388888888889
"716",2020-10-02 17:35:00,13.2611111111111
"717",2020-10-02 17:40:00,13.2888888888889
"718",2020-10-02 17:45:00,13.3
"719",2020-10-02 17:50:00,13.3
"720",2020-10-02 17:55:00,13.2888888888889
"721",2020-10-02 18:00:00,13.3
"722",2020-10-02 18:05:00,13.3111111111111
"723",2020-10-02 18:10:00,13.3222222222222
"724",2020-10-02 18:15:00,13.3388888888889
"725",2020-10-02 18:20:00,13.3388888888889
"726",2020-10-02 18:25:00,13.35
"727",2020-10-02 18:30:00,13.3722222222222
"728",2020-10-02 18:35:00,13.3777777777778
"729",2020-10-02 18:40:00,13.3888888888889
"730",2020-10-02 18:45:00,13.4
"731",2020-10-02 18:50:00,13.4222222222222
"732",2020-10-02 18:55:00,13.4388888888889
"733",2020-10-02 19:00:00,13.4611111111111
"734",2020-10-02 19:05:00,13.4777777777778
"735",2020-10-02 19:10:00,13.5
"736",2020-10-02 19:15:00,13.5222222222222
"737",2020-10-02 19:20:00,13.5388888888889
"738",2020-10-02 19:25:00,13.55
"739",2020-10-02 19:30:00,13.5722222222222
"740",2020-10-02 19:35:00,13.5777777777778
"741",2020-10-02 19:40:00,13.6
"742",2020-10-02 19:45:00,13.6111111111111
"743",2020-10-02 19:50:00,13.6277777777778
"744",2020-10-02 19:55:00,13.65
"745",2020-10-02 20:00:00,13.6611111111111
"746",2020-10-02 20:05:00,13.6722222222222
"747",2020-10-02 20:10:00,13.6777777777778
"748",2020-10-02 20:15:00,13.7
"749",2020-10-02 20:20:00,13.7222222222222
"750",2020-10-02 20:25:00,13.7277777777778
"751",2020-10-02 20:30:00,13.7277777777778
"752",2020-10-02 20:35:00,13.7388888888889
"753",2020-10-02 20:40:00,13.75
"754",2020-10-02 20:45:00,13.7611111111111
"755",2020-10-02 20:50:00,13.7722222222222
"756",2020-10-02 20:55:00,13.7722222222222
"757",2020-10-02 21:00:00,13.7777777777778
"758",2020-10-02 21:05:00,13.7722222222222
"759",2020-10-02 21:10:00,13.7722222222222
"760",2020-10-02 21:15:00,13.7611111111111
"761",2020-10-02 21:20:00,13.7611111111111
"762",2020-10-02 21:25:00,13.7722222222222
"763",2020-10-02 21:30:00,13.7611111111111
"764",2020-10-02 21:35:00,13.7388888888889
"765",2020-10-02 21:40:00,13.7111111111111
"766",2020-10-02 21:45:00,13.6777777777778
"767",2020-10-02 21:50:00,13.6611111111111
"768",2020-10-02 21:55:00,13.65
"769",2020-10-02 22:00:00,13.6388888888889
"770",2020-10-02 22:05:00,13.6277777777778
"771",2020-10-02 22:10:00,13.6222222222222
"772",2020-10-02 22:15:00,13.6111111111111
"773",2020-10-02 22:20:00,13.6
"774",2020-10-02 22:25:00,13.5888888888889
"775",2020-10-02 22:30:00,13.5777777777778
"776",2020-10-02 22:35:00,13.5722222222222
"777",2020-10-02 22:40:00,13.5611111111111
"778",2020-10-02 22:45:00,13.5611111111111
"779",2020-10-02 22:50:00,13.55
"780",2020-10-02 22:55:00,13.55
"781",2020-10-02 23:00:00,13.5388888888889
"782",2020-10-02 23:05:00,13.5277777777778
"783",2020-10-02 23:10:00,13.5222222222222
"784",2020-10-02 23:15:00,13.5277777777778
"785",2020-10-02 23:20:00,13.5222222222222
"786",2020-10-02 23:25:00,13.5222222222222
"787",2020-10-02 23:30:00,13.5222222222222
"788",2020-10-02 23:35:00,13.5277777777778
"789",2020-10-02 23:40:00,13.5277777777778
"790",2020-10-02 23:45:00,13.5277777777778
"791",2020-10-02 23:50:00,13.5277777777778
"792",2020-10-02 23:55:00,13.5222222222222
"793",2020-10-03 00:00:00,13.5222222222222
"794",2020-10-03 00:05:00,13.5277777777778
"795",2020-10-03 00:10:00,13.5277777777778
"796",2020-10-03 00:15:00,13.5277777777778
"797",2020-10-03 00:20:00,13.5277777777778
"798",2020-10-03 00:25:00,13.5277777777778
"799",2020-10-03 00:30:00,13.5222222222222
"800",2020-10-03 00:35:00,13.5277777777778
"801",2020-10-03 00:40:00,13.5388888888889
"802",2020-10-03 00:45:00,13.5388888888889
"803",2020-10-03 00:50:00,13.55
"804",2020-10-03 00:55:00,13.55
"805",2020-10-03 01:00:00,13.55
"806",2020-10-03 01:05:00,13.5611111111111
"807",2020-10-03 01:10:00,13.5611111111111
"808",2020-10-03 01:15:00,13.5611111111111
"809",2020-10-03 01:20:00,13.5611111111111
"810",2020-10-03 01:25:00,13.5722222222222
"811",2020-10-03 01:30:00,13.5722222222222
"812",2020-10-03 01:35:00,13.5722222222222
"813",2020-10-03 01:40:00,13.5777777777778
"814",2020-10-03 01:45:00,13.5777777777778
"815",2020-10-03 01:50:00,13.5722222222222
"816",2020-10-03 01:55:00,13.5611111111111
"817",2020-10-03 02:00:00,13.55
"818",2020-10-03 02:05:00,13.5388888888889
"819",2020-10-03 02:10:00,13.5222222222222
"820",2020-10-03 02:15:00,13.5111111111111
"821",2020-10-03 02:20:00,13.4888888888889
"822",2020-10-03 02:25:00,13.4777777777778
"823",2020-10-03 02:30:00,13.4722222222222
"824",2020-10-03 02:35:00,13.45
"825",2020-10-03 02:40:00,13.4388888888889
"826",2020-10-03 02:45:00,13.4277777777778
"827",2020-10-03 02:50:00,13.4222222222222
"828",2020-10-03 02:55:00,13.4111111111111
"829",2020-10-03 03:00:00,13.3888888888889
"830",2020-10-03 03:05:00,13.3777777777778
"831",2020-10-03 03:10:00,13.3722222222222
"832",2020-10-03 03:15:00,13.3722222222222
"833",2020-10-03 03:20:00,13.3722222222222
"834",2020-10-03 03:25:00,13.3722222222222
"835",2020-10-03 03:30:00,13.3611111111111
"836",2020-10-03 03:35:00,13.35
"837",2020-10-03 03:40:00,13.35
"838",2020-10-03 03:45:00,13.35
"839",2020-10-03 03:50:00,13.35
"840",2020-10-03 03:55:00,13.3277777777778
"841",2020-10-03 04:00:00,13.3222222222222
"842",2020-10-03 04:05:00,13.3
"843",2020-10-03 04:10:00,13.3
"844",2020-10-03 04:15:00,13.3
"845",2020-10-03 04:20:00,13.3
"846",2020-10-03 04:25:00,13.2888888888889
"847",2020-10-03 04:30:00,13.2777777777778
"848",2020-10-03 04:35:00,13.2611111111111
"849",2020-10-03 04:40:00,13.2388888888889
"850",2020-10-03 04:45:00,13.2388888888889
"851",2020-10-03 04:50:00,13.2388888888889
"852",2020-10-03 04:55:00,13.2277777777778
"853",2020-10-03 05:00:00,13.2222222222222
"854",2020-10-03 05:05:00,13.2111111111111
"855",2020-10-03 05:10:00,13.2
"856",2020-10-03 05:15:00,13.1888888888889
"857",2020-10-03 05:20:00,13.1888888888889
"858",2020-10-03 05:25:00,13.1888888888889
"859",2020-10-03 05:30:00,13.1777777777778
"860",2020-10-03 05:35:00,13.1722222222222
"861",2020-10-03 05:40:00,13.1722222222222
"862",2020-10-03 05:45:00,13.1777777777778
"863",2020-10-03 05:50:00,13.1611111111111
"864",2020-10-03 05:55:00,13.15
"865",2020-10-03 06:00:00,13.1388888888889
"866",2020-10-03 06:05:00,13.1277777777778
"867",2020-10-03 06:10:00,13.1222222222222
"868",2020-10-03 06:15:00,13.1
"869",2020-10-03 06:20:00,13.0888888888889
"870",2020-10-03 06:25:00,13.0777777777778
"871",2020-10-03 06:30:00,13.0611111111111
"872",2020-10-03 06:35:00,13.05
"873",2020-10-03 06:40:00,13.05
"874",2020-10-03 06:45:00,13.0388888888889
"875",2020-10-03 06:50:00,13.0277777777778
"876",2020-10-03 06:55:00,13.0277777777778
"877",2020-10-03 07:00:00,13.0277777777778
"878",2020-10-03 07:05:00,13.0222222222222
"879",2020-10-03 07:10:00,13.0222222222222
"880",2020-10-03 07:15:00,13.0111111111111
"881",2020-10-03 07:20:00,13
"882",2020-10-03 07:25:00,13
"883",2020-10-03 07:30:00,12.9777777777778
"884",2020-10-03 07:35:00,12.9722222222222
"885",2020-10-03 07:40:00,12.9722222222222
"886",2020-10-03 07:45:00,12.9722222222222
"887",2020-10-03 07:50:00,12.9611111111111
"888",2020-10-03 07:55:00,12.95
"889",2020-10-03 08:00:00,12.9277777777778
"890",2020-10-03 08:05:00,12.9277777777778
"891",2020-10-03 08:10:00,12.9222222222222
"892",2020-10-03 08:15:00,12.9111111111111
"893",2020-10-03 08:20:00,12.9111111111111
"894",2020-10-03 08:25:00,12.9111111111111
"895",2020-10-03 08:30:00,12.9
"896",2020-10-03 08:35:00,12.8888888888889
"897",2020-10-03 08:40:00,12.8777777777778
"898",2020-10-03 08:45:00,12.8722222222222
"899",2020-10-03 08:50:00,12.8722222222222
"900",2020-10-03 08:55:00,12.8611111111111
"901",2020-10-03 09:00:00,12.8611111111111
"902",2020-10-03 09:05:00,12.85
"903",2020-10-03 09:10:00,12.85
"904",2020-10-03 09:15:00,12.8388888888889
"905",2020-10-03 09:20:00,12.8388888888889
"906",2020-10-03 09:25:00,12.8388888888889
"907",2020-10-03 09:30:00,12.8388888888889
"908",2020-10-03 09:35:00,12.8277777777778
"909",2020-10-03 09:40:00,12.8277777777778
"910",2020-10-03 09:45:00,12.8277777777778
"911",2020-10-03 09:50:00,12.8111111111111
"912",2020-10-03 09:55:00,12.8111111111111
"913",2020-10-03 10:00:00,12.8
"914",2020-10-03 10:05:00,12.8
"915",2020-10-03 10:10:00,12.8
"916",2020-10-03 10:15:00,12.7888888888889
"917",2020-10-03 10:20:00,12.7888888888889
"918",2020-10-03 10:25:00,12.7888888888889
"919",2020-10-03 10:30:00,12.7777777777778
"920",2020-10-03 10:35:00,12.7722222222222
"921",2020-10-03 10:40:00,12.7611111111111
"922",2020-10-03 10:45:00,12.75
"923",2020-10-03 10:50:00,12.75
"924",2020-10-03 10:55:00,12.75
"925",2020-10-03 11:00:00,12.7388888888889
"926",2020-10-03 11:05:00,12.7277777777778
"927",2020-10-03 11:10:00,12.7277777777778
"928",2020-10-03 11:15:00,12.7277777777778
"929",2020-10-03 11:20:00,12.7222222222222
"930",2020-10-03 11:25:00,12.7222222222222
"931",2020-10-03 11:30:00,12.7111111111111
"932",2020-10-03 11:35:00,12.7
"933",2020-10-03 11:40:00,12.7
"934",2020-10-03 11:45:00,12.6888888888889
"935",2020-10-03 11:50:00,12.6888888888889
"936",2020-10-03 11:55:00,12.7
"937",2020-10-03 12:00:00,12.7
"938",2020-10-03 12:05:00,12.7
"939",2020-10-03 12:10:00,12.6777777777778
"940",2020-10-03 12:15:00,12.6777777777778
"941",2020-10-03 12:20:00,12.6888888888889
"942",2020-10-03 12:25:00,12.6777777777778
"943",2020-10-03 12:30:00,12.6611111111111
"944",2020-10-03 12:35:00,12.6611111111111
"945",2020-10-03 12:40:00,12.65
"946",2020-10-03 12:45:00,12.65
"947",2020-10-03 12:50:00,12.6611111111111
"948",2020-10-03 12:55:00,12.65
"949",2020-10-03 13:00:00,12.65
"950",2020-10-03 13:05:00,12.6388888888889
"951",2020-10-03 13:10:00,12.65
"952",2020-10-03 13:15:00,12.6388888888889
"953",2020-10-03 13:20:00,12.6388888888889
"954",2020-10-03 13:25:00,12.6277777777778
"955",2020-10-03 13:30:00,12.6222222222222
"956",2020-10-03 13:35:00,12.6222222222222
"957",2020-10-03 13:40:00,12.6222222222222
"958",2020-10-03 13:45:00,12.6111111111111
"959",2020-10-03 13:50:00,12.6
"960",2020-10-03 13:55:00,12.6
"961",2020-10-03 14:00:00,12.6
"962",2020-10-03 14:05:00,12.6111111111111
"963",2020-10-03 14:10:00,12.6111111111111
"964",2020-10-03 14:15:00,12.6111111111111
"965",2020-10-03 14:20:00,12.6222222222222
"966",2020-10-03 14:25:00,12.6277777777778
"967",2020-10-03 14:30:00,12.6222222222222
"968",2020-10-03 14:35:00,12.6111111111111
"969",2020-10-03 14:40:00,12.6111111111111
"970",2020-10-03 14:45:00,12.6222222222222
"971",2020-10-03 14:50:00,12.6277777777778
"972",2020-10-03 14:55:00,12.6388888888889
"973",2020-10-03 15:00:00,12.65
"974",2020-10-03 15:05:00,12.65
"975",2020-10-03 15:10:00,12.6388888888889
"976",2020-10-03 15:15:00,12.6388888888889
"977",2020-10-03 15:20:00,12.65
"978",2020-10-03 15:25:00,12.65
"979",2020-10-03 15:30:00,12.6611111111111
"980",2020-10-03 15:35:00,12.6611111111111
"981",2020-10-03 15:40:00,12.6611111111111
"982",2020-10-03 15:45:00,12.6611111111111
"983",2020-10-03 15:50:00,12.6611111111111
"984",2020-10-03 15:55:00,12.6722222222222
"985",2020-10-03 16:00:00,12.6722222222222
"986",2020-10-03 16:05:00,12.6777777777778
"987",2020-10-03 16:10:00,12.6888888888889
"988",2020-10-03 16:15:00,12.7
"989",2020-10-03 16:20:00,12.7111111111111
"990",2020-10-03 16:25:00,12.7222222222222
"991",2020-10-03 16:30:00,12.7277777777778
"992",2020-10-03 16:35:00,12.7388888888889
"993",2020-10-03 16:40:00,12.7388888888889
"994",2020-10-03 16:45:00,12.75
"995",2020-10-03 16:50:00,12.7722222222222
"996",2020-10-03 16:55:00,12.7722222222222
"997",2020-10-03 17:00:00,12.7777777777778
"998",2020-10-03 17:05:00,12.7888888888889
"999",2020-10-03 17:10:00,12.8
"1000",2020-10-03 17:15:00,12.8222222222222
"1001",2020-10-03 17:20:00,12.8277777777778
"1002",2020-10-03 17:25:00,12.85
"1003",2020-10-03 17:30:00,12.8611111111111
"1004",2020-10-03 17:35:00,12.8722222222222
"1005",2020-10-03 17:40:00,12.8777777777778
"1006",2020-10-03 17:45:00,12.8888888888889
"1007",2020-10-03 17:50:00,12.8888888888889
"1008",2020-10-03 17:55:00,12.9
"1009",2020-10-03 18:00:00,12.9111111111111
"1010",2020-10-03 18:05:00,12.9222222222222
"1011",2020-10-03 18:10:00,12.9222222222222
"1012",2020-10-03 18:15:00,12.9277777777778
"1013",2020-10-03 18:20:00,12.9388888888889
"1014",2020-10-03 18:25:00,12.95
"1015",2020-10-03 18:30:00,12.95
"1016",2020-10-03 18:35:00,12.9722222222222
"1017",2020-10-03 18:40:00,12.9722222222222
"1018",2020-10-03 18:45:00,12.9888888888889
"1019",2020-10-03 18:50:00,13
"1020",2020-10-03 18:55:00,13
"1021",2020-10-03 19:00:00,13.0111111111111
"1022",2020-10-03 19:05:00,13.0222222222222
"1023",2020-10-03 19:10:00,13.0277777777778
"1024",2020-10-03 19:15:00,13.0388888888889
"1025",2020-10-03 19:20:00,13.0388888888889
"1026",2020-10-03 19:25:00,13.0388888888889
"1027",2020-10-03 19:30:00,13.0277777777778
"1028",2020-10-03 19:35:00,13.0388888888889
"1029",2020-10-03 19:40:00,13.05
"1030",2020-10-03 19:45:00,13.05
"1031",2020-10-03 19:50:00,13.0388888888889
"1032",2020-10-03 19:55:00,13.0611111111111
"1033",2020-10-03 20:00:00,13.0611111111111
"1034",2020-10-03 20:05:00,13.0611111111111
"1035",2020-10-03 20:10:00,13.0722222222222
"1036",2020-10-03 20:15:00,13.0777777777778
"1037",2020-10-03 20:20:00,13.0777777777778
"1038",2020-10-03 20:25:00,13.0777777777778
"1039",2020-10-03 20:30:00,13.0777777777778
"1040",2020-10-03 20:35:00,13.0777777777778
"1041",2020-10-03 20:40:00,13.0722222222222
"1042",2020-10-03 20:45:00,13.0722222222222
"1043",2020-10-03 20:50:00,13.0611111111111
"1044",2020-10-03 20:55:00,13.05
"1045",2020-10-03 21:00:00,13.0611111111111
"1046",2020-10-03 21:05:00,13.0611111111111
"1047",2020-10-03 21:10:00,13.0722222222222
"1048",2020-10-03 21:15:00,13.0722222222222
"1049",2020-10-03 21:20:00,13.0777777777778
"1050",2020-10-03 21:25:00,13.0777777777778
"1051",2020-10-03 21:30:00,13.0888888888889
"1052",2020-10-03 21:35:00,13.0888888888889
"1053",2020-10-03 21:40:00,13.0888888888889
"1054",2020-10-03 21:45:00,13.1
"1055",2020-10-03 21:50:00,13.1
"1056",2020-10-03 21:55:00,13.1111111111111
"1057",2020-10-03 22:00:00,13.1111111111111
"1058",2020-10-03 22:05:00,13.1111111111111
"1059",2020-10-03 22:10:00,13.1111111111111
"1060",2020-10-03 22:15:00,13.1111111111111
"1061",2020-10-03 22:20:00,13.1111111111111
"1062",2020-10-03 22:25:00,13.1222222222222
"1063",2020-10-03 22:30:00,13.1277777777778
"1064",2020-10-03 22:35:00,13.1222222222222
"1065",2020-10-03 22:40:00,13.1222222222222
"1066",2020-10-03 22:45:00,13.1111111111111
"1067",2020-10-03 22:50:00,13.1111111111111
"1068",2020-10-03 22:55:00,13.1
"1069",2020-10-03 23:00:00,13.1
"1070",2020-10-03 23:05:00,13.1
"1071",2020-10-03 23:10:00,13.1
"1072",2020-10-03 23:15:00,13.0888888888889
"1073",2020-10-03 23:20:00,13.0777777777778
"1074",2020-10-03 23:25:00,13.0777777777778
"1075",2020-10-03 23:30:00,13.0888888888889
"1076",2020-10-03 23:35:00,13.0888888888889
"1077",2020-10-03 23:40:00,13.0777777777778
"1078",2020-10-03 23:45:00,13.0722222222222
"1079",2020-10-03 23:50:00,13.0722222222222
"1080",2020-10-03 23:55:00,13.05
"1081",2020-10-04 00:00:00,13.05
"1082",2020-10-04 00:05:00,13.0388888888889
"1083",2020-10-04 00:10:00,13.0277777777778
"1084",2020-10-04 00:15:00,13.0277777777778
"1085",2020-10-04 00:20:00,13.0222222222222
"1086",2020-10-04 00:25:00,13.0111111111111
"1087",2020-10-04 00:30:00,13
"1088",2020-10-04 00:35:00,12.9888888888889
"1089",2020-10-04 00:40:00,12.9888888888889
"1090",2020-10-04 00:45:00,12.9722222222222
"1091",2020-10-04 00:50:00,12.9611111111111
"1092",2020-10-04 00:55:00,12.95
"1093",2020-10-04 01:00:00,12.95
"1094",2020-10-04 01:05:00,12.9388888888889
"1095",2020-10-04 01:10:00,12.9222222222222
"1096",2020-10-04 01:15:00,12.9111111111111
"1097",2020-10-04 01:20:00,12.9111111111111
"1098",2020-10-04 01:25:00,12.9
"1099",2020-10-04 01:30:00,12.8888888888889
"1100",2020-10-04 01:35:00,12.8777777777778
"1101",2020-10-04 01:40:00,12.8722222222222
"1102",2020-10-04 01:45:00,12.8611111111111
"1103",2020-10-04 01:50:00,12.8611111111111
"1104",2020-10-04 01:55:00,12.85
"1105",2020-10-04 02:00:00,12.8277777777778
"1106",2020-10-04 02:05:00,12.8222222222222
"1107",2020-10-04 02:10:00,12.8222222222222
"1108",2020-10-04 02:15:00,12.8111111111111
"1109",2020-10-04 02:20:00,12.8111111111111
"1110",2020-10-04 02:25:00,12.8
"1111",2020-10-04 02:30:00,12.8111111111111
"1112",2020-10-04 02:35:00,12.8111111111111
"1113",2020-10-04 02:40:00,12.8111111111111
"1114",2020-10-04 02:45:00,12.8
"1115",2020-10-04 02:50:00,12.7888888888889
"1116",2020-10-04 02:55:00,12.7888888888889
"1117",2020-10-04 03:00:00,12.7777777777778
"1118",2020-10-04 03:05:00,12.7722222222222
"1119",2020-10-04 03:10:00,12.7722222222222
"1120",2020-10-04 03:15:00,12.7722222222222
"1121",2020-10-04 03:20:00,12.75
"1122",2020-10-04 03:25:00,12.75
"1123",2020-10-04 03:30:00,12.7277777777778
"1124",2020-10-04 03:35:00,12.7222222222222
"1125",2020-10-04 03:40:00,12.7222222222222
"1126",2020-10-04 03:45:00,12.6888888888889
"1127",2020-10-04 03:50:00,12.6888888888889
"1128",2020-10-04 03:55:00,12.6888888888889
"1129",2020-10-04 04:00:00,12.6722222222222
"1130",2020-10-04 04:05:00,12.6611111111111
"1131",2020-10-04 04:10:00,12.6388888888889
"1132",2020-10-04 04:15:00,12.6277777777778
"1133",2020-10-04 04:20:00,12.6222222222222
"1134",2020-10-04 04:25:00,12.6
"1135",2020-10-04 04:30:00,12.5777777777778
"1136",2020-10-04 04:35:00,12.5722222222222
"1137",2020-10-04 04:40:00,12.55
"1138",2020-10-04 04:45:00,12.5388888888889
"1139",2020-10-04 04:50:00,12.5388888888889
"1140",2020-10-04 04:55:00,12.5388888888889
"1141",2020-10-04 05:00:00,12.5388888888889
"1142",2020-10-04 05:05:00,12.5277777777778
"1143",2020-10-04 05:10:00,12.5222222222222
"1144",2020-10-04 05:15:00,12.5222222222222
"1145",2020-10-04 05:20:00,12.5111111111111
"1146",2020-10-04 05:25:00,12.5111111111111
"1147",2020-10-04 05:30:00,12.5
"1148",2020-10-04 05:35:00,12.5
"1149",2020-10-04 05:40:00,12.4888888888889
"1150",2020-10-04 05:45:00,12.4777777777778
"1151",2020-10-04 05:50:00,12.4722222222222
"1152",2020-10-04 05:55:00,12.45
"1153",2020-10-04 06:00:00,12.4388888888889
"1154",2020-10-04 06:05:00,12.45
"1155",2020-10-04 06:10:00,12.4277777777778
"1156",2020-10-04 06:15:00,12.4222222222222
"1157",2020-10-04 06:20:00,12.4277777777778
"1158",2020-10-04 06:25:00,12.4388888888889
"1159",2020-10-04 06:30:00,12.4277777777778
"1160",2020-10-04 06:35:00,12.4277777777778
"1161",2020-10-04 06:40:00,12.4277777777778
"1162",2020-10-04 06:45:00,12.4111111111111
"1163",2020-10-04 06:50:00,12.4
"1164",2020-10-04 06:55:00,12.3888888888889
"1165",2020-10-04 07:00:00,12.3777777777778
"1166",2020-10-04 07:05:00,12.3611111111111
"1167",2020-10-04 07:10:00,12.3388888888889
"1168",2020-10-04 07:15:00,12.3277777777778
"1169",2020-10-04 07:20:00,12.3222222222222
"1170",2020-10-04 07:25:00,12.3222222222222
"1171",2020-10-04 07:30:00,12.3222222222222
"1172",2020-10-04 07:35:00,12.3222222222222
"1173",2020-10-04 07:40:00,12.3277777777778
"1174",2020-10-04 07:45:00,12.3277777777778
"1175",2020-10-04 07:50:00,12.3277777777778
"1176",2020-10-04 07:55:00,12.3222222222222
"1177",2020-10-04 08:00:00,12.3222222222222
"1178",2020-10-04 08:05:00,12.3222222222222
"1179",2020-10-04 08:10:00,12.3222222222222
"1180",2020-10-04 08:15:00,12.3
"1181",2020-10-04 08:20:00,12.2777777777778
"1182",2020-10-04 08:25:00,12.2777777777778
"1183",2020-10-04 08:30:00,12.2722222222222
"1184",2020-10-04 08:35:00,12.2722222222222
"1185",2020-10-04 08:40:00,12.2722222222222
"1186",2020-10-04 08:45:00,12.2611111111111
"1187",2020-10-04 08:50:00,12.25
"1188",2020-10-04 08:55:00,12.2388888888889
"1189",2020-10-04 09:00:00,12.2388888888889
"1190",2020-10-04 09:05:00,12.2388888888889
"1191",2020-10-04 09:10:00,12.2277777777778
"1192",2020-10-04 09:15:00,12.2222222222222
"1193",2020-10-04 09:20:00,12.2111111111111
"1194",2020-10-04 09:25:00,12.2
"1195",2020-10-04 09:30:00,12.2
"1196",2020-10-04 09:35:00,12.2
"1197",2020-10-04 09:40:00,12.2
"1198",2020-10-04 09:45:00,12.1888888888889
"1199",2020-10-04 09:50:00,12.1777777777778
"1200",2020-10-04 09:55:00,12.1611111111111
"1201",2020-10-04 10:00:00,12.1611111111111
"1202",2020-10-04 10:05:00,12.15
"1203",2020-10-04 10:10:00,12.15
"1204",2020-10-04 10:15:00,12.15
"1205",2020-10-04 10:20:00,12.1388888888889
"1206",2020-10-04 10:25:00,12.1277777777778
"1207",2020-10-04 10:30:00,12.1111111111111
"1208",2020-10-04 10:35:00,12.1
"1209",2020-10-04 10:40:00,12.1
"1210",2020-10-04 10:45:00,12.1
"1211",2020-10-04 10:50:00,12.0777777777778
"1212",2020-10-04 10:55:00,12.0722222222222
"1213",2020-10-04 11:00:00,12.05
"1214",2020-10-04 11:05:00,12.0277777777778
"1215",2020-10-04 11:10:00,12.0277777777778
"1216",2020-10-04 11:15:00,12.0222222222222
"1217",2020-10-04 11:20:00,12.0111111111111
"1218",2020-10-04 11:25:00,12
"1219",2020-10-04 11:30:00,11.9777777777778
"1220",2020-10-04 11:35:00,11.9611111111111
"1221",2020-10-04 11:40:00,11.9611111111111
"1222",2020-10-04 11:45:00,11.9611111111111
"1223",2020-10-04 11:50:00,11.95
"1224",2020-10-04 11:55:00,11.9388888888889
"1225",2020-10-04 12:00:00,11.9277777777778
"1226",2020-10-04 12:05:00,11.9222222222222
"1227",2020-10-04 12:10:00,11.9222222222222
"1228",2020-10-04 12:15:00,11.9111111111111
"1229",2020-10-04 12:20:00,11.9
"1230",2020-10-04 12:25:00,11.8888888888889
"1231",2020-10-04 12:30:00,11.8777777777778
"1232",2020-10-04 12:35:00,11.8722222222222
"1233",2020-10-04 12:40:00,11.8722222222222
"1234",2020-10-04 12:45:00,11.85
"1235",2020-10-04 12:50:00,11.8277777777778
"1236",2020-10-04 12:55:00,11.8277777777778
"1237",2020-10-04 13:00:00,11.8277777777778
"1238",2020-10-04 13:05:00,11.8277777777778
"1239",2020-10-04 13:10:00,11.8222222222222
"1240",2020-10-04 13:15:00,11.8111111111111
"1241",2020-10-04 13:20:00,11.8
"1242",2020-10-04 13:25:00,11.7777777777778
"1243",2020-10-04 13:30:00,11.7722222222222
"1244",2020-10-04 13:35:00,11.7388888888889
"1245",2020-10-04 13:40:00,11.7222222222222
"1246",2020-10-04 13:45:00,11.7111111111111
"1247",2020-10-04 13:50:00,11.7
"1248",2020-10-04 13:55:00,11.7
"1249",2020-10-04 14:00:00,11.6888888888889
"1250",2020-10-04 14:05:00,11.6722222222222
"1251",2020-10-04 14:10:00,11.65
"1252",2020-10-04 14:15:00,11.65
"1253",2020-10-04 14:20:00,11.65
"1254",2020-10-04 14:25:00,11.6388888888889
"1255",2020-10-04 14:30:00,11.6277777777778
"1256",2020-10-04 14:35:00,11.6222222222222
"1257",2020-10-04 14:40:00,11.6111111111111
"1258",2020-10-04 14:45:00,11.6
"1259",2020-10-04 14:50:00,11.5888888888889
"1260",2020-10-04 14:55:00,11.5777777777778
"1261",2020-10-04 15:00:00,11.5722222222222
"1262",2020-10-04 15:05:00,11.5722222222222
"1263",2020-10-04 15:10:00,11.5611111111111
"1264",2020-10-04 15:15:00,11.5722222222222
"1265",2020-10-04 15:20:00,11.5777777777778
"1266",2020-10-04 15:25:00,11.5888888888889
"1267",2020-10-04 15:30:00,11.6
"1268",2020-10-04 15:35:00,11.6111111111111
"1269",2020-10-04 15:40:00,11.6222222222222
"1270",2020-10-04 15:45:00,11.6388888888889
"1271",2020-10-04 15:50:00,11.6611111111111
"1272",2020-10-04 15:55:00,11.6777777777778
"1273",2020-10-04 16:00:00,11.6888888888889
"1274",2020-10-04 16:05:00,11.7111111111111
"1275",2020-10-04 16:10:00,11.7277777777778
"1276",2020-10-04 16:15:00,11.7388888888889
"1277",2020-10-04 16:20:00,11.75
"1278",2020-10-04 16:25:00,11.7722222222222
"1279",2020-10-04 16:30:00,11.7777777777778
"1280",2020-10-04 16:35:00,11.7888888888889
"1281",2020-10-04 16:40:00,11.8
"1282",2020-10-04 16:45:00,11.8111111111111
"1283",2020-10-04 16:50:00,11.8222222222222
"1284",2020-10-04 16:55:00,11.8388888888889
"1285",2020-10-04 17:00:00,11.85
"1286",2020-10-04 17:05:00,11.8611111111111
"1287",2020-10-04 17:10:00,11.8777777777778
"1288",2020-10-04 17:15:00,11.9
"1289",2020-10-04 17:20:00,11.9222222222222
"1290",2020-10-04 17:25:00,11.9388888888889
"1291",2020-10-04 17:30:00,11.9722222222222
"1292",2020-10-04 17:35:00,12.0111111111111
"1293",2020-10-04 17:40:00,12.0388888888889
"1294",2020-10-04 17:45:00,12.0388888888889
"1295",2020-10-04 17:50:00,12.05
"1296",2020-10-04 17:55:00,12.05
"1297",2020-10-04 18:00:00,12.05
"1298",2020-10-04 18:05:00,12.0722222222222
"1299",2020-10-04 18:10:00,12.0888888888889
"1300",2020-10-04 18:15:00,12.1222222222222
"1301",2020-10-04 18:20:00,12.1388888888889
"1302",2020-10-04 18:25:00,12.15
"1303",2020-10-04 18:30:00,12.1611111111111
"1304",2020-10-04 18:35:00,12.1722222222222
"1305",2020-10-04 18:40:00,12.1777777777778
"1306",2020-10-04 18:45:00,12.1888888888889
"1307",2020-10-04 18:50:00,12.2111111111111
"1308",2020-10-04 18:55:00,12.2277777777778
"1309",2020-10-04 19:00:00,12.2388888888889
"1310",2020-10-04 19:05:00,12.2611111111111
"1311",2020-10-04 19:10:00,12.2888888888889
"1312",2020-10-04 19:15:00,12.3111111111111
"1313",2020-10-04 19:20:00,12.3388888888889
"1314",2020-10-04 19:25:00,12.3611111111111
"1315",2020-10-04 19:30:00,12.3888888888889
"1316",2020-10-04 19:35:00,12.4111111111111
"1317",2020-10-04 19:40:00,12.4388888888889
"1318",2020-10-04 19:45:00,12.4722222222222
"1319",2020-10-04 19:50:00,12.4888888888889
"1320",2020-10-04 19:55:00,12.5222222222222
"1321",2020-10-04 20:00:00,12.55
"1322",2020-10-04 20:05:00,12.5777777777778
"1323",2020-10-04 20:10:00,12.6111111111111
"1324",2020-10-04 20:15:00,12.6388888888889
"1325",2020-10-04 20:20:00,12.6722222222222
"1326",2020-10-04 20:25:00,12.7111111111111
"1327",2020-10-04 20:30:00,12.75
"1328",2020-10-04 20:35:00,12.7888888888889
"1329",2020-10-04 20:40:00,12.8388888888889
"1330",2020-10-04 20:45:00,12.8722222222222
"1331",2020-10-04 20:50:00,12.8722222222222
"1332",2020-10-04 20:55:00,12.8611111111111
"1333",2020-10-04 21:00:00,12.8611111111111
"1334",2020-10-04 21:05:00,12.8722222222222
"1335",2020-10-04 21:10:00,12.8777777777778
"1336",2020-10-04 21:15:00,12.8222222222222
"1337",2020-10-04 21:20:00,12.75
"1338",2020-10-04 21:25:00,12.7111111111111
"1339",2020-10-04 21:30:00,12.6777777777778
"1340",2020-10-04 21:35:00,12.6611111111111
"1341",2020-10-04 21:40:00,12.6722222222222
"1342",2020-10-04 21:45:00,12.6888888888889
"1343",2020-10-04 21:50:00,12.7
"1344",2020-10-04 21:55:00,12.6722222222222
"1345",2020-10-04 22:00:00,12.6277777777778
"1346",2020-10-04 22:05:00,12.6
"1347",2020-10-04 22:10:00,12.5777777777778
"1348",2020-10-04 22:15:00,12.5777777777778
"1349",2020-10-04 22:20:00,12.5722222222222
"1350",2020-10-04 22:25:00,12.5611111111111
"1351",2020-10-04 22:30:00,12.55
"1352",2020-10-04 22:35:00,12.5388888888889
"1353",2020-10-04 22:40:00,12.5277777777778
"1354",2020-10-04 22:45:00,12.5277777777778
"1355",2020-10-04 22:50:00,12.5222222222222
"1356",2020-10-04 22:55:00,12.5222222222222
"1357",2020-10-04 23:00:00,12.5
"1358",2020-10-04 23:05:00,12.4888888888889
"1359",2020-10-04 23:10:00,12.5
"1360",2020-10-04 23:15:00,12.5
"1361",2020-10-04 23:20:00,12.5111111111111
"1362",2020-10-04 23:25:00,12.5
"1363",2020-10-04 23:30:00,12.5
"1364",2020-10-04 23:35:00,12.5
"1365",2020-10-04 23:40:00,12.5
"1366",2020-10-04 23:45:00,12.5
"1367",2020-10-04 23:50:00,12.5
"1368",2020-10-04 23:55:00,12.4888888888889
"1369",2020-10-05 00:00:00,12.4888888888889
"1370",2020-10-05 00:05:00,12.4888888888889
"1371",2020-10-05 00:10:00,12.4888888888889
"1372",2020-10-05 00:15:00,12.4888888888889
"1373",2020-10-05 00:20:00,12.4888888888889
"1374",2020-10-05 00:25:00,12.4888888888889
"1375",2020-10-05 00:30:00,12.4888888888889
"1376",2020-10-05 00:35:00,12.4888888888889
"1377",2020-10-05 00:40:00,12.4888888888889
"1378",2020-10-05 00:45:00,12.4888888888889
"1379",2020-10-05 00:50:00,12.4777777777778
"1380",2020-10-05 00:55:00,12.4777777777778
"1381",2020-10-05 01:00:00,12.4777777777778
"1382",2020-10-05 01:05:00,12.4777777777778
"1383",2020-10-05 01:10:00,12.4777777777778
"1384",2020-10-05 01:15:00,12.4777777777778
"1385",2020-10-05 01:20:00,12.4722222222222
"1386",2020-10-05 01:25:00,12.45
"1387",2020-10-05 01:30:00,12.4388888888889
"1388",2020-10-05 01:35:00,12.4388888888889
"1389",2020-10-05 01:40:00,12.4277777777778
"1390",2020-10-05 01:45:00,12.4222222222222
"1391",2020-10-05 01:50:00,12.4222222222222
"1392",2020-10-05 01:55:00,12.4222222222222
"1393",2020-10-05 02:00:00,12.4222222222222
"1394",2020-10-05 02:05:00,12.4111111111111
"1395",2020-10-05 02:10:00,12.4111111111111
"1396",2020-10-05 02:15:00,12.4
"1397",2020-10-05 02:20:00,12.4
"1398",2020-10-05 02:25:00,12.4
"1399",2020-10-05 02:30:00,12.4
"1400",2020-10-05 02:35:00,12.4
"1401",2020-10-05 02:40:00,12.4
"1402",2020-10-05 02:45:00,12.4111111111111
"1403",2020-10-05 02:50:00,12.4111111111111
"1404",2020-10-05 02:55:00,12.4111111111111
"1405",2020-10-05 03:00:00,12.4111111111111
"1406",2020-10-05 03:05:00,12.4222222222222
"1407",2020-10-05 03:10:00,12.4222222222222
"1408",2020-10-05 03:15:00,12.4277777777778
"1409",2020-10-05 03:20:00,12.4277777777778
"1410",2020-10-05 03:25:00,12.4388888888889
"1411",2020-10-05 03:30:00,12.4388888888889
"1412",2020-10-05 03:35:00,12.45
"1413",2020-10-05 03:40:00,12.4611111111111
"1414",2020-10-05 03:45:00,12.4611111111111
"1415",2020-10-05 03:50:00,12.4722222222222
"1416",2020-10-05 03:55:00,12.4722222222222
"1417",2020-10-05 04:00:00,12.4722222222222
"1418",2020-10-05 04:05:00,12.4722222222222
"1419",2020-10-05 04:10:00,12.4722222222222
"1420",2020-10-05 04:15:00,12.4777777777778
"1421",2020-10-05 04:20:00,12.4777777777778
"1422",2020-10-05 04:25:00,12.4777777777778
"1423",2020-10-05 04:30:00,12.4777777777778
"1424",2020-10-05 04:35:00,12.4722222222222
"1425",2020-10-05 04:40:00,12.4611111111111
"1426",2020-10-05 04:45:00,12.45
"1427",2020-10-05 04:50:00,12.4388888888889
"1428",2020-10-05 04:55:00,12.4277777777778
"1429",2020-10-05 05:00:00,12.4111111111111
"1430",2020-10-05 05:05:00,12.3888888888889
"1431",2020-10-05 05:10:00,12.3722222222222
"1432",2020-10-05 05:15:00,12.35
"1433",2020-10-05 05:20:00,12.3277777777778
"1434",2020-10-05 05:25:00,12.3222222222222
"1435",2020-10-05 05:30:00,12.3
"1436",2020-10-05 05:35:00,12.2888888888889
"1437",2020-10-05 05:40:00,12.2777777777778
"1438",2020-10-05 05:45:00,12.2722222222222
"1439",2020-10-05 05:50:00,12.2611111111111
"1440",2020-10-05 05:55:00,12.2388888888889
"1441",2020-10-05 06:00:00,12.2277777777778
"1442",2020-10-05 06:05:00,12.2222222222222
"1443",2020-10-05 06:10:00,12.2111111111111
"1444",2020-10-05 06:15:00,12.1888888888889
"1445",2020-10-05 06:20:00,12.1611111111111
"1446",2020-10-05 06:25:00,12.1388888888889
"1447",2020-10-05 06:30:00,12.1111111111111
"1448",2020-10-05 06:35:00,12.1
"1449",2020-10-05 06:40:00,12.1111111111111
"1450",2020-10-05 06:45:00,12.0888888888889
"1451",2020-10-05 06:50:00,12.0722222222222
"1452",2020-10-05 06:55:00,12.0611111111111
"1453",2020-10-05 07:00:00,12.0611111111111
"1454",2020-10-05 07:05:00,12.0611111111111
"1455",2020-10-05 07:10:00,12.0388888888889
"1456",2020-10-05 07:15:00,12.0222222222222
"1457",2020-10-05 07:20:00,12.0111111111111
"1458",2020-10-05 07:25:00,12.0111111111111
"1459",2020-10-05 07:30:00,11.9888888888889
"1460",2020-10-05 07:35:00,11.9722222222222
"1461",2020-10-05 07:40:00,11.9611111111111
"1462",2020-10-05 07:45:00,11.9388888888889
"1463",2020-10-05 07:50:00,11.9388888888889
"1464",2020-10-05 07:55:00,11.9277777777778
"1465",2020-10-05 08:00:00,11.9222222222222
"1466",2020-10-05 08:05:00,11.9111111111111
"1467",2020-10-05 08:10:00,11.9
"1468",2020-10-05 08:15:00,11.8888888888889
"1469",2020-10-05 08:20:00,11.8722222222222
"1470",2020-10-05 08:25:00,11.85
"1471",2020-10-05 08:30:00,11.85
"1472",2020-10-05 08:35:00,11.8388888888889
"1473",2020-10-05 08:40:00,11.8277777777778
"1474",2020-10-05 08:45:00,11.8222222222222
"1475",2020-10-05 08:50:00,11.8222222222222
"1476",2020-10-05 08:55:00,11.8
"1477",2020-10-05 09:00:00,11.7888888888889
"1478",2020-10-05 09:05:00,11.7888888888889
"1479",2020-10-05 09:10:00,11.7611111111111
"1480",2020-10-05 09:15:00,11.75
"1481",2020-10-05 09:20:00,11.75
"1482",2020-10-05 09:25:00,11.7388888888889
"1483",2020-10-05 09:30:00,11.7277777777778
"1484",2020-10-05 09:35:00,11.7222222222222
"1485",2020-10-05 09:40:00,11.7222222222222
"1486",2020-10-05 09:45:00,11.7
"1487",2020-10-05 09:50:00,11.6888888888889
"1488",2020-10-05 09:55:00,11.6777777777778
"1489",2020-10-05 10:00:00,11.6722222222222
"1490",2020-10-05 10:05:00,11.6722222222222
"1491",2020-10-05 10:10:00,11.6388888888889
"1492",2020-10-05 10:15:00,11.6388888888889
"1493",2020-10-05 10:20:00,11.6222222222222
"1494",2020-10-05 10:25:00,11.6222222222222
"1495",2020-10-05 10:30:00,11.6111111111111
"1496",2020-10-05 10:35:00,11.6
"1497",2020-10-05 10:40:00,11.5888888888889
"1498",2020-10-05 10:45:00,11.5777777777778
"1499",2020-10-05 10:50:00,11.5611111111111
"1500",2020-10-05 10:55:00,11.5611111111111
"1501",2020-10-05 11:00:00,11.5722222222222
"1502",2020-10-05 11:05:00,11.5611111111111
"1503",2020-10-05 11:10:00,11.55
"1504",2020-10-05 11:15:00,11.55
"1505",2020-10-05 11:20:00,11.5277777777778
"1506",2020-10-05 11:25:00,11.5222222222222
"1507",2020-10-05 11:30:00,11.5111111111111
"1508",2020-10-05 11:35:00,11.5
"1509",2020-10-05 11:40:00,11.4777777777778
"1510",2020-10-05 11:45:00,11.4777777777778
"1511",2020-10-05 11:50:00,11.4722222222222
"1512",2020-10-05 11:55:00,11.4611111111111
"1513",2020-10-05 12:00:00,11.4611111111111
"1514",2020-10-05 12:05:00,11.45
"1515",2020-10-05 12:10:00,11.45
"1516",2020-10-05 12:15:00,11.4388888888889
"1517",2020-10-05 12:20:00,11.4277777777778
"1518",2020-10-05 12:25:00,11.4277777777778
"1519",2020-10-05 12:30:00,11.4
"1520",2020-10-05 12:35:00,11.3888888888889
"1521",2020-10-05 12:40:00,11.4
"1522",2020-10-05 12:45:00,11.3888888888889
"1523",2020-10-05 12:50:00,11.3888888888889
"1524",2020-10-05 12:55:00,11.3722222222222
"1525",2020-10-05 13:00:00,11.3722222222222
"1526",2020-10-05 13:05:00,11.3722222222222
"1527",2020-10-05 13:10:00,11.3777777777778
"1528",2020-10-05 13:15:00,11.3611111111111
"1529",2020-10-05 13:20:00,11.3388888888889
"1530",2020-10-05 13:25:00,11.3277777777778
"1531",2020-10-05 13:30:00,11.3111111111111
"1532",2020-10-05 13:35:00,11.2888888888889
"1533",2020-10-05 13:40:00,11.2777777777778
"1534",2020-10-05 13:45:00,11.2722222222222
"1535",2020-10-05 13:50:00,11.2722222222222
"1536",2020-10-05 13:55:00,11.2611111111111
"1537",2020-10-05 14:00:00,11.25
"1538",2020-10-05 14:05:00,11.2388888888889
"1539",2020-10-05 14:10:00,11.2388888888889
"1540",2020-10-05 14:15:00,11.2611111111111
"1541",2020-10-05 14:20:00,11.25
"1542",2020-10-05 14:25:00,11.2388888888889
"1543",2020-10-05 14:30:00,11.2388888888889
"1544",2020-10-05 14:35:00,11.2388888888889
"1545",2020-10-05 14:40:00,11.2277777777778
"1546",2020-10-05 14:45:00,11.2222222222222
"1547",2020-10-05 14:50:00,11.2222222222222
"1548",2020-10-05 14:55:00,11.25
"1549",2020-10-05 15:00:00,11.2611111111111
"1550",2020-10-05 15:05:00,11.2722222222222
"1551",2020-10-05 15:10:00,11.2888888888889
"1552",2020-10-05 15:15:00,11.2888888888889
"1553",2020-10-05 15:20:00,11.3
"1554",2020-10-05 15:25:00,11.3
"1555",2020-10-05 15:30:00,11.3111111111111
"1556",2020-10-05 15:35:00,11.3388888888889
"1557",2020-10-05 15:40:00,11.35
"1558",2020-10-05 15:45:00,11.3722222222222
"1559",2020-10-05 15:50:00,11.4
"1560",2020-10-05 15:55:00,11.4
"1561",2020-10-05 16:00:00,11.4111111111111
"1562",2020-10-05 16:05:00,11.4222222222222
"1563",2020-10-05 16:10:00,11.4111111111111
"1564",2020-10-05 16:15:00,11.4222222222222
"1565",2020-10-05 16:20:00,11.4111111111111
"1566",2020-10-05 16:25:00,11.4
"1567",2020-10-05 16:30:00,11.4111111111111
"1568",2020-10-05 16:35:00,11.4111111111111
"1569",2020-10-05 16:40:00,11.4222222222222
"1570",2020-10-05 16:45:00,11.4777777777778
"1571",2020-10-05 16:50:00,11.5
"1572",2020-10-05 16:55:00,11.5222222222222
"1573",2020-10-05 17:00:00,11.5277777777778
"1574",2020-10-05 17:05:00,11.5611111111111
"1575",2020-10-05 17:10:00,11.5777777777778
"1576",2020-10-05 17:15:00,11.5777777777778
"1577",2020-10-05 17:20:00,11.6277777777778
"1578",2020-10-05 17:25:00,11.6388888888889
"1579",2020-10-05 17:30:00,11.6777777777778
"1580",2020-10-05 17:35:00,11.7111111111111
"1581",2020-10-05 17:40:00,11.7222222222222
"1582",2020-10-05 17:45:00,11.7222222222222
"1583",2020-10-05 17:50:00,11.75
"1584",2020-10-05 17:55:00,11.7611111111111
"1585",2020-10-05 18:00:00,11.7777777777778
"1586",2020-10-05 18:05:00,11.8
"1587",2020-10-05 18:10:00,11.8277777777778
"1588",2020-10-05 18:15:00,11.8611111111111
"1589",2020-10-05 18:20:00,11.8777777777778
"1590",2020-10-05 18:25:00,11.8888888888889
"1591",2020-10-05 18:30:00,11.9222222222222
"1592",2020-10-05 18:35:00,11.9277777777778
"1593",2020-10-05 18:40:00,11.95
"1594",2020-10-05 18:45:00,11.9722222222222
"1595",2020-10-05 18:50:00,11.9888888888889
"1596",2020-10-05 18:55:00,12.0222222222222
"1597",2020-10-05 19:00:00,12.05
"1598",2020-10-05 19:05:00,12.0722222222222
"1599",2020-10-05 19:10:00,12.1
"1600",2020-10-05 19:15:00,12.1222222222222
"1601",2020-10-05 19:20:00,12.1388888888889
"1602",2020-10-05 19:25:00,12.15
"1603",2020-10-05 19:30:00,12.1722222222222
"1604",2020-10-05 19:35:00,12.1777777777778
"1605",2020-10-05 19:40:00,12.1888888888889
"1606",2020-10-05 19:45:00,12.2111111111111
"1607",2020-10-05 19:50:00,12.2277777777778
"1608",2020-10-05 19:55:00,12.2611111111111
"1609",2020-10-05 20:00:00,12.3
"1610",2020-10-05 20:05:00,12.3277777777778
"1611",2020-10-05 20:10:00,12.3777777777778
"1612",2020-10-05 20:15:00,12.4222222222222
"1613",2020-10-05 20:20:00,12.4611111111111
"1614",2020-10-05 20:25:00,12.5
"1615",2020-10-05 20:30:00,12.5388888888889
"1616",2020-10-05 20:35:00,12.55
"1617",2020-10-05 20:40:00,12.5777777777778
"1618",2020-10-05 20:45:00,12.6
"1619",2020-10-05 20:50:00,12.6388888888889
"1620",2020-10-05 20:55:00,12.6611111111111
"1621",2020-10-05 21:00:00,12.6722222222222
"1622",2020-10-05 21:05:00,12.6777777777778
"1623",2020-10-05 21:10:00,12.6888888888889
"1624",2020-10-05 21:15:00,12.7111111111111
"1625",2020-10-05 21:20:00,12.7
"1626",2020-10-05 21:25:00,12.7111111111111
"1627",2020-10-05 21:30:00,12.7277777777778
"1628",2020-10-05 21:35:00,12.7222222222222
"1629",2020-10-05 21:40:00,12.7388888888889
"1630",2020-10-05 21:45:00,12.7777777777778
"1631",2020-10-05 21:50:00,12.7777777777778
"1632",2020-10-05 21:55:00,12.7888888888889
"1633",2020-10-05 22:00:00,12.7888888888889
"1634",2020-10-05 22:05:00,12.7777777777778
"1635",2020-10-05 22:10:00,12.7888888888889
"1636",2020-10-05 22:15:00,12.8111111111111
"1637",2020-10-05 22:20:00,12.8388888888889
"1638",2020-10-05 22:25:00,12.8611111111111
"1639",2020-10-05 22:30:00,12.8777777777778
"1640",2020-10-05 22:35:00,12.9111111111111
"1641",2020-10-05 22:40:00,12.9277777777778
"1642",2020-10-05 22:45:00,12.9277777777778
"1643",2020-10-05 22:50:00,12.95
"1644",2020-10-05 22:55:00,12.9722222222222
"1645",2020-10-05 23:00:00,13
"1646",2020-10-05 23:05:00,13.0222222222222
"1647",2020-10-05 23:10:00,13.0611111111111
"1648",2020-10-05 23:15:00,13.0777777777778
"1649",2020-10-05 23:20:00,13.0888888888889
"1650",2020-10-05 23:25:00,13.0777777777778
"1651",2020-10-05 23:30:00,13.0888888888889
"1652",2020-10-05 23:35:00,13.1
"1653",2020-10-05 23:40:00,13.1111111111111
"1654",2020-10-05 23:45:00,13.1111111111111
"1655",2020-10-05 23:50:00,13.1111111111111
"1656",2020-10-05 23:55:00,13.1222222222222
"1657",2020-10-06 00:00:00,13.1222222222222
"1658",2020-10-06 00:05:00,13.1222222222222
"1659",2020-10-06 00:10:00,13.1277777777778
"1660",2020-10-06 00:15:00,13.1277777777778
"1661",2020-10-06 00:20:00,13.1277777777778
"1662",2020-10-06 00:25:00,13.1277777777778
"1663",2020-10-06 00:30:00,13.1277777777778
"1664",2020-10-06 00:35:00,13.1277777777778
"1665",2020-10-06 00:40:00,13.1277777777778
"1666",2020-10-06 00:45:00,13.1277777777778
"1667",2020-10-06 00:50:00,13.1222222222222
"1668",2020-10-06 00:55:00,13.1111111111111
"1669",2020-10-06 01:00:00,13.1
"1670",2020-10-06 01:05:00,13.1
"1671",2020-10-06 01:10:00,13.0888888888889
"1672",2020-10-06 01:15:00,13.0777777777778
"1673",2020-10-06 01:20:00,13.0722222222222
"1674",2020-10-06 01:25:00,13.0611111111111
"1675",2020-10-06 01:30:00,13.0611111111111
"1676",2020-10-06 01:35:00,13.05
"1677",2020-10-06 01:40:00,13.0388888888889
"1678",2020-10-06 01:45:00,13.0277777777778
"1679",2020-10-06 01:50:00,13.0277777777778
"1680",2020-10-06 01:55:00,13.0111111111111
"1681",2020-10-06 02:00:00,13.0111111111111
"1682",2020-10-06 02:05:00,13
"1683",2020-10-06 02:10:00,13
"1684",2020-10-06 02:15:00,12.9888888888889
"1685",2020-10-06 02:20:00,12.9777777777778
"1686",2020-10-06 02:25:00,12.9777777777778
"1687",2020-10-06 02:30:00,12.9777777777778
"1688",2020-10-06 02:35:00,12.9777777777778
"1689",2020-10-06 02:40:00,12.9722222222222
"1690",2020-10-06 02:45:00,12.9722222222222
"1691",2020-10-06 02:50:00,12.9611111111111
"1692",2020-10-06 02:55:00,12.95
"1693",2020-10-06 03:00:00,12.9388888888889
"1694",2020-10-06 03:05:00,12.9277777777778
"1695",2020-10-06 03:10:00,12.9277777777778
"1696",2020-10-06 03:15:00,12.9222222222222
"1697",2020-10-06 03:20:00,12.9111111111111
"1698",2020-10-06 03:25:00,12.9
"1699",2020-10-06 03:30:00,12.8888888888889
"1700",2020-10-06 03:35:00,12.8777777777778
"1701",2020-10-06 03:40:00,12.8722222222222
"1702",2020-10-06 03:45:00,12.8611111111111
"1703",2020-10-06 03:50:00,12.8611111111111
"1704",2020-10-06 03:55:00,12.85
"1705",2020-10-06 04:00:00,12.8277777777778
"1706",2020-10-06 04:05:00,12.8222222222222
"1707",2020-10-06 04:10:00,12.8111111111111
"1708",2020-10-06 04:15:00,12.8111111111111
"1709",2020-10-06 04:20:00,12.8
"1710",2020-10-06 04:25:00,12.8
"1711",2020-10-06 04:30:00,12.8
"1712",2020-10-06 04:35:00,12.7888888888889
"1713",2020-10-06 04:40:00,12.7777777777778
"1714",2020-10-06 04:45:00,12.7722222222222
"1715",2020-10-06 04:50:00,12.75
"1716",2020-10-06 04:55:00,12.7277777777778
"1717",2020-10-06 05:00:00,12.7222222222222
"1718",2020-10-06 05:05:00,12.7111111111111
"1719",2020-10-06 05:10:00,12.7111111111111
"1720",2020-10-06 05:15:00,12.6888888888889
"1721",2020-10-06 05:20:00,12.6722222222222
"1722",2020-10-06 05:25:00,12.6611111111111
"1723",2020-10-06 05:30:00,12.65
"1724",2020-10-06 05:35:00,12.6388888888889
"1725",2020-10-06 05:40:00,12.6277777777778
"1726",2020-10-06 05:45:00,12.6111111111111
"1727",2020-10-06 05:50:00,12.5888888888889
"1728",2020-10-06 05:55:00,12.5722222222222
"1729",2020-10-06 06:00:00,12.5611111111111
"1730",2020-10-06 06:05:00,12.55
"1731",2020-10-06 06:10:00,12.5388888888889
"1732",2020-10-06 06:15:00,12.5277777777778
"1733",2020-10-06 06:20:00,12.5111111111111
"1734",2020-10-06 06:25:00,12.5
"1735",2020-10-06 06:30:00,12.4888888888889
"1736",2020-10-06 06:35:00,12.4722222222222
"1737",2020-10-06 06:40:00,12.4611111111111
"1738",2020-10-06 06:45:00,12.45
"1739",2020-10-06 06:50:00,12.45
"1740",2020-10-06 06:55:00,12.4388888888889
"1741",2020-10-06 07:00:00,12.4388888888889
"1742",2020-10-06 07:05:00,12.4277777777778
"1743",2020-10-06 07:10:00,12.4222222222222
"1744",2020-10-06 07:15:00,12.4222222222222
"1745",2020-10-06 07:20:00,12.4222222222222
"1746",2020-10-06 07:25:00,12.4111111111111
"1747",2020-10-06 07:30:00,12.4
"1748",2020-10-06 07:35:00,12.3888888888889
"1749",2020-10-06 07:40:00,12.3722222222222
"1750",2020-10-06 07:45:00,12.3722222222222
"1751",2020-10-06 07:50:00,12.3611111111111
"1752",2020-10-06 07:55:00,12.35
"1753",2020-10-06 08:00:00,12.35
"1754",2020-10-06 08:05:00,12.3388888888889
"1755",2020-10-06 08:10:00,12.3277777777778
"1756",2020-10-06 08:15:00,12.3222222222222
"1757",2020-10-06 08:20:00,12.3222222222222
"1758",2020-10-06 08:25:00,12.3111111111111
"1759",2020-10-06 08:30:00,12.3
"1760",2020-10-06 08:35:00,12.2888888888889
"1761",2020-10-06 08:40:00,12.2777777777778
"1762",2020-10-06 08:45:00,12.2722222222222
"1763",2020-10-06 08:50:00,12.2611111111111
"1764",2020-10-06 08:55:00,12.2611111111111
"1765",2020-10-06 09:00:00,12.25
"1766",2020-10-06 09:05:00,12.2388888888889
"1767",2020-10-06 09:10:00,12.2388888888889
"1768",2020-10-06 09:15:00,12.2388888888889
"1769",2020-10-06 09:20:00,12.2277777777778
"1770",2020-10-06 09:25:00,12.2388888888889
"1771",2020-10-06 09:30:00,12.2277777777778
"1772",2020-10-06 09:35:00,12.2277777777778
"1773",2020-10-06 09:40:00,12.2277777777778
"1774",2020-10-06 09:45:00,12.2222222222222
"1775",2020-10-06 09:50:00,12.1888888888889
"1776",2020-10-06 09:55:00,12.1722222222222
"1777",2020-10-06 10:00:00,12.1611111111111
"1778",2020-10-06 10:05:00,12.15
"1779",2020-10-06 10:10:00,12.1388888888889
"1780",2020-10-06 10:15:00,12.1388888888889
"1781",2020-10-06 10:20:00,12.1277777777778
"1782",2020-10-06 10:25:00,12.1222222222222
"1783",2020-10-06 10:30:00,12.1111111111111
"1784",2020-10-06 10:35:00,12.1111111111111
"1785",2020-10-06 10:40:00,12.1
"1786",2020-10-06 10:45:00,12.0888888888889
"1787",2020-10-06 10:50:00,12.0777777777778
"1788",2020-10-06 10:55:00,12.0777777777778
"1789",2020-10-06 11:00:00,12.0722222222222
"1790",2020-10-06 11:05:00,12.0611111111111
"1791",2020-10-06 11:10:00,12.05
"1792",2020-10-06 11:15:00,12.0388888888889
"1793",2020-10-06 11:20:00,12.0388888888889
"1794",2020-10-06 11:25:00,12.0277777777778
"1795",2020-10-06 11:30:00,12.0222222222222
"1796",2020-10-06 11:35:00,12.0111111111111
"1797",2020-10-06 11:40:00,12
"1798",2020-10-06 11:45:00,12
"1799",2020-10-06 11:50:00,11.9888888888889
"1800",2020-10-06 11:55:00,11.9777777777778
"1801",2020-10-06 12:00:00,11.9722222222222
"1802",2020-10-06 12:05:00,11.9611111111111
"1803",2020-10-06 12:10:00,11.9611111111111
"1804",2020-10-06 12:15:00,11.9388888888889
"1805",2020-10-06 12:20:00,11.9388888888889
"1806",2020-10-06 12:25:00,11.9277777777778
"1807",2020-10-06 12:30:00,11.9277777777778
"1808",2020-10-06 12:35:00,11.9277777777778
"1809",2020-10-06 12:40:00,11.9222222222222
"1810",2020-10-06 12:45:00,11.9111111111111
"1811",2020-10-06 12:50:00,11.9111111111111
"1812",2020-10-06 12:55:00,11.9
"1813",2020-10-06 13:00:00,11.8888888888889
"1814",2020-10-06 13:05:00,11.8888888888889
"1815",2020-10-06 13:10:00,11.8777777777778
"1816",2020-10-06 13:15:00,11.8777777777778
"1817",2020-10-06 13:20:00,11.8722222222222
"1818",2020-10-06 13:25:00,11.8722222222222
"1819",2020-10-06 13:30:00,11.8611111111111
"1820",2020-10-06 13:35:00,11.8611111111111
"1821",2020-10-06 13:40:00,11.85
"1822",2020-10-06 13:45:00,11.8388888888889
"1823",2020-10-06 13:50:00,11.8388888888889
"1824",2020-10-06 13:55:00,11.8388888888889
"1825",2020-10-06 14:00:00,11.8277777777778
"1826",2020-10-06 14:05:00,11.8222222222222
"1827",2020-10-06 14:10:00,11.8111111111111
"1828",2020-10-06 14:15:00,11.8222222222222
"1829",2020-10-06 14:20:00,11.8111111111111
"1830",2020-10-06 14:25:00,11.8222222222222
"1831",2020-10-06 14:30:00,11.8111111111111
"1832",2020-10-06 14:35:00,11.8111111111111
"1833",2020-10-06 14:40:00,11.8111111111111
"1834",2020-10-06 14:45:00,11.8111111111111
"1835",2020-10-06 14:50:00,11.8111111111111
"1836",2020-10-06 14:55:00,11.8222222222222
"1837",2020-10-06 15:00:00,11.8222222222222
"1838",2020-10-06 15:05:00,11.8222222222222
"1839",2020-10-06 15:10:00,11.8222222222222
"1840",2020-10-06 15:15:00,11.8222222222222
"1841",2020-10-06 15:20:00,11.8388888888889
"1842",2020-10-06 15:25:00,11.85
"1843",2020-10-06 15:30:00,11.85
"1844",2020-10-06 15:35:00,11.8611111111111
"1845",2020-10-06 15:40:00,11.8611111111111
"1846",2020-10-06 15:45:00,11.8777777777778
"1847",2020-10-06 15:50:00,11.8888888888889
"1848",2020-10-06 15:55:00,11.9
"1849",2020-10-06 16:00:00,11.9111111111111
"1850",2020-10-06 16:05:00,11.9111111111111
"1851",2020-10-06 16:10:00,11.9222222222222
"1852",2020-10-06 16:15:00,11.9277777777778
"1853",2020-10-06 16:20:00,11.9388888888889
"1854",2020-10-06 16:25:00,11.95
"1855",2020-10-06 16:30:00,11.9611111111111
"1856",2020-10-06 16:35:00,11.9611111111111
"1857",2020-10-06 16:40:00,11.9611111111111
"1858",2020-10-06 16:45:00,11.9722222222222
"1859",2020-10-06 16:50:00,11.9777777777778
"1860",2020-10-06 16:55:00,11.9777777777778
"1861",2020-10-06 17:00:00,11.9888888888889
"1862",2020-10-06 17:05:00,11.9888888888889
"1863",2020-10-06 17:10:00,12
"1864",2020-10-06 17:15:00,12.0222222222222
"1865",2020-10-06 17:20:00,12.0222222222222
"1866",2020-10-06 17:25:00,12.0388888888889
"1867",2020-10-06 17:30:00,12.0611111111111
"1868",2020-10-06 17:35:00,12.0777777777778
"1869",2020-10-06 17:40:00,12.1
"1870",2020-10-06 17:45:00,12.1222222222222
"1871",2020-10-06 17:50:00,12.1277777777778
"1872",2020-10-06 17:55:00,12.15
"1873",2020-10-06 18:00:00,12.1611111111111
"1874",2020-10-06 18:05:00,12.1722222222222
"1875",2020-10-06 18:10:00,12.1888888888889
"1876",2020-10-06 18:15:00,12.2
"1877",2020-10-06 18:20:00,12.2111111111111
"1878",2020-10-06 18:25:00,12.2277777777778
"1879",2020-10-06 18:30:00,12.2388888888889
"1880",2020-10-06 18:35:00,12.2611111111111
"1881",2020-10-06 18:40:00,12.2777777777778
"1882",2020-10-06 18:45:00,12.2777777777778
"1883",2020-10-06 18:50:00,12.2888888888889
"1884",2020-10-06 18:55:00,12.3
"1885",2020-10-06 19:00:00,12.3222222222222
"1886",2020-10-06 19:05:00,12.3611111111111
"1887",2020-10-06 19:10:00,12.3888888888889
"1888",2020-10-06 19:15:00,12.4
"1889",2020-10-06 19:20:00,12.4222222222222
"1890",2020-10-06 19:25:00,12.4277777777778
"1891",2020-10-06 19:30:00,12.4722222222222
"1892",2020-10-06 19:35:00,12.5
"1893",2020-10-06 19:40:00,12.5111111111111
"1894",2020-10-06 19:45:00,12.5222222222222
"1895",2020-10-06 19:50:00,12.5388888888889
"1896",2020-10-06 19:55:00,12.5611111111111
"1897",2020-10-06 20:00:00,12.5777777777778
"1898",2020-10-06 20:05:00,12.6111111111111
"1899",2020-10-06 20:10:00,12.65
"1900",2020-10-06 20:15:00,12.6888888888889
"1901",2020-10-06 20:20:00,12.7277777777778
"1902",2020-10-06 20:25:00,12.7888888888889
"1903",2020-10-06 20:30:00,12.8611111111111
"1904",2020-10-06 20:35:00,12.8888888888889
"1905",2020-10-06 20:40:00,12.9111111111111
"1906",2020-10-06 20:45:00,12.9388888888889
"1907",2020-10-06 20:50:00,12.9611111111111
"1908",2020-10-06 20:55:00,12.9722222222222
"1909",2020-10-06 21:00:00,12.9777777777778
"1910",2020-10-06 21:05:00,12.9722222222222
"1911",2020-10-06 21:10:00,12.9777777777778
"1912",2020-10-06 21:15:00,12.9888888888889
"1913",2020-10-06 21:20:00,12.9888888888889
"1914",2020-10-06 21:25:00,12.9888888888889
"1915",2020-10-06 21:30:00,13
"1916",2020-10-06 21:35:00,13.0111111111111
"1917",2020-10-06 21:40:00,13.05
"1918",2020-10-06 21:45:00,13.0611111111111
"1919",2020-10-06 21:50:00,13.0777777777778
"1920",2020-10-06 21:55:00,13.1
"1921",2020-10-06 22:00:00,13.1111111111111
"1922",2020-10-06 22:05:00,13.1222222222222
"1923",2020-10-06 22:10:00,13.1277777777778
"1924",2020-10-06 22:15:00,13.1388888888889
"1925",2020-10-06 22:20:00,13.1388888888889
"1926",2020-10-06 22:25:00,13.1277777777778
"1927",2020-10-06 22:30:00,13.1277777777778
"1928",2020-10-06 22:35:00,13.1388888888889
"1929",2020-10-06 22:40:00,13.1611111111111
"1930",2020-10-06 22:45:00,13.1777777777778
"1931",2020-10-06 22:50:00,13.2222222222222
"1932",2020-10-06 22:55:00,13.2888888888889
"1933",2020-10-06 23:00:00,13.3611111111111
"1934",2020-10-06 23:05:00,13.3722222222222
"1935",2020-10-06 23:10:00,13.3722222222222
"1936",2020-10-06 23:15:00,13.3722222222222
"1937",2020-10-06 23:20:00,13.35
"1938",2020-10-06 23:25:00,13.3388888888889
"1939",2020-10-06 23:30:00,13.3722222222222
"1940",2020-10-06 23:35:00,13.4277777777778
"1941",2020-10-06 23:40:00,13.45
"1942",2020-10-06 23:45:00,13.4611111111111
"1943",2020-10-06 23:50:00,13.4722222222222
"1944",2020-10-06 23:55:00,13.5222222222222
"1945",2020-10-07 00:00:00,13.55
"1946",2020-10-07 00:05:00,13.5611111111111
"1947",2020-10-07 00:10:00,13.5777777777778
"1948",2020-10-07 00:15:00,13.6277777777778
"1949",2020-10-07 00:20:00,13.6722222222222
"1950",2020-10-07 00:25:00,13.6888888888889
"1951",2020-10-07 00:30:00,13.7
"1952",2020-10-07 00:35:00,13.7111111111111
"1953",2020-10-07 00:40:00,13.7222222222222
"1954",2020-10-07 00:45:00,13.7277777777778
"1955",2020-10-07 00:50:00,13.7388888888889
"1956",2020-10-07 00:55:00,13.7388888888889
"1957",2020-10-07 01:00:00,13.7388888888889
"1958",2020-10-07 01:05:00,13.7388888888889
"1959",2020-10-07 01:10:00,13.7388888888889
"1960",2020-10-07 01:15:00,13.7388888888889
"1961",2020-10-07 01:20:00,13.7388888888889
"1962",2020-10-07 01:25:00,13.7388888888889
"1963",2020-10-07 01:30:00,13.7388888888889
"1964",2020-10-07 01:35:00,13.7388888888889
"1965",2020-10-07 01:40:00,13.75
"1966",2020-10-07 01:45:00,13.75
"1967",2020-10-07 01:50:00,13.75
"1968",2020-10-07 01:55:00,13.7611111111111
"1969",2020-10-07 02:00:00,13.7611111111111
"1970",2020-10-07 02:05:00,13.7611111111111
"1971",2020-10-07 02:10:00,13.75
"1972",2020-10-07 02:15:00,13.7277777777778
"1973",2020-10-07 02:20:00,13.7222222222222
"1974",2020-10-07 02:25:00,13.6777777777778
"1975",2020-10-07 02:30:00,13.6388888888889
"1976",2020-10-07 02:35:00,13.5777777777778
"1977",2020-10-07 02:40:00,13.5611111111111
"1978",2020-10-07 02:45:00,13.55
"1979",2020-10-07 02:50:00,13.5277777777778
"1980",2020-10-07 02:55:00,13.5111111111111
"1981",2020-10-07 03:00:00,13.4722222222222
"1982",2020-10-07 03:05:00,13.4611111111111
"1983",2020-10-07 03:10:00,13.4777777777778
"1984",2020-10-07 03:15:00,13.5277777777778
"1985",2020-10-07 03:20:00,13.6
"1986",2020-10-07 03:25:00,13.6388888888889
"1987",2020-10-07 03:30:00,13.6722222222222
"1988",2020-10-07 03:35:00,13.6277777777778
"1989",2020-10-07 03:40:00,13.5611111111111
"1990",2020-10-07 03:45:00,13.5
"1991",2020-10-07 03:50:00,13.4888888888889
"1992",2020-10-07 03:55:00,13.5111111111111
"1993",2020-10-07 04:00:00,13.5388888888889
"1994",2020-10-07 04:05:00,13.5611111111111
"1995",2020-10-07 04:10:00,13.5888888888889
"1996",2020-10-07 04:15:00,13.6111111111111
"1997",2020-10-07 04:20:00,13.6277777777778
"1998",2020-10-07 04:25:00,13.65
"1999",2020-10-07 04:30:00,13.6777777777778
"2000",2020-10-07 04:35:00,13.6888888888889
"2001",2020-10-07 04:40:00,13.7111111111111
"2002",2020-10-07 04:45:00,13.7277777777778
"2003",2020-10-07 04:50:00,13.75
"2004",2020-10-07 04:55:00,13.75
"2005",2020-10-07 05:00:00,13.75
"2006",2020-10-07 05:05:00,13.75
"2007",2020-10-07 05:10:00,13.75
"2008",2020-10-07 05:15:00,13.7611111111111
"2009",2020-10-07 05:20:00,13.7722222222222
"2010",2020-10-07 05:25:00,13.7722222222222
"2011",2020-10-07 05:30:00,13.7722222222222
"2012",2020-10-07 05:35:00,13.7722222222222
"2013",2020-10-07 05:40:00,13.7722222222222
"2014",2020-10-07 05:45:00,13.7722222222222
"2015",2020-10-07 05:50:00,13.7722222222222
"2016",2020-10-07 05:55:00,13.7722222222222
"2017",2020-10-07 06:00:00,13.7777777777778
"2018",2020-10-07 06:05:00,13.7777777777778
"2019",2020-10-07 06:10:00,13.7722222222222
"2020",2020-10-07 06:15:00,13.7722222222222
"2021",2020-10-07 06:20:00,13.7722222222222
"2022",2020-10-07 06:25:00,13.7611111111111
"2023",2020-10-07 06:30:00,13.75
"2024",2020-10-07 06:35:00,13.7388888888889
"2025",2020-10-07 06:40:00,13.7277777777778
"2026",2020-10-07 06:45:00,13.7222222222222
"2027",2020-10-07 06:50:00,13.7111111111111
"2028",2020-10-07 06:55:00,13.7
"2029",2020-10-07 07:00:00,13.7
"2030",2020-10-07 07:05:00,13.7
"2031",2020-10-07 07:10:00,13.7
"2032",2020-10-07 07:15:00,13.7
"2033",2020-10-07 07:20:00,13.6888888888889
"2034",2020-10-07 07:25:00,13.6777777777778
"2035",2020-10-07 07:30:00,13.6722222222222
"2036",2020-10-07 07:35:00,13.6611111111111
"2037",2020-10-07 07:40:00,13.6611111111111
"2038",2020-10-07 07:45:00,13.6611111111111
"2039",2020-10-07 07:50:00,13.65
"2040",2020-10-07 07:55:00,13.65
"2041",2020-10-07 08:00:00,13.65
"2042",2020-10-07 08:05:00,13.6388888888889
"2043",2020-10-07 08:10:00,13.6277777777778
"2044",2020-10-07 08:15:00,13.6222222222222
"2045",2020-10-07 08:20:00,13.6222222222222
"2046",2020-10-07 08:25:00,13.6111111111111
"2047",2020-10-07 08:30:00,13.6
"2048",2020-10-07 08:35:00,13.6
"2049",2020-10-07 08:40:00,13.5888888888889
"2050",2020-10-07 08:45:00,13.5777777777778
"2051",2020-10-07 08:50:00,13.5777777777778
"2052",2020-10-07 08:55:00,13.5777777777778
"2053",2020-10-07 09:00:00,13.5777777777778
"2054",2020-10-07 09:05:00,13.5777777777778
"2055",2020-10-07 09:10:00,13.5722222222222
"2056",2020-10-07 09:15:00,13.5722222222222
"2057",2020-10-07 09:20:00,13.5611111111111
"2058",2020-10-07 09:25:00,13.5611111111111
"2059",2020-10-07 09:30:00,13.55
"2060",2020-10-07 09:35:00,13.55
"2061",2020-10-07 09:40:00,13.5388888888889
"2062",2020-10-07 09:45:00,13.5388888888889
"2063",2020-10-07 09:50:00,13.5277777777778
"2064",2020-10-07 09:55:00,13.5277777777778
"2065",2020-10-07 10:00:00,13.5222222222222
"2066",2020-10-07 10:05:00,13.5222222222222
"2067",2020-10-07 10:10:00,13.5111111111111
"2068",2020-10-07 10:15:00,13.4888888888889
"2069",2020-10-07 10:20:00,13.4777777777778
"2070",2020-10-07 10:25:00,13.4777777777778
"2071",2020-10-07 10:30:00,13.4722222222222
"2072",2020-10-07 10:35:00,13.4611111111111
"2073",2020-10-07 10:40:00,13.4611111111111
"2074",2020-10-07 10:45:00,13.45
"2075",2020-10-07 10:50:00,13.4388888888889
"2076",2020-10-07 10:55:00,13.4277777777778
"2077",2020-10-07 11:00:00,13.4222222222222
"2078",2020-10-07 11:05:00,13.4222222222222
"2079",2020-10-07 11:10:00,13.4222222222222
"2080",2020-10-07 11:15:00,13.4111111111111
"2081",2020-10-07 11:20:00,13.4111111111111
"2082",2020-10-07 11:25:00,13.4111111111111
"2083",2020-10-07 11:30:00,13.4
"2084",2020-10-07 11:35:00,13.3888888888889
"2085",2020-10-07 11:40:00,13.3888888888889
"2086",2020-10-07 11:45:00,13.3888888888889
"2087",2020-10-07 11:50:00,13.3777777777778
"2088",2020-10-07 11:55:00,13.3777777777778
"2089",2020-10-07 12:00:00,13.3777777777778
"2090",2020-10-07 12:05:00,13.3722222222222
"2091",2020-10-07 12:10:00,13.3722222222222
"2092",2020-10-07 12:15:00,13.3722222222222
"2093",2020-10-07 12:20:00,13.3611111111111
"2094",2020-10-07 12:25:00,13.35
"2095",2020-10-07 12:30:00,13.3388888888889
"2096",2020-10-07 12:35:00,13.3388888888889
"2097",2020-10-07 12:40:00,13.3388888888889
"2098",2020-10-07 12:45:00,13.3277777777778
"2099",2020-10-07 12:50:00,13.3222222222222
"2100",2020-10-07 12:55:00,13.3222222222222
"2101",2020-10-07 13:00:00,13.3111111111111
"2102",2020-10-07 13:05:00,13.3
"2103",2020-10-07 13:10:00,13.3
"2104",2020-10-07 13:15:00,13.2888888888889
"2105",2020-10-07 13:20:00,13.2888888888889
"2106",2020-10-07 13:25:00,13.2888888888889
"2107",2020-10-07 13:30:00,13.2888888888889
"2108",2020-10-07 13:35:00,13.2777777777778
"2109",2020-10-07 13:40:00,13.2777777777778
"2110",2020-10-07 13:45:00,13.2722222222222
"2111",2020-10-07 13:50:00,13.2722222222222
"2112",2020-10-07 13:55:00,13.2611111111111
"2113",2020-10-07 14:00:00,13.25
"2114",2020-10-07 14:05:00,13.2388888888889
"2115",2020-10-07 14:10:00,13.2388888888889
"2116",2020-10-07 14:15:00,13.2388888888889
"2117",2020-10-07 14:20:00,13.2388888888889
"2118",2020-10-07 14:25:00,13.2277777777778
"2119",2020-10-07 14:30:00,13.2222222222222
"2120",2020-10-07 14:35:00,13.2222222222222
"2121",2020-10-07 14:40:00,13.2222222222222
"2122",2020-10-07 14:45:00,13.2222222222222
"2123",2020-10-07 14:50:00,13.2222222222222
"2124",2020-10-07 14:55:00,13.2111111111111
"2125",2020-10-07 15:00:00,13.2111111111111
"2126",2020-10-07 15:05:00,13.2111111111111
"2127",2020-10-07 15:10:00,13.2111111111111
"2128",2020-10-07 15:15:00,13.2111111111111
"2129",2020-10-07 15:20:00,13.2111111111111
"2130",2020-10-07 15:25:00,13.2111111111111
"2131",2020-10-07 15:30:00,13.2111111111111
"2132",2020-10-07 15:35:00,13.2222222222222
"2133",2020-10-07 15:40:00,13.2388888888889
"2134",2020-10-07 15:45:00,13.2611111111111
"2135",2020-10-07 15:50:00,13.2722222222222
"2136",2020-10-07 15:55:00,13.2777777777778
"2137",2020-10-07 16:00:00,13.3
"2138",2020-10-07 16:05:00,13.3222222222222
"2139",2020-10-07 16:10:00,13.3277777777778
"2140",2020-10-07 16:15:00,13.3611111111111
"2141",2020-10-07 16:20:00,13.3888888888889
"2142",2020-10-07 16:25:00,13.4111111111111
"2143",2020-10-07 16:30:00,13.4222222222222
"2144",2020-10-07 16:35:00,13.4388888888889
"2145",2020-10-07 16:40:00,13.45
"2146",2020-10-07 16:45:00,13.45
"2147",2020-10-07 16:50:00,13.4611111111111
"2148",2020-10-07 16:55:00,13.4611111111111
"2149",2020-10-07 17:00:00,13.4611111111111
"2150",2020-10-07 17:05:00,13.4722222222222
"2151",2020-10-07 17:10:00,13.4722222222222
"2152",2020-10-07 17:15:00,13.4777777777778
"2153",2020-10-07 17:20:00,13.4888888888889
"2154",2020-10-07 17:25:00,13.5
"2155",2020-10-07 17:30:00,13.5222222222222
"2156",2020-10-07 17:35:00,13.5388888888889
"2157",2020-10-07 17:40:00,13.5722222222222
"2158",2020-10-07 17:45:00,13.5888888888889
"2159",2020-10-07 17:50:00,13.6111111111111
"2160",2020-10-07 17:55:00,13.6222222222222
"2161",2020-10-07 18:00:00,13.65
"2162",2020-10-07 18:05:00,13.6888888888889
"2163",2020-10-07 18:10:00,13.7
"2164",2020-10-07 18:15:00,13.7111111111111
"2165",2020-10-07 18:20:00,13.7277777777778
"2166",2020-10-07 18:25:00,13.7388888888889
"2167",2020-10-07 18:30:00,13.7388888888889
"2168",2020-10-07 18:35:00,13.7611111111111
"2169",2020-10-07 18:40:00,13.7777777777778
"2170",2020-10-07 18:45:00,13.8
"2171",2020-10-07 18:50:00,13.8222222222222
"2172",2020-10-07 18:55:00,13.8388888888889
"2173",2020-10-07 19:00:00,13.8777777777778
"2174",2020-10-07 19:05:00,13.9111111111111
"2175",2020-10-07 19:10:00,13.9388888888889
"2176",2020-10-07 19:15:00,13.95
"2177",2020-10-07 19:20:00,14
"2178",2020-10-07 19:25:00,14.0388888888889
"2179",2020-10-07 19:30:00,14.0611111111111
"2180",2020-10-07 19:35:00,14.0722222222222
"2181",2020-10-07 19:40:00,14.0777777777778
"2182",2020-10-07 19:45:00,14.0888888888889
"2183",2020-10-07 19:50:00,14.1111111111111
"2184",2020-10-07 19:55:00,14.1277777777778
"2185",2020-10-07 20:00:00,14.1777777777778
"2186",2020-10-07 20:05:00,14.2277777777778
"2187",2020-10-07 20:10:00,14.2777777777778
"2188",2020-10-07 20:15:00,14.3
"2189",2020-10-07 20:20:00,14.3222222222222
"2190",2020-10-07 20:25:00,14.3277777777778
"2191",2020-10-07 20:30:00,14.3611111111111
"2192",2020-10-07 20:35:00,14.3888888888889
"2193",2020-10-07 20:40:00,14.4222222222222
"2194",2020-10-07 20:45:00,14.4388888888889
"2195",2020-10-07 20:50:00,14.4611111111111
"2196",2020-10-07 20:55:00,14.5
"2197",2020-10-07 21:00:00,14.5111111111111
"2198",2020-10-07 21:05:00,14.5111111111111
"2199",2020-10-07 21:10:00,14.5222222222222
"2200",2020-10-07 21:15:00,14.5222222222222
"2201",2020-10-07 21:20:00,14.5111111111111
"2202",2020-10-07 21:25:00,14.5222222222222
"2203",2020-10-07 21:30:00,14.5277777777778
"2204",2020-10-07 21:35:00,14.55
"2205",2020-10-07 21:40:00,14.5611111111111
"2206",2020-10-07 21:45:00,14.5722222222222
"2207",2020-10-07 21:50:00,14.5777777777778
"2208",2020-10-07 21:55:00,14.6
"2209",2020-10-07 22:00:00,14.6277777777778
