#,Date,Low Range,Full Range,Temp
1,12-19-2019 00:00:00,455.8,456,-0.06
2,12-19-2019 00:30:00,455.4,455.6,-0.06
3,12-19-2019 01:00:00,455.5,455.6,-0.05
4,12-19-2019 01:30:00,456.1,456.4,-0.05
5,12-19-2019 02:00:00,456.5,456.7,-0.05
6,12-19-2019 02:30:00,457.2,457.1,-0.05
7,12-19-2019 03:00:00,458,458.3,-0.05
8,12-19-2019 03:30:00,458.7,458.7,-0.05
9,12-19-2019 04:00:00,459.6,459.8,-0.05
10,12-19-2019 04:30:00,460.5,460.6,-0.05
11,12-19-2019 05:00:00,461.3,461.4,-0.04
12,12-19-2019 05:30:00,462.1,462.2,-0.04
13,12-19-2019 06:00:00,462.4,462.6,-0.04
14,12-19-2019 06:30:00,462.8,463.3,-0.04
15,12-19-2019 07:00:00,462.9,462.9,-0.04
16,12-19-2019 07:30:00,463.2,463.3,-0.04
17,12-19-2019 08:00:00,463.2,463.3,-0.04
18,12-19-2019 08:30:00,463.4,463.7,-0.01
19,12-19-2019 09:00:00,463.8,463.7,0
20,12-19-2019 09:30:00,464.1,464.1,0.04
21,12-19-2019 10:00:00,464.1,464.1,0.07
22,12-19-2019 10:30:00,463.8,464,0.11
23,12-19-2019 11:00:00,463.8,463.6,0.15
24,12-19-2019 11:30:00,463.4,463.6,0.17
25,12-19-2019 12:00:00,463,462.8,0.21
26,12-19-2019 12:30:00,462.2,462.4,0.21
27,12-19-2019 13:00:00,461.5,461.7,0.22
28,12-19-2019 13:30:00,460.5,460.5,0.19
29,12-19-2019 14:00:00,459.5,459.3,0.18
30,12-19-2019 14:30:00,458.6,458.6,0.13
31,12-19-2019 15:00:00,457.7,457.4,0.11
32,12-19-2019 15:30:00,456.9,456.7,0.07
33,12-19-2019 16:00:00,455.7,455.5,0.06
34,12-19-2019 16:30:00,454.7,454.8,0.04
35,12-19-2019 17:00:00,453.9,454,0.01
36,12-19-2019 17:30:00,453.3,453.2,0.01
37,12-19-2019 18:00:00,453,452.8,0.01
38,12-19-2019 18:30:00,452.6,452.8,0
39,12-19-2019 19:00:00,452.5,452.1,0
40,12-19-2019 19:30:00,452.3,452.1,0
41,12-19-2019 20:00:00,452.2,452.1,-0.01
42,12-19-2019 20:30:00,451.8,452.1,0
43,12-19-2019 21:00:00,452,452.1,0
44,12-19-2019 21:30:00,451.9,452.1,0
45,12-19-2019 22:00:00,452,451.7,-0.01
46,12-19-2019 22:30:00,451.8,451.7,-0.01
47,12-19-2019 23:00:00,451.5,451.7,0
48,12-19-2019 23:30:00,451.4,451.3,-0.01
49,12-20-2019 00:00:00,451.1,451.3,-0.01
50,12-20-2019 00:30:00,451,451.3,-0.01
51,12-20-2019 01:00:00,450.8,450.9,-0.01
52,12-20-2019 01:30:00,450.8,450.9,-0.01
53,12-20-2019 02:00:00,450.6,450.5,-0.01
54,12-20-2019 02:30:00,450.9,450.9,-0.01
55,12-20-2019 03:00:00,451.1,451.3,-0.01
56,12-20-2019 03:30:00,451.7,451.7,-0.01
57,12-20-2019 04:00:00,452.2,452.1,-0.02
58,12-20-2019 04:30:00,452.8,452.5,-0.02
59,12-20-2019 05:00:00,453.1,452.9,-0.02
60,12-20-2019 05:30:00,453,453.2,-0.02
61,12-20-2019 06:00:00,452.9,452.5,-0.02
62,12-20-2019 06:30:00,452.5,452.5,-0.02
63,12-20-2019 07:00:00,451.8,452.1,-0.02
64,12-20-2019 07:30:00,451.3,451.3,-0.02
65,12-20-2019 08:00:00,451.1,450.9,-0.02
66,12-20-2019 08:30:00,450.9,450.9,-0.01
67,12-20-2019 09:00:00,450.7,450.5,0.01
68,12-20-2019 09:30:00,450.7,450.9,0.04
69,12-20-2019 10:00:00,450.9,450.9,0.08
70,12-20-2019 10:30:00,451.2,451.2,0.11
71,12-20-2019 11:00:00,451.1,451.2,0.15
72,12-20-2019 11:30:00,451.2,451.2,0.19
73,12-20-2019 12:00:00,450.9,451.2,0.23
74,12-20-2019 12:30:00,450.8,450.8,0.25
75,12-20-2019 13:00:00,450.8,450.4,0.28
76,12-20-2019 13:30:00,450.4,450.4,0.3
77,12-20-2019 14:00:00,449.5,449.6,0.28
78,12-20-2019 14:30:00,449,449.2,0.28
79,12-20-2019 15:00:00,448.1,448.1,0.28
80,12-20-2019 15:30:00,447.7,447.7,0.27
81,12-20-2019 16:00:00,447,447.3,0.27
82,12-20-2019 16:30:00,446.7,446.5,0.27
83,12-20-2019 17:00:00,446.3,446.1,0.28
84,12-20-2019 17:30:00,446.3,446.1,0.3
85,12-20-2019 18:00:00,446.5,446.5,0.34
86,12-20-2019 18:30:00,446.6,446.5,0.38
87,12-20-2019 19:00:00,446.8,446.8,0.39
88,12-20-2019 19:30:00,447.1,446.8,0.41
89,12-20-2019 20:00:00,447.3,447.6,0.45
90,12-20-2019 20:30:00,447.8,448,0.46
91,12-20-2019 21:00:00,448.4,448.4,0.46
92,12-20-2019 21:30:00,449.1,449.1,0.5
93,12-20-2019 22:00:00,450,449.9,0.51
94,12-20-2019 22:30:00,450.6,450.3,0.56
95,12-20-2019 23:00:00,451.5,451.4,0.58
96,12-20-2019 23:30:00,452.5,452.2,0.62
97,12-21-2019 00:00:00,453.6,453.7,0.65
98,12-21-2019 00:30:00,455.1,455.2,0.72
99,12-21-2019 01:00:00,456.8,456.4,0.76
100,12-21-2019 01:30:00,458.6,458.7,0.81
101,12-21-2019 02:00:00,460.3,460.6,0.87
102,12-21-2019 02:30:00,462,461.7,0.92
103,12-21-2019 03:00:00,463.1,463.2,0.98
104,12-21-2019 03:30:00,464,463.6,1.02
105,12-21-2019 04:00:00,464.8,464.7,1.08
106,12-21-2019 04:30:00,465.5,465.5,1.13
107,12-21-2019 05:00:00,466.8,466.2,1.18
108,12-21-2019 05:30:00,467.5,467,1.21
109,12-21-2019 06:00:00,468,468.1,1.24
110,12-21-2019 06:30:00,468,467.8,1.25
111,12-21-2019 07:00:00,468,467.7,1.26
112,12-21-2019 07:30:00,468,467.7,1.26
113,12-21-2019 08:00:00,468.2,467.7,1.27
114,12-21-2019 08:30:00,468,467.7,1.27
115,12-21-2019 09:00:00,468.7,468.5,1.32
116,12-21-2019 09:30:00,469.4,469.6,1.39
117,12-21-2019 10:00:00,470.3,470,1.47
118,12-21-2019 10:30:00,471.5,471.5,1.58
119,12-21-2019 11:00:00,473.2,473.3,1.7
120,12-21-2019 11:30:00,475.2,475.2,1.84
121,12-21-2019 12:00:00,477,477.1,1.98
122,12-21-2019 12:30:00,479.2,479,2.12
123,12-21-2019 13:00:00,480.6,480.8,2.23
124,12-21-2019 13:30:00,482.1,482.3,2.32
125,12-21-2019 14:00:00,483.6,483.5,2.39
126,12-21-2019 14:30:00,484,484.2,2.44
127,12-21-2019 15:00:00,484.7,484.6,2.49
128,12-21-2019 15:30:00,485.5,485.3,2.55
129,12-21-2019 16:00:00,486.2,486.1,2.61
130,12-21-2019 16:30:00,486.9,486.8,2.66
131,12-21-2019 17:00:00,487.7,487.2,2.72
132,12-21-2019 17:30:00,488.2,488.3,2.79
133,12-21-2019 18:00:00,488.3,488.3,2.78
134,12-21-2019 18:30:00,487.7,487.5,2.79
135,12-21-2019 19:00:00,487.1,486.8,2.73
136,12-21-2019 19:30:00,485.9,486,2.68
137,12-21-2019 20:00:00,484.6,484.1,2.58
138,12-21-2019 20:30:00,482.9,483,2.47
139,12-21-2019 21:00:00,481.3,481.2,2.38
140,12-21-2019 21:30:00,480,480,2.29
141,12-21-2019 22:00:00,479,479.3,2.21
142,12-21-2019 22:30:00,478.4,478.2,2.16
143,12-21-2019 23:00:00,478.1,477.8,2.12
144,12-21-2019 23:30:00,478.1,477.4,2.12
145,12-22-2019 00:00:00,478.1,477.8,2.11
146,12-22-2019 00:30:00,478.4,478.2,2.11
147,12-22-2019 01:00:00,478.7,478.6,2.11
148,12-22-2019 01:30:00,479.1,479,2.11
149,12-22-2019 02:00:00,479.6,479.3,2.11
150,12-22-2019 02:30:00,479.8,479.3,2.11
151,12-22-2019 03:00:00,479.9,479.7,2.12
152,12-22-2019 03:30:00,480.1,479.7,2.13
153,12-22-2019 04:00:00,480.1,480.1,2.15
154,12-22-2019 04:30:00,480.4,480.1,2.17
155,12-22-2019 05:00:00,480.6,480.1,2.18
156,12-22-2019 05:30:00,481,480.5,2.21
157,12-22-2019 06:00:00,481.2,480.8,2.24
158,12-22-2019 06:30:00,481.5,481.2,2.26
159,12-22-2019 07:00:00,481.6,481.2,2.28
160,12-22-2019 07:30:00,481.7,481.2,2.28
161,12-22-2019 08:00:00,481.9,482,2.3
162,12-22-2019 08:30:00,482.1,482,2.32
163,12-22-2019 09:00:00,482.5,482.3,2.35
164,12-22-2019 09:30:00,483.4,483.5,2.41
165,12-22-2019 10:00:00,484.9,484.6,2.54
166,12-22-2019 10:30:00,486.6,486.4,2.64
167,12-22-2019 11:00:00,488.2,488.3,2.77
168,12-22-2019 11:30:00,490,489.8,2.91
169,12-22-2019 12:00:00,492.1,491.7,3.06
170,12-22-2019 12:30:00,494,493.5,3.19
171,12-22-2019 13:00:00,495.6,495.8,3.3
172,12-22-2019 13:30:00,496.6,496.5,3.38
173,12-22-2019 14:00:00,497.4,497.7,3.46
174,12-22-2019 14:30:00,498.2,498,3.51
175,12-22-2019 15:00:00,499,498.8,3.55
176,12-22-2019 15:30:00,499.7,499.5,3.6
177,12-22-2019 16:00:00,500.7,500.7,3.66
178,12-22-2019 16:30:00,501.5,501,3.69
179,12-22-2019 17:00:00,501.5,501.4,3.7
180,12-22-2019 17:30:00,501.3,501.4,3.72
181,12-22-2019 18:00:00,501,500.6,3.7
182,12-22-2019 18:30:00,500.6,500.6,3.69
183,12-22-2019 19:00:00,499.9,499.9,3.64
184,12-22-2019 19:30:00,498.3,498,3.58
185,12-22-2019 20:00:00,497.2,497.3,3.47
186,12-22-2019 20:30:00,495.3,495.4,3.36
187,12-22-2019 21:00:00,494,493.9,3.25
188,12-22-2019 21:30:00,492.5,492.4,3.18
189,12-22-2019 22:00:00,491.5,491.2,3.11
190,12-22-2019 22:30:00,490.9,490.9,3.06
191,12-22-2019 23:00:00,490.9,490.5,3.02
192,12-22-2019 23:30:00,490.8,490.5,3
193,12-23-2019 00:00:00,491.1,490.5,2.98
194,12-23-2019 00:30:00,490.9,490.5,2.98
195,12-23-2019 01:00:00,490.9,490.5,2.98
196,12-23-2019 01:30:00,491,490.9,2.98
197,12-23-2019 02:00:00,490.8,490.5,2.96
198,12-23-2019 02:30:00,490.8,490.6,2.95
199,12-23-2019 03:00:00,489.4,489.4,2.95
200,12-23-2019 03:30:00,490.8,490.5,2.96
201,12-23-2019 04:00:00,490.9,490.5,2.96
202,12-23-2019 04:30:00,490.9,490.9,2.97
203,12-23-2019 05:00:00,491.1,490.9,2.98
204,12-23-2019 05:30:00,490.8,490.9,3
205,12-23-2019 06:00:00,490.8,490.5,3.01
206,12-23-2019 06:30:00,490.5,490.5,3
207,12-23-2019 07:00:00,490.1,489.8,3
208,12-23-2019 07:30:00,490.2,490.2,2.96
209,12-23-2019 08:00:00,491.6,491.3,2.95
210,12-23-2019 08:30:00,490.9,490.9,2.94
211,12-23-2019 09:00:00,490.8,490.5,2.96
212,12-23-2019 09:30:00,491.3,490.9,2.98
213,12-23-2019 10:00:00,491.7,491.7,3.04
214,12-23-2019 10:30:00,492.8,492.4,3.12
215,12-23-2019 11:00:00,494,493.5,3.21
216,12-23-2019 11:30:00,495.2,495,3.32
217,12-23-2019 12:00:00,496.8,496.1,3.43
218,12-23-2019 12:30:00,497.9,497.6,3.52
219,12-23-2019 13:00:00,499,498.4,3.59
220,12-23-2019 13:30:00,499.8,499.5,3.65
221,12-23-2019 14:00:00,500.4,499.9,3.69
222,12-23-2019 14:30:00,500.8,500.2,3.72
223,12-23-2019 15:00:00,500.5,499.9,3.71
224,12-23-2019 15:30:00,500.8,500.2,3.72
225,12-23-2019 16:00:00,501.1,501,3.74
226,12-23-2019 16:30:00,501.6,501,3.75
227,12-23-2019 17:00:00,501.5,501,3.74
228,12-23-2019 17:30:00,500.8,500.2,3.72
229,12-23-2019 18:00:00,499.9,499.5,3.68
230,12-23-2019 18:30:00,498.9,498.7,3.64
231,12-23-2019 19:00:00,498,498,3.58
232,12-23-2019 19:30:00,497,496.5,3.51
233,12-23-2019 20:00:00,495.6,495.4,3.42
234,12-23-2019 20:30:00,494.3,493.8,3.34
235,12-23-2019 21:00:00,493.5,493.1,3.26
236,12-23-2019 21:30:00,492.5,492,3.18
237,12-23-2019 22:00:00,492.2,492,3.15
238,12-23-2019 22:30:00,492.5,492.4,3.13
239,12-23-2019 23:00:00,492.7,492.4,3.13
240,12-23-2019 23:30:00,493.1,493.2,3.13
241,12-24-2019 00:00:00,493.5,493.2,3.13
242,12-24-2019 00:30:00,493.7,493.6,3.12
243,12-24-2019 01:00:00,494,493.9,3.14
244,12-24-2019 01:30:00,494.3,493.9,3.14
245,12-24-2019 02:00:00,494.3,493.9,3.15
246,12-24-2019 02:30:00,494.7,494.3,3.18
247,12-24-2019 03:00:00,494.9,495.1,3.21
248,12-24-2019 03:30:00,495.3,495.1,3.25
249,12-24-2019 04:00:00,495.7,495.4,3.29
250,12-24-2019 04:30:00,496.1,495.8,3.32
251,12-24-2019 05:00:00,496.5,496.2,3.36
252,12-24-2019 05:30:00,496.8,496.5,3.38
253,12-24-2019 06:00:00,497,496.9,3.41
254,12-24-2019 06:30:00,497.2,496.9,3.42
255,12-24-2019 07:00:00,497.2,496.9,3.43
256,12-24-2019 07:30:00,497.2,496.9,3.43
257,12-24-2019 08:00:00,497.1,496.9,3.45
258,12-24-2019 08:30:00,497.4,497.3,3.45
259,12-24-2019 09:00:00,497.5,497.3,3.47
260,12-24-2019 09:30:00,497.8,497.6,3.49
261,12-24-2019 10:00:00,498.1,497.6,3.52
262,12-24-2019 10:30:00,498.4,498,3.55
263,12-24-2019 11:00:00,499.1,498.4,3.58
264,12-24-2019 11:30:00,500.2,499.5,3.68
265,12-24-2019 12:00:00,501.9,501.4,3.81
266,12-24-2019 12:30:00,503,502.5,3.89
267,12-24-2019 13:00:00,504.1,503.6,3.98
268,12-24-2019 13:30:00,505.4,505.1,4.06
269,12-24-2019 14:00:00,506,505.4,4.14
270,12-24-2019 14:30:00,506.5,506.2,4.17
271,12-24-2019 15:00:00,505.9,505.4,4.15
272,12-24-2019 15:30:00,506.3,505.8,4.17
273,12-24-2019 16:00:00,506,505.4,4.19
274,12-24-2019 16:30:00,506.6,505.8,4.21
275,12-24-2019 17:00:00,506.4,505.8,4.2
276,12-24-2019 17:30:00,505.8,505.4,4.19
277,12-24-2019 18:00:00,505.5,505.4,4.17
278,12-24-2019 18:30:00,504,503.5,4.1
279,12-24-2019 19:00:00,503.4,502.8,4.09
280,12-24-2019 19:30:00,502.5,502,4.02
281,12-24-2019 20:00:00,501.3,500.9,3.97
282,12-24-2019 20:30:00,500.1,499.4,3.87
283,12-24-2019 21:00:00,499.1,498.6,3.8
284,12-24-2019 21:30:00,498.1,497.9,3.71
285,12-24-2019 22:00:00,497.3,497.2,3.65
286,12-24-2019 22:30:00,496.5,496.4,3.59
287,12-24-2019 23:00:00,495.9,495.3,3.54
288,12-24-2019 23:30:00,495.4,494.9,3.48
289,12-25-2019 00:00:00,494.9,494.6,3.45
290,12-25-2019 00:30:00,494.5,494.2,3.4
291,12-25-2019 01:00:00,494.1,493.5,3.35
292,12-25-2019 01:30:00,493.4,492.7,3.3
293,12-25-2019 02:00:00,492.6,491.9,3.26
294,12-25-2019 02:30:00,492.3,492,3.21
295,12-25-2019 03:00:00,491.8,491.6,3.18
296,12-25-2019 03:30:00,491.2,490.8,3.14
297,12-25-2019 04:00:00,490.4,490.1,3.11
298,12-25-2019 04:30:00,490,489.7,3.08
299,12-25-2019 05:00:00,489.6,488.9,3.06
300,12-25-2019 05:30:00,489,488.2,3.02
301,12-25-2019 06:00:00,488.3,487.8,3.01
302,12-25-2019 06:30:00,488.1,487.4,2.97
303,12-25-2019 07:00:00,487.7,487.4,2.96
304,12-25-2019 07:30:00,487.2,486.7,2.94
305,12-25-2019 08:00:00,486.9,486.7,2.92
306,12-25-2019 08:30:00,487.1,486.7,2.92
307,12-25-2019 09:00:00,487.6,486.7,2.96
308,12-25-2019 09:30:00,488,487.4,3
309,12-25-2019 10:00:00,488.6,487.8,3.02
310,12-25-2019 10:30:00,489.5,488.9,3.13
311,12-25-2019 11:00:00,491.4,491.2,3.29
312,12-25-2019 11:30:00,493.2,492.6,3.43
313,12-25-2019 12:00:00,495.2,494.9,3.58
314,12-25-2019 12:30:00,497.6,497.1,3.74
315,12-25-2019 13:00:00,499.9,499,3.91
316,12-25-2019 13:30:00,501.7,500.9,4.03
317,12-25-2019 14:00:00,502.4,502,4.12
318,12-25-2019 14:30:00,502.7,502.3,4.16
319,12-25-2019 15:00:00,503.5,503.1,4.17
320,12-25-2019 15:30:00,505.4,505,4.25
321,12-25-2019 16:00:00,505.9,505.4,4.28
322,12-25-2019 16:30:00,506,505.4,4.29
323,12-25-2019 17:00:00,506.3,505.7,4.32
324,12-25-2019 17:30:00,506.4,505.7,4.33
325,12-25-2019 18:00:00,505.7,505.3,4.33
326,12-25-2019 18:30:00,505.7,505.3,4.33
327,12-25-2019 19:00:00,505.1,504.6,4.31
328,12-25-2019 19:30:00,504.3,503.8,4.23
329,12-25-2019 20:00:00,503.1,502.7,4.15
330,12-25-2019 20:30:00,501.7,501.2,4.05
331,12-25-2019 21:00:00,500.4,499.7,3.97
332,12-25-2019 21:30:00,499.3,498.2,3.91
333,12-25-2019 22:00:00,498.6,497.9,3.83
334,12-25-2019 22:30:00,498.1,497.5,3.81
335,12-25-2019 23:00:00,498.2,497.1,3.78
336,12-25-2019 23:30:00,498.1,497.1,3.77
337,12-26-2019 00:00:00,498.2,497.9,3.78
338,12-26-2019 00:30:00,498.1,497.1,3.75
339,12-26-2019 01:00:00,498.2,497.1,3.76
340,12-26-2019 01:30:00,497.8,497.1,3.74
341,12-26-2019 02:00:00,497.7,497.1,3.74
342,12-26-2019 02:30:00,497.6,496.7,3.74
343,12-26-2019 03:00:00,497.4,496.8,3.71
344,12-26-2019 03:30:00,497.4,496.8,3.71
345,12-26-2019 04:00:00,497.2,496.7,3.72
346,12-26-2019 04:30:00,497.5,496.7,3.72
347,12-26-2019 05:00:00,497.7,497.1,3.76
348,12-26-2019 05:30:00,497.7,497.1,3.76
349,12-26-2019 06:00:00,497.6,497.1,3.77
350,12-26-2019 06:30:00,497.9,497.1,3.76
351,12-26-2019 07:00:00,497,496.4,3.72
352,12-26-2019 07:30:00,496.3,495.6,3.69
353,12-26-2019 08:00:00,496.2,495.6,3.68
354,12-26-2019 08:30:00,496.1,495.6,3.65
355,12-26-2019 09:00:00,496.4,496,3.7
356,12-26-2019 09:30:00,497.4,496.7,3.76
357,12-26-2019 10:00:00,498.2,497.4,3.87
358,12-26-2019 10:30:00,499.8,499.3,4
359,12-26-2019 11:00:00,502.2,501.5,4.17
360,12-26-2019 11:30:00,502.1,501.5,4.2
361,12-26-2019 12:00:00,502.5,501.5,4.25
362,12-26-2019 12:30:00,503,502.6,4.29
363,12-26-2019 13:00:00,504,503.8,4.36
364,12-26-2019 13:30:00,505,504.1,4.42
365,12-26-2019 14:00:00,505.4,504.5,4.42
366,12-26-2019 14:30:00,506.2,505.7,4.43
367,12-26-2019 15:00:00,506.4,505.7,4.44
368,12-26-2019 15:30:00,506.5,505.7,4.45
369,12-26-2019 16:00:00,506.2,505.3,4.43
370,12-26-2019 16:30:00,506,504.9,4.4
371,12-26-2019 17:00:00,506.1,505.3,4.42
372,12-26-2019 17:30:00,505.7,504.9,4.4
373,12-26-2019 18:00:00,504.7,503.8,4.33
374,12-26-2019 18:30:00,503.7,503,4.29
375,12-26-2019 19:00:00,503.1,502.7,4.25
376,12-26-2019 19:30:00,502.5,501.9,4.22
377,12-26-2019 20:00:00,501.6,500.8,4.17
378,12-26-2019 20:30:00,501.1,500,4.14
379,12-26-2019 21:00:00,500.6,500.1,4.08
380,12-26-2019 21:30:00,500.5,499.7,4.05
381,12-26-2019 22:00:00,500.4,499.7,4.04
382,12-26-2019 22:30:00,499.8,498.9,3.99
383,12-26-2019 23:00:00,499.5,498.6,3.97
384,12-26-2019 23:30:00,499,498.2,3.94
385,12-27-2019 00:00:00,498.8,497.8,3.91
386,12-27-2019 00:30:00,498.1,497.4,3.88
387,12-27-2019 01:00:00,497.5,496.7,3.85
388,12-27-2019 01:30:00,497.2,496.7,3.81
389,12-27-2019 02:00:00,496.5,495.9,3.81
390,12-27-2019 02:30:00,496.5,496.3,3.8
391,12-27-2019 03:00:00,496,495.6,3.78
392,12-27-2019 03:30:00,495.7,495.2,3.78
393,12-27-2019 04:00:00,495.6,494.8,3.75
394,12-27-2019 04:30:00,495,494.4,3.74
395,12-27-2019 05:00:00,494.8,494,3.71
396,12-27-2019 05:30:00,494.2,493.7,3.68
397,12-27-2019 06:00:00,493,492.5,3.64
398,12-27-2019 06:30:00,492.4,491.8,3.6
399,12-27-2019 07:00:00,491.9,491.4,3.57
400,12-27-2019 07:30:00,491.7,491,3.55
401,12-27-2019 08:00:00,490.6,489.9,3.49
402,12-27-2019 08:30:00,489.8,489.5,3.46
403,12-27-2019 09:00:00,489.3,488.8,3.43
404,12-27-2019 09:30:00,489.1,488.8,3.43
405,12-27-2019 10:00:00,489.3,488.8,3.43
406,12-27-2019 10:30:00,489.4,488.7,3.47
407,12-27-2019 11:00:00,490,489.1,3.52
408,12-27-2019 11:30:00,491.6,491,3.63
409,12-27-2019 12:00:00,492.5,491.7,3.71
410,12-27-2019 12:30:00,493.5,492.8,3.78
411,12-27-2019 13:00:00,493.7,493.6,3.82
412,12-27-2019 13:30:00,493.5,493.2,3.86
413,12-27-2019 14:00:00,493.6,493.2,3.86
414,12-27-2019 14:30:00,493.4,492.8,3.85
415,12-27-2019 15:00:00,493,492.8,3.8
416,12-27-2019 15:30:00,492.7,492.5,3.78
417,12-27-2019 16:00:00,491.9,491.7,3.74
418,12-27-2019 16:30:00,491.1,491,3.68
419,12-27-2019 17:00:00,490.9,490.2,3.65
420,12-27-2019 17:30:00,490.4,489.8,3.65
421,12-27-2019 18:00:00,489.6,489.1,3.6
422,12-27-2019 18:30:00,488.4,487.6,3.52
423,12-27-2019 19:00:00,486.5,486,3.42
424,12-27-2019 19:30:00,484.2,483.8,3.28
425,12-27-2019 20:00:00,482.3,481.9,3.13
426,12-27-2019 20:30:00,480.5,480.1,2.98
427,12-27-2019 21:00:00,478.5,478.2,2.84
428,12-27-2019 21:30:00,477,476.3,2.73
429,12-27-2019 22:00:00,475.8,475.6,2.63
430,12-27-2019 22:30:00,474.5,474.5,2.54
431,12-27-2019 23:00:00,473.1,472.6,2.44
432,12-27-2019 23:30:00,472.2,471.9,2.35
433,12-28-2019 00:00:00,471.5,470.7,2.29
434,12-28-2019 00:30:00,470.4,469.2,2.21
435,12-28-2019 01:00:00,469.4,468.5,2.13
436,12-28-2019 01:30:00,468,467.4,2.05
437,12-28-2019 02:00:00,467.3,466.6,1.99
438,12-28-2019 02:30:00,466.8,466.2,1.97
439,12-28-2019 03:00:00,466.7,465.9,1.93
440,12-28-2019 03:30:00,466.4,465.5,1.92
441,12-28-2019 04:00:00,465.2,464.3,1.89
442,12-28-2019 04:30:00,465.6,464.7,1.89
443,12-28-2019 05:00:00,465.7,465.1,1.92
444,12-28-2019 05:30:00,465.9,465.1,1.92
445,12-28-2019 06:00:00,466.2,465.5,1.93
446,12-28-2019 06:30:00,465.9,465.1,1.94
447,12-28-2019 07:00:00,466.1,465.5,1.95
448,12-28-2019 07:30:00,466.5,465.8,1.98
449,12-28-2019 08:00:00,466.7,465.8,1.98
450,12-28-2019 08:30:00,466.7,465.8,1.99
451,12-28-2019 09:00:00,466.7,465.8,1.99
452,12-28-2019 09:30:00,467.4,466.6,2.03
453,12-28-2019 10:00:00,468,467.3,2.07
454,12-28-2019 10:30:00,468.4,467.7,2.12
455,12-28-2019 11:00:00,469.7,468.8,2.23
456,12-28-2019 11:30:00,470.9,469.9,2.33
457,12-28-2019 12:00:00,472.1,471.4,2.4
458,12-28-2019 12:30:00,472.8,472.6,2.46
459,12-28-2019 13:00:00,473.5,473,2.5
460,12-28-2019 13:30:00,474.2,473.7,2.55
461,12-28-2019 14:00:00,474.6,474.1,2.58
462,12-28-2019 14:30:00,474.3,473.7,2.61
463,12-28-2019 15:00:00,473,472.1,2.62
464,12-28-2019 15:30:00,469.8,469.4,2.64
465,12-28-2019 16:00:00,469.5,468.6,2.66
466,12-28-2019 16:30:00,463.9,463.2,2.63
467,12-28-2019 17:00:00,459.2,458.6,2.61
468,12-28-2019 17:30:00,456.5,455.9,2.58
469,12-28-2019 18:00:00,453.1,452.8,2.6
470,12-28-2019 18:30:00,452.5,452,2.62
471,12-28-2019 19:00:00,453.5,453.1,2.66
472,12-28-2019 19:30:00,453.6,453.1,2.69
473,12-28-2019 20:00:00,451.2,450.8,2.72
474,12-28-2019 20:30:00,453.6,452.7,2.74
475,12-28-2019 21:00:00,457,456.6,2.75
476,12-28-2019 21:30:00,456.4,455.4,2.74
477,12-28-2019 22:00:00,449.5,449.3,2.68
478,12-28-2019 22:30:00,429.2,428.8,2.66
479,12-28-2019 23:00:00,417.4,417.2,2.66
480,12-28-2019 23:30:00,412.6,411.8,2.68
481,12-29-2019 00:00:00,396.8,396.4,2.68
482,12-29-2019 00:30:00,386.2,385.6,2.69
483,12-29-2019 01:00:00,381,380.6,2.69
484,12-29-2019 01:30:00,374.6,374.1,2.71
485,12-29-2019 02:00:00,370.1,369.5,2.74
486,12-29-2019 02:30:00,368.5,368.3,2.79
487,12-29-2019 03:00:00,373.5,372.9,2.86
488,12-29-2019 03:30:00,382.8,382.5,2.91
489,12-29-2019 04:00:00,391.5,390.9,3
490,12-29-2019 04:30:00,395.3,395.1,3.06
491,12-29-2019 05:00:00,393.5,393.1,3.11
492,12-29-2019 05:30:00,390.4,390,3.15
493,12-29-2019 06:00:00,391.9,391.9,3.21
494,12-29-2019 06:30:00,392.3,391.9,3.28
495,12-29-2019 07:00:00,388,387.7,3.29
496,12-29-2019 07:30:00,383.5,383.5,3.3
497,12-29-2019 08:00:00,379.8,379.6,3.36
498,12-29-2019 08:30:00,374,373.4,3.4
499,12-29-2019 09:00:00,369,368.8,3.46
500,12-29-2019 09:30:00,367.5,366.8,3.53
501,12-29-2019 10:00:00,367.1,366.8,3.59
502,12-29-2019 10:30:00,369.5,369.1,3.66
503,12-29-2019 11:00:00,372.8,372.1,3.74
504,12-29-2019 11:30:00,376.4,376,3.81
505,12-29-2019 12:00:00,378.5,378.2,3.89
506,12-29-2019 12:30:00,380.4,380.1,4.02
507,12-29-2019 13:00:00,383.9,383.5,4.16
508,12-29-2019 13:30:00,386.9,386.5,4.28
509,12-29-2019 14:00:00,390.6,390.7,4.42
510,12-29-2019 14:30:00,394,393.7,4.5
511,12-29-2019 15:00:00,395.3,395.2,4.54
512,12-29-2019 15:30:00,395.2,395.2,4.57
513,12-29-2019 16:00:00,393.9,393.7,4.57
514,12-29-2019 16:30:00,392.7,392.6,4.55
515,12-29-2019 17:00:00,392.2,391.4,4.54
516,12-29-2019 17:30:00,392,391.8,4.55
517,12-29-2019 18:00:00,391.9,391.8,4.51
518,12-29-2019 18:30:00,390.9,390.7,4.48
519,12-29-2019 19:00:00,390.2,389.9,4.45
520,12-29-2019 19:30:00,390.1,389.9,4.43
521,12-29-2019 20:00:00,389.3,388.8,4.43
522,12-29-2019 20:30:00,389.3,389.1,4.43
523,12-29-2019 21:00:00,390.1,389.5,4.43
524,12-29-2019 21:30:00,390.1,389.5,4.43
525,12-29-2019 22:00:00,390,389.9,4.4
526,12-29-2019 22:30:00,390.8,390.3,4.37
527,12-29-2019 23:00:00,390.9,390.7,4.37
528,12-29-2019 23:30:00,389.8,389.5,4.39
529,12-30-2019 00:00:00,390.6,390.3,4.36
530,12-30-2019 00:30:00,390,389.6,4.34
531,12-30-2019 01:00:00,388.9,388.8,4.32
532,12-30-2019 01:30:00,389.2,389.2,4.31
533,12-30-2019 02:00:00,388.5,388.4,4.27
534,12-30-2019 02:30:00,386.1,385.4,4.23
535,12-30-2019 03:00:00,384.1,383.9,4.2
536,12-30-2019 03:30:00,383.3,383.1,4.15
537,12-30-2019 04:00:00,379.6,379.3,4.1
538,12-30-2019 04:30:00,376.5,375.9,4.04
539,12-30-2019 05:00:00,372.6,372.4,3.97
540,12-30-2019 05:30:00,366.9,365.9,3.89
541,12-30-2019 06:00:00,362.8,362.1,3.81
542,12-30-2019 06:30:00,358.7,358,3.72
543,12-30-2019 07:00:00,354.3,353.4,3.63
544,12-30-2019 07:30:00,351.7,351.1,3.55
545,12-30-2019 08:00:00,349.9,349.2,3.47
546,12-30-2019 08:30:00,347.4,346.6,3.4
547,12-30-2019 09:00:00,346.2,345.4,3.35
548,12-30-2019 09:30:00,347.6,347,3.3
549,12-30-2019 10:00:00,349.7,349.3,3.26
550,12-30-2019 10:30:00,352.2,351.6,3.23
551,12-30-2019 11:00:00,353.3,352.4,3.15
552,12-30-2019 11:30:00,354.6,354.3,3.11
553,12-30-2019 12:00:00,355.8,355.1,3.06
554,12-30-2019 12:30:00,357.2,356.3,3.01
555,12-30-2019 13:00:00,359.2,358.6,2.97
556,12-30-2019 13:30:00,360.3,359.8,2.94
557,12-30-2019 14:00:00,361.6,360.9,2.92
558,12-30-2019 14:30:00,362.4,361.7,2.88
559,12-30-2019 15:00:00,363.5,362.9,2.81
560,12-30-2019 15:30:00,363.5,362.9,2.75
561,12-30-2019 16:00:00,363.6,362.9,2.68
562,12-30-2019 16:30:00,363.3,362.6,2.6
563,12-30-2019 17:00:00,363.3,362.6,2.51
564,12-30-2019 17:30:00,363.7,363,2.46
565,12-30-2019 18:00:00,363.8,363.1,2.38
566,12-30-2019 18:30:00,363.2,362.7,2.27
567,12-30-2019 19:00:00,362.9,362,2.17
568,12-30-2019 19:30:00,362.9,362,2.07
569,12-30-2019 20:00:00,363,362.1,1.99
570,12-30-2019 20:30:00,362.9,362.1,1.9
571,12-30-2019 21:00:00,363.1,362.1,1.83
572,12-30-2019 21:30:00,362.8,362.2,1.73
573,12-30-2019 22:00:00,362,361,1.61
574,12-30-2019 22:30:00,361.1,360.3,1.44
575,12-30-2019 23:00:00,360.4,359.2,1.33
576,12-30-2019 23:30:00,360.1,359.3,1.25
577,12-31-2019 00:00:00,360,359.3,1.16
578,12-31-2019 00:30:00,358.8,358.2,1.03
579,12-31-2019 01:00:00,358,357.1,0.92
580,12-31-2019 01:30:00,356.7,356,0.76
581,12-31-2019 02:00:00,356.5,355.2,0.69
582,12-31-2019 02:30:00,356.6,356,0.65
583,12-31-2019 03:00:00,356.9,356.4,0.62
584,12-31-2019 03:30:00,357.1,356.1,0.57
585,12-31-2019 04:00:00,357,356.1,0.51
586,12-31-2019 04:30:00,356.7,355.7,0.44
587,12-31-2019 05:00:00,356.8,356.1,0.39
588,12-31-2019 05:30:00,357.5,356.5,0.36
589,12-31-2019 06:00:00,358.2,357.3,0.35
590,12-31-2019 06:30:00,358.3,357.3,0.32
591,12-31-2019 07:00:00,358.3,357.3,0.27
592,12-31-2019 07:30:00,358.4,357.3,0.22
593,12-31-2019 08:00:00,358.5,357.3,0.18
594,12-31-2019 08:30:00,359.1,358.1,0.18
595,12-31-2019 09:00:00,359.9,358.9,0.19
596,12-31-2019 09:30:00,360.9,359.6,0.22
597,12-31-2019 10:00:00,362,361.2,0.25
598,12-31-2019 10:30:00,363,361.5,0.29
599,12-31-2019 11:00:00,364.2,363.1,0.33
600,12-31-2019 11:30:00,365.5,364.6,0.39
601,12-31-2019 12:00:00,367.4,366.9,0.47
602,12-31-2019 12:30:00,369.3,368.7,0.61
603,12-31-2019 13:00:00,371.2,370.2,0.7
604,12-31-2019 13:30:00,372.8,372.1,0.79
605,12-31-2019 14:00:00,374.1,373.6,0.85
606,12-31-2019 14:30:00,374.8,374,0.85
607,12-31-2019 15:00:00,375.1,374.4,0.82
608,12-31-2019 15:30:00,375.6,375.2,0.81
609,12-31-2019 16:00:00,376.2,375.6,0.81
610,12-31-2019 16:30:00,376.4,375.6,0.79
611,12-31-2019 17:00:00,376.3,375.6,0.74
612,12-31-2019 17:30:00,376.4,375.6,0.69
613,12-31-2019 18:00:00,376.7,376,0.65
614,12-31-2019 18:30:00,376.9,376.1,0.61
615,12-31-2019 19:00:00,377.6,376.8,0.55
616,12-31-2019 19:30:00,380.9,380.3,0.49
617,12-31-2019 20:00:00,384.7,384.2,0.41
618,12-31-2019 20:30:00,386.1,385.8,0.33
619,12-31-2019 21:00:00,386.1,385.8,0.25
620,12-31-2019 21:30:00,386.2,385.8,0.22
621,12-31-2019 22:00:00,385.6,384.7,0.18
622,12-31-2019 22:30:00,383.7,382.8,0.15
623,12-31-2019 23:00:00,381.9,380.9,0.1
624,12-31-2019 23:30:00,381,380.1,0.06
625,01-01-2020 00:00:00,380.5,379.7,0.02
626,01-01-2020 00:30:00,380.2,379.8,0
627,01-01-2020 01:00:00,379.9,379.4,-0.04
628,01-01-2020 01:30:00,379.8,379.4,-0.07
629,01-01-2020 02:00:00,379.9,379.4,-0.1
630,01-01-2020 02:30:00,380.2,379.4,-0.12
631,01-01-2020 03:00:00,380.8,380.2,-0.13
632,01-01-2020 03:30:00,381.7,381,-0.13
633,01-01-2020 04:00:00,382.8,381.7,-0.13
634,01-01-2020 04:30:00,383.8,382.9,-0.13
635,01-01-2020 05:00:00,385,384,-0.12
636,01-01-2020 05:30:00,385.8,385.2,-0.13
637,01-01-2020 06:00:00,386.7,386,-0.12
638,01-01-2020 06:30:00,386.9,386,-0.12
639,01-01-2020 07:00:00,387.5,386.7,-0.12
640,01-01-2020 07:30:00,388.6,387.9,-0.12
641,01-01-2020 08:00:00,389.2,388.7,-0.12
642,01-01-2020 08:30:00,389.9,389.1,-0.13
643,01-01-2020 09:00:00,390.9,390.2,-0.12
644,01-01-2020 09:30:00,391,390.2,-0.12
645,01-01-2020 10:00:00,391,390.2,-0.11
646,01-01-2020 10:30:00,390.9,390.2,-0.11
647,01-01-2020 11:00:00,391.9,391,-0.09
648,01-01-2020 11:30:00,393.2,392.9,0.04
649,01-01-2020 12:00:00,394.9,394,0.13
650,01-01-2020 12:30:00,396.1,395.5,0.23
651,01-01-2020 13:00:00,396.3,395.5,0.27
652,01-01-2020 13:30:00,395.8,395.5,0.25
653,01-01-2020 14:00:00,396.6,396.2,0.33
654,01-01-2020 14:30:00,399.2,398.5,0.51
655,01-01-2020 15:00:00,402.3,401.8,0.72
656,01-01-2020 15:30:00,404.1,403.3,0.85
657,01-01-2020 16:00:00,404.6,403.7,0.91
658,01-01-2020 16:30:00,403.2,402.6,0.86
659,01-01-2020 17:00:00,402.7,401.8,0.8
660,01-01-2020 17:30:00,402.7,401.8,0.76
661,01-01-2020 18:00:00,402.9,402.2,0.75
662,01-01-2020 18:30:00,403,402.2,0.73
663,01-01-2020 19:00:00,403.9,403.4,0.75
664,01-01-2020 19:30:00,404.8,404.1,0.78
665,01-01-2020 20:00:00,405.2,404.5,0.78
666,01-01-2020 20:30:00,405.9,405.3,0.81
667,01-01-2020 21:00:00,407.4,406.4,0.87
668,01-01-2020 21:30:00,409,408.3,0.95
669,01-01-2020 22:00:00,410.5,409.8,1.01
670,01-01-2020 22:30:00,412.2,411.7,1.08
671,01-01-2020 23:00:00,413.9,413.2,1.16
672,01-01-2020 23:30:00,415.2,414.4,1.2
673,01-02-2020 00:00:00,416.5,416.3,1.26
674,01-02-2020 00:30:00,417.6,417,1.32
675,01-02-2020 01:00:00,418.8,418.2,1.37
676,01-02-2020 01:30:00,419.5,418.9,1.41
677,01-02-2020 02:00:00,420.3,420.1,1.44
678,01-02-2020 02:30:00,420.9,420,1.48
679,01-02-2020 03:00:00,421.5,421.2,1.49
680,01-02-2020 03:30:00,422.2,422,1.53
681,01-02-2020 04:00:00,423,422.3,1.56
682,01-02-2020 04:30:00,423.8,423.1,1.6
683,01-02-2020 05:00:00,424.5,424.2,1.64
684,01-02-2020 05:30:00,425.2,424.6,1.66
685,01-02-2020 06:00:00,425.8,425.4,1.67
686,01-02-2020 06:30:00,426,425.7,1.69
687,01-02-2020 07:00:00,425.9,425.4,1.67
688,01-02-2020 07:30:00,426.1,425.8,1.65
689,01-02-2020 08:00:00,426.2,425.8,1.65
690,01-02-2020 08:30:00,426.5,425.8,1.65
691,01-02-2020 09:00:00,427.5,426.9,1.71
692,01-02-2020 09:30:00,428.5,428.4,1.77
693,01-02-2020 10:00:00,429.7,429.5,1.83
694,01-02-2020 10:30:00,431.7,431,1.97
695,01-02-2020 11:00:00,432.4,431.8,2.03
696,01-02-2020 11:30:00,434.1,433.7,2.13
697,01-02-2020 12:00:00,435.8,435.2,2.24
698,01-02-2020 12:30:00,438,437.4,2.4
699,01-02-2020 13:00:00,440.8,440,2.58
700,01-02-2020 13:30:00,443.3,442.6,2.77
701,01-02-2020 14:00:00,445.2,444.5,2.89
702,01-02-2020 14:30:00,446.3,445.7,2.95
703,01-02-2020 15:00:00,446.5,446,2.96
704,01-02-2020 15:30:00,446.8,446,2.96
705,01-02-2020 16:00:00,446.2,445.6,2.97
706,01-02-2020 16:30:00,446.9,446.4,3.01
707,01-02-2020 17:00:00,447.3,446.8,3.03
708,01-02-2020 17:30:00,447,446.4,3.01
709,01-02-2020 18:00:00,445.6,445.3,2.91
710,01-02-2020 18:30:00,445.1,444.5,2.85
711,01-02-2020 19:00:00,444.6,444.2,2.8
712,01-02-2020 19:30:00,444.5,444.6,2.78
713,01-02-2020 20:00:00,444.5,443.8,2.73
714,01-02-2020 20:30:00,444.4,443.8,2.75
715,01-02-2020 21:00:00,445.2,444.6,2.75
716,01-02-2020 21:30:00,445.8,445.3,2.78
717,01-02-2020 22:00:00,446.6,446.1,2.77
718,01-02-2020 22:30:00,447.6,446.9,2.8
719,01-02-2020 23:00:00,448.5,448,2.83
720,01-02-2020 23:30:00,450,449.6,2.85
721,01-03-2020 00:00:00,451.4,451.1,2.89
722,01-03-2020 00:30:00,452.8,452.2,2.92
723,01-03-2020 01:00:00,453.6,453,2.95
724,01-03-2020 01:30:00,454.2,453.8,2.98
725,01-03-2020 02:00:00,454.3,454.1,3
726,01-03-2020 02:30:00,454.4,454.1,3
727,01-03-2020 03:00:00,454.7,454.1,3.01
728,01-03-2020 03:30:00,454.7,454.1,3.02
729,01-03-2020 04:00:00,454.6,454.1,3.01
730,01-03-2020 04:30:00,454,453.4,3
731,01-03-2020 05:00:00,453.4,453,2.98
732,01-03-2020 05:30:00,452.5,451.8,2.95
733,01-03-2020 06:00:00,451.6,451.1,2.91
734,01-03-2020 06:30:00,450.7,450.3,2.88
735,01-03-2020 07:00:00,450,449.6,2.85
736,01-03-2020 07:30:00,449.6,448.8,2.81
737,01-03-2020 08:00:00,449,448.4,2.78
738,01-03-2020 08:30:00,448.3,447.7,2.75
739,01-03-2020 09:00:00,447.8,447.3,2.73
740,01-03-2020 09:30:00,447.7,447.3,2.73
741,01-03-2020 10:00:00,447.7,446.9,2.73
742,01-03-2020 10:30:00,447.7,447.3,2.75
743,01-03-2020 11:00:00,448.5,448,2.81
744,01-03-2020 11:30:00,449.1,448.8,2.83
745,01-03-2020 12:00:00,449.2,448.8,2.85
746,01-03-2020 12:30:00,449.5,449.9,2.88
747,01-03-2020 13:00:00,450.1,449.9,2.9
748,01-03-2020 13:30:00,450.4,450.3,2.92
749,01-03-2020 14:00:00,450.4,450.3,2.9
750,01-03-2020 14:30:00,450.8,450.7,2.92
751,01-03-2020 15:00:00,451.3,451.1,2.95
752,01-03-2020 15:30:00,451.4,451.4,2.95
753,01-03-2020 16:00:00,451.4,451.5,2.92
754,01-03-2020 16:30:00,451.5,451.1,2.91
755,01-03-2020 17:00:00,451.4,451.5,2.89
756,01-03-2020 17:30:00,451.4,451.5,2.88
757,01-03-2020 18:00:00,451.5,451.5,2.88
758,01-03-2020 18:30:00,451.3,451.5,2.86
759,01-03-2020 19:00:00,451.6,451.9,2.84
760,01-03-2020 19:30:00,451.2,451.1,2.8
761,01-03-2020 20:00:00,450.8,450.8,2.79
762,01-03-2020 20:30:00,450.8,450.8,2.77
763,01-03-2020 21:00:00,450.6,450.4,2.74
764,01-03-2020 21:30:00,450.8,450.8,2.75
765,01-03-2020 22:00:00,450.6,450.4,2.74
766,01-03-2020 22:30:00,450.6,450.4,2.73
767,01-03-2020 23:00:00,450.5,450.8,2.71
768,01-03-2020 23:30:00,450.7,450.8,2.71
769,01-04-2020 00:00:00,450.5,450.8,2.69
770,01-04-2020 00:30:00,450.5,450.4,2.68
771,01-04-2020 01:00:00,450.4,450.4,2.67
772,01-04-2020 01:30:00,450.6,450.4,2.67
773,01-04-2020 02:00:00,450.6,450.8,2.67
774,01-04-2020 02:30:00,450.5,450.4,2.67
775,01-04-2020 03:00:00,450.3,450.1,2.63
776,01-04-2020 03:30:00,450.3,450.4,2.63
777,01-04-2020 04:00:00,450.2,450.1,2.63
778,01-04-2020 04:30:00,450.4,450.4,2.61
779,01-04-2020 05:00:00,450,450.1,2.58
780,01-04-2020 05:30:00,449.6,449.7,2.55
781,01-04-2020 06:00:00,449.2,449.3,2.51
782,01-04-2020 06:30:00,449.1,448.2,2.49
783,01-04-2020 07:00:00,448.4,447.8,2.45
784,01-04-2020 07:30:00,448.3,447.8,2.41
785,01-04-2020 08:00:00,448,447.5,2.39
786,01-04-2020 08:30:00,447.7,447.5,2.37
787,01-04-2020 09:00:00,447.5,447.1,2.35
788,01-04-2020 09:30:00,447.5,447.1,2.35
789,01-04-2020 10:00:00,447.5,446.7,2.34
790,01-04-2020 10:30:00,447.5,447.1,2.33
791,01-04-2020 11:00:00,447.7,447.1,2.33
792,01-04-2020 11:30:00,448.5,448.2,2.38
793,01-04-2020 12:00:00,449.3,449,2.45
794,01-04-2020 12:30:00,450.5,450.1,2.55
795,01-04-2020 13:00:00,451.3,450.4,2.61
796,01-04-2020 13:30:00,452,451.6,2.67
797,01-04-2020 14:00:00,452.4,452,2.68
798,01-04-2020 14:30:00,452.2,452,2.67
799,01-04-2020 15:00:00,452,451.6,2.62
800,01-04-2020 15:30:00,451.4,451.2,2.6
801,01-04-2020 16:00:00,450.8,450.1,2.55
802,01-04-2020 16:30:00,450.1,449.7,2.5
803,01-04-2020 17:00:00,449.9,449.4,2.46
804,01-04-2020 17:30:00,450,449.4,2.46
805,01-04-2020 18:00:00,449.7,449.4,2.44
806,01-04-2020 18:30:00,448.8,448.2,2.37
807,01-04-2020 19:00:00,447.4,447.1,2.26
808,01-04-2020 19:30:00,445.6,444.9,2.12
809,01-04-2020 20:00:00,444,443.4,1.99
810,01-04-2020 20:30:00,442.3,441.9,1.84
811,01-04-2020 21:00:00,441.1,440.4,1.75
812,01-04-2020 21:30:00,440,439.7,1.66
813,01-04-2020 22:00:00,439.4,438.9,1.56
814,01-04-2020 22:30:00,438.6,437.8,1.5
815,01-04-2020 23:00:00,437.9,437.5,1.43
816,01-04-2020 23:30:00,437.7,437.5,1.41
817,01-05-2020 00:00:00,437.2,436.7,1.37
818,01-05-2020 00:30:00,436.5,436.4,1.31
819,01-05-2020 01:00:00,436.2,435.6,1.27
820,01-05-2020 01:30:00,435.9,435.6,1.24
821,01-05-2020 02:00:00,435.6,434.9,1.21
822,01-05-2020 02:30:00,435.6,435.2,1.19
823,01-05-2020 03:00:00,435.2,434.9,1.18
824,01-05-2020 03:30:00,435.1,434.5,1.18
825,01-05-2020 04:00:00,434.7,434.1,1.14
826,01-05-2020 04:30:00,434.3,433.7,1.1
827,01-05-2020 05:00:00,433.8,433.4,1.07
828,01-05-2020 05:30:00,433.8,433.4,1.04
829,01-05-2020 06:00:00,433.6,433.4,1.03
830,01-05-2020 06:30:00,433.6,433.4,1.01
831,01-05-2020 07:00:00,433.6,433.4,1.02
832,01-05-2020 07:30:00,433.8,433.4,0.99
833,01-05-2020 08:00:00,433.4,433,0.97
834,01-05-2020 08:30:00,433.2,433,0.97
835,01-05-2020 09:00:00,433.5,433,0.97
836,01-05-2020 09:30:00,434.4,434.2,1.03
837,01-05-2020 10:00:00,434.9,434.9,1.08
838,01-05-2020 10:30:00,436.1,435.7,1.13
839,01-05-2020 11:00:00,436.9,436.8,1.2
840,01-05-2020 11:30:00,438.2,437.9,1.27
841,01-05-2020 12:00:00,439.7,439.8,1.37
842,01-05-2020 12:30:00,440.7,440.5,1.46
843,01-05-2020 13:00:00,441.9,441.7,1.56
844,01-05-2020 13:30:00,444.3,443.9,1.71
845,01-05-2020 14:00:00,446.4,446.2,1.87
846,01-05-2020 14:30:00,447.3,446.9,1.93
847,01-05-2020 15:00:00,448,448,2
848,01-05-2020 15:30:00,448.8,448.8,2.03
849,01-05-2020 16:00:00,449.3,449.2,2.06
850,01-05-2020 16:30:00,449.8,449.9,2.07
851,01-05-2020 17:00:00,450.5,450.7,2.11
852,01-05-2020 17:30:00,450.5,450.3,2.11
853,01-05-2020 18:00:00,450.5,450.7,2.1
854,01-05-2020 18:30:00,449.7,449.6,2.04
855,01-05-2020 19:00:00,449.2,449.2,1.98
856,01-05-2020 19:30:00,448.9,448.8,1.95
857,01-05-2020 20:00:00,448.3,448.1,1.9
858,01-05-2020 20:30:00,447.5,447.3,1.83
859,01-05-2020 21:00:00,446.8,447,1.77
860,01-05-2020 21:30:00,446.1,446.2,1.7
861,01-05-2020 22:00:00,445,444.7,1.6
862,01-05-2020 22:30:00,444,443.6,1.52
863,01-05-2020 23:00:00,443.2,443.3,1.46
864,01-05-2020 23:30:00,443.2,442.9,1.43
865,01-06-2020 00:00:00,442.9,442.9,1.41
866,01-06-2020 00:30:00,442.2,442.1,1.35
867,01-06-2020 01:00:00,441.4,441.4,1.27
868,01-06-2020 01:30:00,440.9,440.7,1.21
869,01-06-2020 02:00:00,440.2,439.9,1.16
870,01-06-2020 02:30:00,439.8,439.9,1.14
871,01-06-2020 03:00:00,439.3,438.8,1.08
872,01-06-2020 03:30:00,438.9,438.8,1.07
873,01-06-2020 04:00:00,438.5,438.4,1.02
874,01-06-2020 04:30:00,437.8,438.1,0.97
875,01-06-2020 05:00:00,437.1,436.9,0.92
876,01-06-2020 05:30:00,436.6,436.6,0.87
877,01-06-2020 06:00:00,436,435.8,0.82
878,01-06-2020 06:30:00,435.2,435.1,0.76
879,01-06-2020 07:00:00,434.5,434.3,0.72
880,01-06-2020 07:30:00,433.7,433.6,0.65
881,01-06-2020 08:00:00,433.1,433.2,0.61
882,01-06-2020 08:30:00,432.7,432.4,0.58
883,01-06-2020 09:00:00,433,432.8,0.59
884,01-06-2020 09:30:00,433.3,433.2,0.64
885,01-06-2020 10:00:00,434.2,433.9,0.7
886,01-06-2020 10:30:00,435.8,435.4,0.8
887,01-06-2020 11:00:00,437.4,437.3,0.92
888,01-06-2020 11:30:00,439.4,439.2,1.07
889,01-06-2020 12:00:00,441.5,441.4,1.21
890,01-06-2020 12:30:00,443.6,443.7,1.37
891,01-06-2020 13:00:00,445.5,445.2,1.49
892,01-06-2020 13:30:00,446.7,446.3,1.59
893,01-06-2020 14:00:00,447.5,447.4,1.66
894,01-06-2020 14:30:00,448.6,448.5,1.72
895,01-06-2020 15:00:00,449.7,449.7,1.81
896,01-06-2020 15:30:00,450.9,450.8,1.88
897,01-06-2020 16:00:00,451,451.2,1.92
898,01-06-2020 16:30:00,451.8,451.5,1.94
899,01-06-2020 17:00:00,452.5,452.3,1.99
900,01-06-2020 17:30:00,453.3,453,2.04
901,01-06-2020 18:00:00,453.4,453.4,2.05
902,01-06-2020 18:30:00,452.7,452.7,2
903,01-06-2020 19:00:00,451.6,451.5,1.93
904,01-06-2020 19:30:00,451.3,451.2,1.87
905,01-06-2020 20:00:00,451,450.8,1.84
906,01-06-2020 20:30:00,450.6,450.4,1.8
907,01-06-2020 21:00:00,449.9,449.7,1.75
908,01-06-2020 21:30:00,449.9,449.7,1.73
909,01-06-2020 22:00:00,450.4,450.5,1.73
910,01-06-2020 22:30:00,450.8,450.8,1.76
911,01-06-2020 23:00:00,451,450.8,1.77
912,01-06-2020 23:30:00,451.4,451.2,1.75
913,01-07-2020 00:00:00,451.5,451.2,1.73
914,01-07-2020 00:30:00,451.3,451.3,1.71
915,01-07-2020 01:00:00,451.5,451.3,1.71
916,01-07-2020 01:30:00,451.7,452,1.71
917,01-07-2020 02:00:00,452,451.6,1.71
918,01-07-2020 02:30:00,452.4,452.4,1.75
919,01-07-2020 03:00:00,453.2,453.2,1.78
920,01-07-2020 03:30:00,453.8,453.9,1.82
921,01-07-2020 04:00:00,454,454.3,1.81
922,01-07-2020 04:30:00,453.7,453.6,1.77
923,01-07-2020 05:00:00,453.2,453.2,1.75
924,01-07-2020 05:30:00,452.5,452.4,1.71
925,01-07-2020 06:00:00,452.4,452.4,1.71
926,01-07-2020 06:30:00,452.3,452.4,1.71
927,01-07-2020 07:00:00,452.8,452.8,1.71
928,01-07-2020 07:30:00,453.1,453.2,1.75
929,01-07-2020 08:00:00,453.3,453.2,1.75
930,01-07-2020 08:30:00,453.3,453.2,1.75
931,01-07-2020 09:00:00,453.3,453.2,1.75
932,01-07-2020 09:30:00,453.1,453.2,1.75
933,01-07-2020 10:00:00,454,453.9,1.82
934,01-07-2020 10:30:00,455.4,455.4,1.92
935,01-07-2020 11:00:00,456.8,456.9,2.04
936,01-07-2020 11:30:00,458.7,458.4,2.16
937,01-07-2020 12:00:00,461,460.6,2.32
938,01-07-2020 12:30:00,462.6,462.5,2.41
939,01-07-2020 13:00:00,462.9,462.9,2.46
940,01-07-2020 13:30:00,463.5,463.7,2.47
941,01-07-2020 14:00:00,463.4,463.7,2.46
942,01-07-2020 14:30:00,463.2,463.7,2.46
943,01-07-2020 15:00:00,463.7,463.7,2.49
944,01-07-2020 15:30:00,464.5,464.4,2.55
945,01-07-2020 16:00:00,465.5,465.5,2.6
946,01-07-2020 16:30:00,465.7,465.5,2.63
947,01-07-2020 17:00:00,465.1,464.8,2.58
948,01-07-2020 17:30:00,464,464,2.5
949,01-07-2020 18:00:00,462.6,462.6,2.38
950,01-07-2020 18:30:00,460.8,460.7,2.28
951,01-07-2020 19:00:00,459.8,459.6,2.16
952,01-07-2020 19:30:00,458,458.1,2.04
953,01-07-2020 20:00:00,456.6,456.6,1.94
954,01-07-2020 20:30:00,455.2,455.1,1.84
955,01-07-2020 21:00:00,453.8,454,1.72
956,01-07-2020 21:30:00,452.5,452.5,1.61
957,01-07-2020 22:00:00,451.1,451.4,1.49
958,01-07-2020 22:30:00,448.8,449.1,1.31
959,01-07-2020 23:00:00,446.8,446.9,1.16
960,01-07-2020 23:30:00,445.4,445.4,1.04
961,01-08-2020 00:00:00,444.1,443.9,0.93
962,01-08-2020 00:30:00,442.4,442.4,0.81
963,01-08-2020 01:00:00,440.8,440.5,0.7
964,01-08-2020 01:30:00,439.2,439,0.57
965,01-08-2020 02:00:00,436.7,436.4,0.39
966,01-08-2020 02:30:00,435.4,435.3,0.28
967,01-08-2020 03:00:00,433.6,433.8,0.15
968,01-08-2020 03:30:00,432.1,431.9,0.04
969,01-08-2020 04:00:00,430.6,430,-0.09
970,01-08-2020 04:30:00,430,430,-0.13
971,01-08-2020 05:00:00,429.9,430,-0.15
972,01-08-2020 05:30:00,429.4,429.7,-0.18
973,01-08-2020 06:00:00,430,430.1,-0.17
974,01-08-2020 06:30:00,430.5,430,-0.16
975,01-08-2020 07:00:00,431.1,430.8,-0.17
976,01-08-2020 07:30:00,431.8,432,-0.16
977,01-08-2020 08:00:00,432.7,432.8,-0.15
978,01-08-2020 08:30:00,433.5,433.1,-0.13
979,01-08-2020 09:00:00,434,434.3,-0.12
980,01-08-2020 09:30:00,434.6,434.3,-0.12
981,01-08-2020 10:00:00,434.9,434.7,-0.11
982,01-08-2020 10:30:00,435.2,435.1,-0.11
983,01-08-2020 11:00:00,435.5,435.4,-0.09
984,01-08-2020 11:30:00,436.5,436.2,-0.05
985,01-08-2020 12:00:00,437.9,437.7,0
986,01-08-2020 12:30:00,439.7,439.6,0.05
987,01-08-2020 13:00:00,441.5,441.2,0.07
988,01-08-2020 13:30:00,442.5,442.7,0.08
989,01-08-2020 14:00:00,442.3,441.9,0.08
990,01-08-2020 14:30:00,441.5,441.6,0.05
991,01-08-2020 15:00:00,440.9,440.8,0.02
992,01-08-2020 15:30:00,440,439.7,-0.01
993,01-08-2020 16:00:00,438.9,438.9,-0.05
994,01-08-2020 16:30:00,438,438.1,-0.09
995,01-08-2020 17:00:00,437.8,437.4,-0.12
996,01-08-2020 17:30:00,437.9,438.2,-0.13
997,01-08-2020 18:00:00,438.5,438.6,-0.13
998,01-08-2020 18:30:00,438.8,438.6,-0.15
999,01-08-2020 19:00:00,439.4,439.3,-0.15
1000,01-08-2020 19:30:00,440,439.3,-0.16
1001,01-08-2020 20:00:00,440.7,440.5,-0.17
1002,01-08-2020 20:30:00,441.6,441.7,-0.16
1003,01-08-2020 21:00:00,442.3,442.4,-0.16
1004,01-08-2020 21:30:00,442.7,442.4,-0.16
1005,01-08-2020 22:00:00,442.9,442.8,-0.16
1006,01-08-2020 22:30:00,443,442.8,-0.15
1007,01-08-2020 23:00:00,443,442.8,-0.15
1008,01-08-2020 23:30:00,443,442.8,-0.15
1009,01-09-2020 00:00:00,443.3,443.2,-0.15
1010,01-09-2020 00:30:00,443.4,443.6,-0.15
1011,01-09-2020 01:00:00,443.6,443.2,-0.15
1012,01-09-2020 01:30:00,443.7,443.2,-0.13
1013,01-09-2020 02:00:00,443.7,443.6,-0.13
1014,01-09-2020 02:30:00,443.5,443.6,-0.13
1015,01-09-2020 03:00:00,443.3,443.2,-0.13
1016,01-09-2020 03:30:00,443.3,443.2,-0.13
1017,01-09-2020 04:00:00,443.5,443.2,-0.13
1018,01-09-2020 04:30:00,443.7,443.6,-0.13
1019,01-09-2020 05:00:00,443.9,443.6,-0.13
1020,01-09-2020 05:30:00,444.4,444.4,-0.13
1021,01-09-2020 06:00:00,444.5,444.8,-0.13
1022,01-09-2020 06:30:00,444.4,444.4,-0.13
1023,01-09-2020 07:00:00,444.4,444.4,-0.13
1024,01-09-2020 07:30:00,444.3,444,-0.12
1025,01-09-2020 08:00:00,444.1,444.4,-0.12
1026,01-09-2020 08:30:00,444.1,443.6,-0.12
1027,01-09-2020 09:00:00,444.3,444.4,-0.12
1028,01-09-2020 09:30:00,444.6,444.7,-0.11
1029,01-09-2020 10:00:00,444.9,444.7,-0.11
1030,01-09-2020 10:30:00,445.4,445.1,-0.11
1031,01-09-2020 11:00:00,445.8,445.5,-0.11
1032,01-09-2020 11:30:00,446.3,445.9,-0.07
1033,01-09-2020 12:00:00,447,446.6,0
1034,01-09-2020 12:30:00,447.5,447,0.04
1035,01-09-2020 13:00:00,447.8,447.8,0.06
1036,01-09-2020 13:30:00,448.5,448.1,0.1
1037,01-09-2020 14:00:00,448.1,447.7,0.15
1038,01-09-2020 14:30:00,447.3,447.3,0.17
1039,01-09-2020 15:00:00,447.2,446.9,0.18
1040,01-09-2020 15:30:00,447.3,446.9,0.22
1041,01-09-2020 16:00:00,447.5,447.3,0.28
1042,01-09-2020 16:30:00,447.7,447.6,0.36
1043,01-09-2020 17:00:00,447.9,447.6,0.45
1044,01-09-2020 17:30:00,448.4,447.9,0.51
1045,01-09-2020 18:00:00,449.5,449.5,0.57
1046,01-09-2020 18:30:00,451.2,451.4,0.67
1047,01-09-2020 19:00:00,453.2,452.9,0.79
1048,01-09-2020 19:30:00,454.7,454.7,0.89
1049,01-09-2020 20:00:00,455.7,455.9,0.98
1050,01-09-2020 20:30:00,456.6,456.6,1.07
1051,01-09-2020 21:00:00,457,457,1.13
1052,01-09-2020 21:30:00,457,457,1.12
1053,01-09-2020 22:00:00,456.9,457,1.13
1054,01-09-2020 22:30:00,456.2,455.8,1.13
1055,01-09-2020 23:00:00,455.8,455.8,1.1
1056,01-09-2020 23:30:00,455.5,455.4,1.09
1057,01-10-2020 00:00:00,455.8,455.8,1.12
1058,01-10-2020 00:30:00,455.9,455.8,1.13
1059,01-10-2020 01:00:00,455.9,455.4,1.12
1060,01-10-2020 01:30:00,455.8,455.4,1.08
1061,01-10-2020 02:00:00,455.6,455.4,1.07
1062,01-10-2020 02:30:00,456.2,455.8,1.08
1063,01-10-2020 03:00:00,457.1,457,1.13
1064,01-10-2020 03:30:00,458.1,457.7,1.15
1065,01-10-2020 04:00:00,459.5,459.2,1.23
1066,01-10-2020 04:30:00,461.3,461.1,1.29
1067,01-10-2020 05:00:00,463,463,1.37
1068,01-10-2020 05:30:00,464.7,464.6,1.44
1069,01-10-2020 06:00:00,465.9,465.7,1.52
1070,01-10-2020 06:30:00,467.1,466.8,1.59
1071,01-10-2020 07:00:00,467.9,467.6,1.64
1072,01-10-2020 07:30:00,468.7,468.7,1.7
1073,01-10-2020 08:00:00,468.9,469.1,1.72
1074,01-10-2020 08:30:00,469.1,468.7,1.75
1075,01-10-2020 09:00:00,469.6,469.4,1.8
1076,01-10-2020 09:30:00,470.6,470.5,1.87
1077,01-10-2020 10:00:00,471.9,471.7,1.99
1078,01-10-2020 10:30:00,472.7,472.8,2.05
1079,01-10-2020 11:00:00,473.4,473.5,2.13
1080,01-10-2020 11:30:00,474.6,474.6,2.24
1081,01-10-2020 12:00:00,475.8,475.7,2.35
1082,01-10-2020 12:30:00,477.7,478,2.49
1083,01-10-2020 13:00:00,478.7,478.7,2.57
1084,01-10-2020 13:30:00,478.6,478.7,2.63
1085,01-10-2020 14:00:00,479.2,479.1,2.69
1086,01-10-2020 14:30:00,479.4,479.4,2.74
1087,01-10-2020 15:00:00,479.2,479.4,2.75
1088,01-10-2020 15:30:00,478.8,479,2.74
1089,01-10-2020 16:00:00,478.5,478.7,2.72
1090,01-10-2020 16:30:00,478.5,478.6,2.73
1091,01-10-2020 17:00:00,479.2,479.4,2.79
1092,01-10-2020 17:30:00,479.3,479.4,2.81
1093,01-10-2020 18:00:00,477.7,478.3,2.74
1094,01-10-2020 18:30:00,473.1,473.3,2.49
1095,01-10-2020 19:00:00,471.2,471.1,2.4
1096,01-10-2020 19:30:00,468.7,468,2.28
1097,01-10-2020 20:00:00,464.8,464.6,2.09
1098,01-10-2020 20:30:00,463.3,463.1,1.97
1099,01-10-2020 21:00:00,461.3,461.3,1.86
1100,01-10-2020 21:30:00,457.6,457.5,1.66
1101,01-10-2020 22:00:00,452.8,453,1.39
1102,01-10-2020 22:30:00,447.9,447.6,1.15
1103,01-10-2020 23:00:00,443.1,443.1,0.91
1104,01-10-2020 23:30:00,440.3,440.1,0.8
1105,01-11-2020 00:00:00,440,439.7,0.78
1106,01-11-2020 00:30:00,438.4,438.2,0.68
1107,01-11-2020 01:00:00,438.8,439,0.68
1108,01-11-2020 01:30:00,438.4,438.2,0.68
1109,01-11-2020 02:00:00,435.6,435.5,0.57
1110,01-11-2020 02:30:00,433,432.9,0.45
1111,01-11-2020 03:00:00,431.6,431.3,0.4
1112,01-11-2020 03:30:00,432,432.1,0.42
1113,01-11-2020 04:00:00,432.7,432.9,0.46
1114,01-11-2020 04:30:00,434.3,434,0.56
1115,01-11-2020 05:00:00,434.9,435.1,0.59
1116,01-11-2020 05:30:00,435.1,435.1,0.61
1117,01-11-2020 06:00:00,435.5,435.5,0.61
1118,01-11-2020 06:30:00,435.5,435.5,0.61
1119,01-11-2020 07:00:00,435.5,435.5,0.58
1120,01-11-2020 07:30:00,435.3,435.1,0.56
1121,01-11-2020 08:00:00,435.2,435.1,0.56
1122,01-11-2020 08:30:00,435.4,435.5,0.53
1123,01-11-2020 09:00:00,435.6,435.9,0.53
1124,01-11-2020 09:30:00,436.3,435.9,0.53
1125,01-11-2020 10:00:00,436.3,435.9,0.53
1126,01-11-2020 10:30:00,436.2,435.9,0.52
1127,01-11-2020 11:00:00,436.2,435.9,0.53
1128,01-11-2020 11:30:00,436.4,436.3,0.55
1129,01-11-2020 12:00:00,436.5,436.7,0.56
1130,01-11-2020 12:30:00,436.3,436.7,0.55
1131,01-11-2020 13:00:00,437,436.7,0.58
1132,01-11-2020 13:30:00,438.3,438.2,0.65
1133,01-11-2020 14:00:00,439.2,439.3,0.72
1134,01-11-2020 14:30:00,439,439,0.7
1135,01-11-2020 15:00:00,438.1,438.2,0.64
1136,01-11-2020 15:30:00,437.3,437.1,0.59
1137,01-11-2020 16:00:00,436.7,437.1,0.55
1138,01-11-2020 16:30:00,436.1,436,0.47
1139,01-11-2020 17:00:00,435.6,435.6,0.42
1140,01-11-2020 17:30:00,435.2,435.2,0.38
1141,01-11-2020 18:00:00,435,435.2,0.35
1142,01-11-2020 18:30:00,435,435.2,0.34
1143,01-11-2020 19:00:00,434.7,434.5,0.28
1144,01-11-2020 19:30:00,433.8,433.8,0.19
1145,01-11-2020 20:00:00,433.5,433.4,0.13
1146,01-11-2020 20:30:00,433.1,433,0.07
1147,01-11-2020 21:00:00,432.6,432.3,0.02
1148,01-11-2020 21:30:00,432.3,431.9,-0.05
1149,01-11-2020 22:00:00,432.3,431.9,-0.07
1150,01-11-2020 22:30:00,432.4,432,-0.09
1151,01-11-2020 23:00:00,432.2,432,-0.11
1152,01-11-2020 23:30:00,431.6,431.6,-0.16
1153,01-12-2020 00:00:00,432,432,-0.17
1154,01-12-2020 00:30:00,431.8,431.6,-0.19
1155,01-12-2020 01:00:00,432.1,432,-0.19
1156,01-12-2020 01:30:00,434.3,434.3,-0.19
1157,01-12-2020 02:00:00,437.1,437,-0.18
1158,01-12-2020 02:30:00,437.3,437,-0.18
1159,01-12-2020 03:00:00,436.3,436.3,-0.17
1160,01-12-2020 03:30:00,435,434.7,-0.17
1161,01-12-2020 04:00:00,434.4,434.3,-0.17
1162,01-12-2020 04:30:00,433.9,433.5,-0.16
1163,01-12-2020 05:00:00,433.8,433.5,-0.16
1164,01-12-2020 05:30:00,433.7,433.5,-0.16
1165,01-12-2020 06:00:00,433.7,433.5,-0.16
1166,01-12-2020 06:30:00,434.2,434.3,-0.16
1167,01-12-2020 07:00:00,435.7,435.5,-0.15
1168,01-12-2020 07:30:00,436.3,436.2,-0.15
1169,01-12-2020 08:00:00,437.3,437,-0.13
1170,01-12-2020 08:30:00,437.6,437.4,-0.13
1171,01-12-2020 09:00:00,437.6,437.4,-0.13
1172,01-12-2020 09:30:00,437.4,437,-0.13
1173,01-12-2020 10:00:00,437.2,437,-0.13
1174,01-12-2020 10:30:00,436.8,436.6,-0.13
1175,01-12-2020 11:00:00,437.4,437,-0.09
1176,01-12-2020 11:30:00,438.5,438.5,-0.02
1177,01-12-2020 12:00:00,440.3,440,0.08
1178,01-12-2020 12:30:00,441,441.1,0.17
1179,01-12-2020 13:00:00,441.5,441.1,0.22
1180,01-12-2020 13:30:00,442.8,442.6,0.34
1181,01-12-2020 14:00:00,445.2,445.2,0.5
1182,01-12-2020 14:30:00,447,447.1,0.63
1183,01-12-2020 15:00:00,448.5,448.6,0.72
1184,01-12-2020 15:30:00,449.8,449.8,0.79
1185,01-12-2020 16:00:00,450.4,450.5,0.82
1186,01-12-2020 16:30:00,449.8,449.8,0.76
1187,01-12-2020 17:00:00,447.9,447.9,0.69
1188,01-12-2020 17:30:00,446.9,446.7,0.64
1189,01-12-2020 18:00:00,446.9,446.7,0.64
1190,01-12-2020 18:30:00,446.6,446.7,0.63
1191,01-12-2020 19:00:00,445.9,446,0.61
1192,01-12-2020 19:30:00,445.3,445.6,0.57
1193,01-12-2020 20:00:00,443.4,443.3,0.47
1194,01-12-2020 20:30:00,442.5,442.6,0.42
1195,01-12-2020 21:00:00,441.5,441.4,0.36
1196,01-12-2020 21:30:00,443.1,443,0.38
1197,01-12-2020 22:00:00,445,444.5,0.39
1198,01-12-2020 22:30:00,445,444.9,0.36
1199,01-12-2020 23:00:00,444.6,444.6,0.32
1200,01-12-2020 23:30:00,444.5,444.6,0.32
1201,01-13-2020 00:00:00,444.2,444.2,0.34
1202,01-13-2020 00:30:00,443.6,443.4,0.35
1203,01-13-2020 01:00:00,443.3,443.4,0.36
1204,01-13-2020 01:30:00,443.1,443.4,0.38
1205,01-13-2020 02:00:00,443.6,443.7,0.39
1206,01-13-2020 02:30:00,444.4,444.5,0.44
1207,01-13-2020 03:00:00,447.5,447.6,0.42
1208,01-13-2020 03:30:00,446.4,446.4,0.41
1209,01-13-2020 04:00:00,446,445.6,0.46
1210,01-13-2020 04:30:00,447.4,447.5,0.56
1211,01-13-2020 05:00:00,449,449,0.64
1212,01-13-2020 05:30:00,450,449.8,0.69
1213,01-13-2020 06:00:00,450.9,450.9,0.74
1214,01-13-2020 06:30:00,452.5,452.5,0.79
1215,01-13-2020 07:00:00,452.1,452.1,0.81
1216,01-13-2020 07:30:00,452.7,452.4,0.86
1217,01-13-2020 08:00:00,453,453.2,0.89
1218,01-13-2020 08:30:00,454.2,454.7,0.92
1219,01-13-2020 09:00:00,454.9,454.7,0.97
1220,01-13-2020 09:30:00,455.2,455.1,1.02
1221,01-13-2020 10:00:00,456.2,456.2,1.1
1222,01-13-2020 10:30:00,457.4,457.7,1.2
1223,01-13-2020 11:00:00,459.4,460,1.32
1224,01-13-2020 11:30:00,460.8,460.7,1.46
1225,01-13-2020 12:00:00,461.8,461.8,1.56
1226,01-13-2020 12:30:00,463.3,463.7,1.67
1227,01-13-2020 13:00:00,464.8,465.2,1.77
1228,01-13-2020 13:30:00,466.1,466.3,1.88
1229,01-13-2020 14:00:00,467,467,1.97
1230,01-13-2020 14:30:00,467.3,467.8,2
1231,01-13-2020 15:00:00,467.3,467.8,2.03
1232,01-13-2020 15:30:00,467.4,468.1,2.07
1233,01-13-2020 16:00:00,467.7,468.1,2.1
1234,01-13-2020 16:30:00,467.8,468.1,2.11
1235,01-13-2020 17:00:00,467.3,467.7,2.1
1236,01-13-2020 17:30:00,467,467.3,2.09
1237,01-13-2020 18:00:00,466.5,467,2.09
1238,01-13-2020 18:30:00,466.4,467,2.06
1239,01-13-2020 19:00:00,466.3,467,2.04
1240,01-13-2020 19:30:00,465.6,466.2,2.01
1241,01-13-2020 20:00:00,465.1,465.5,1.97
1242,01-13-2020 20:30:00,464.3,464.7,1.92
1243,01-13-2020 21:00:00,463.7,464,1.87
1244,01-13-2020 21:30:00,463.5,464,1.86
1245,01-13-2020 22:00:00,465,465.5,1.83
1246,01-13-2020 22:30:00,470.8,471.3,1.82
1247,01-13-2020 23:00:00,473.7,474.1,1.82
1248,01-13-2020 23:30:00,471.8,472.5,1.82
1249,01-14-2020 00:00:00,470.1,470.2,1.84
1250,01-14-2020 00:30:00,469.3,469.8,1.87
1251,01-14-2020 01:00:00,469.9,470.2,1.86
1252,01-14-2020 01:30:00,471.5,472.1,1.86
1253,01-14-2020 02:00:00,472.8,473.6,1.88
1254,01-14-2020 02:30:00,473.7,474.4,1.89
1255,01-14-2020 03:00:00,474.3,474.8,1.9
1256,01-14-2020 03:30:00,475.1,475.6,1.93
1257,01-14-2020 04:00:00,475.8,476.3,1.95
1258,01-14-2020 04:30:00,476.5,477.1,2
1259,01-14-2020 05:00:00,476.8,477.4,2.04
1260,01-14-2020 05:30:00,476.8,477,2.06
1261,01-14-2020 06:00:00,477,477.4,2.1
1262,01-14-2020 06:30:00,477.6,478.2,2.12
1263,01-14-2020 07:00:00,477.7,478.9,2.16
1264,01-14-2020 07:30:00,478.3,479.3,2.18
1265,01-14-2020 08:00:00,478.4,479.3,2.21
1266,01-14-2020 08:30:00,478.1,479.3,2.24
1267,01-14-2020 09:00:00,478,479.3,2.28
1268,01-14-2020 09:30:00,478.6,479.6,2.33
1269,01-14-2020 10:00:00,479,480,2.39
1270,01-14-2020 10:30:00,479.3,480.3,2.45
1271,01-14-2020 11:00:00,481,481.5,2.5
1272,01-14-2020 11:30:00,481.4,482.2,2.57
1273,01-14-2020 12:00:00,482,482.6,2.62
1274,01-14-2020 12:30:00,482.6,483.3,2.68
1275,01-14-2020 13:00:00,483.3,484.1,2.75
1276,01-14-2020 13:30:00,483.9,484.8,2.83
1277,01-14-2020 14:00:00,484.4,485.1,2.91
1278,01-14-2020 14:30:00,485.3,485.5,2.97
1279,01-14-2020 15:00:00,485.3,485.5,3.02
1280,01-14-2020 15:30:00,485.3,485.9,3.02
1281,01-14-2020 16:00:00,485.2,485.9,3.02
1282,01-14-2020 16:30:00,484.7,485.5,3.02
1283,01-14-2020 17:00:00,484.5,485.1,3
1284,01-14-2020 17:30:00,483.8,484.3,2.98
1285,01-14-2020 18:00:00,482.9,483.6,2.95
1286,01-14-2020 18:30:00,482,482.4,2.9
1287,01-14-2020 19:00:00,481.4,482.1,2.85
1288,01-14-2020 19:30:00,480.7,481.3,2.83
1289,01-14-2020 20:00:00,479.7,480.2,2.78
1290,01-14-2020 20:30:00,479.3,480.2,2.72
1291,01-14-2020 21:00:00,478.8,479.4,2.69
1292,01-14-2020 21:30:00,478.7,479.5,2.66
1293,01-14-2020 22:00:00,478.8,479.5,2.64
1294,01-14-2020 22:30:00,478.8,479.5,2.61
1295,01-14-2020 23:00:00,478.6,479.1,2.56
1296,01-14-2020 23:30:00,478.5,479.2,2.49
1297,01-15-2020 00:00:00,478.9,479.6,2.45
1298,01-15-2020 00:30:00,479.1,479.6,2.38
1299,01-15-2020 01:00:00,479.1,479.6,2.28
1300,01-15-2020 01:30:00,479.3,480.1,2.24
1301,01-15-2020 02:00:00,479.9,480.5,2.21
1302,01-15-2020 02:30:00,480,480.5,2.18
1303,01-15-2020 03:00:00,480.1,480.5,2.15
1304,01-15-2020 03:30:00,480.2,480.5,2.12
1305,01-15-2020 04:00:00,480.2,480.5,2.05
1306,01-15-2020 04:30:00,479,479.8,1.98
1307,01-15-2020 05:00:00,477.4,477.9,1.88
1308,01-15-2020 05:30:00,475.4,476,1.8
1309,01-15-2020 06:00:00,473.2,473.7,1.69
1310,01-15-2020 06:30:00,471.8,472.2,1.65
1311,01-15-2020 07:00:00,471.1,471.4,1.63
1312,01-15-2020 07:30:00,470.3,470.7,1.61
1313,01-15-2020 08:00:00,469.5,469.5,1.59
1314,01-15-2020 08:30:00,468.5,469.1,1.56
1315,01-15-2020 09:00:00,468,468.8,1.56
1316,01-15-2020 09:30:00,467.8,468.8,1.58
1317,01-15-2020 10:00:00,467,467.6,1.58
1318,01-15-2020 10:30:00,465.9,466.8,1.58
1319,01-15-2020 11:00:00,466.1,466.8,1.59
1320,01-15-2020 11:30:00,466.5,467.2,1.66
1321,01-15-2020 12:00:00,467.5,467.9,1.72
1322,01-15-2020 12:30:00,468,468.6,1.8
1323,01-15-2020 13:00:00,468.8,469.8,1.87
1324,01-15-2020 13:30:00,469.8,470.9,1.99
1325,01-15-2020 14:00:00,470.9,472,2.09
1326,01-15-2020 14:30:00,471.2,472.4,2.13
1327,01-15-2020 15:00:00,469.7,470.8,2.11
1328,01-15-2020 15:30:00,469.6,470.8,2.11
1329,01-15-2020 16:00:00,469.9,470.8,2.15
1330,01-15-2020 16:30:00,470.5,471.9,2.18
1331,01-15-2020 17:00:00,470.5,471.6,2.2
1332,01-15-2020 17:30:00,470.5,471.5,2.21
1333,01-15-2020 18:00:00,470.9,472.3,2.24
1334,01-15-2020 18:30:00,470.7,471.9,2.24
1335,01-15-2020 19:00:00,470,470.8,2.22
1336,01-15-2020 19:30:00,468.3,469.3,2.11
1337,01-15-2020 20:00:00,466.8,467.8,2.04
1338,01-15-2020 20:30:00,466.6,467.8,2
1339,01-15-2020 21:00:00,466.1,467,1.97
1340,01-15-2020 21:30:00,465.6,466.7,1.9
1341,01-15-2020 22:00:00,465.2,466.3,1.86
1342,01-15-2020 22:30:00,465,465.9,1.81
1343,01-15-2020 23:00:00,464,464.8,1.73
1344,01-15-2020 23:30:00,464.1,464.8,1.71
1345,01-16-2020 00:00:00,463.3,463.7,1.65
1346,01-16-2020 00:30:00,462.4,462.9,1.58
1347,01-16-2020 01:00:00,461.2,461.8,1.5
1348,01-16-2020 01:30:00,459.8,460.7,1.39
1349,01-16-2020 02:00:00,458.2,459.2,1.3
1350,01-16-2020 02:30:00,457.3,458.1,1.23
1351,01-16-2020 03:00:00,456.8,457.7,1.13
1352,01-16-2020 03:30:00,455.2,455.5,1.01
1353,01-16-2020 04:00:00,453.1,453.6,0.86
1354,01-16-2020 04:30:00,450.9,451.7,0.74
1355,01-16-2020 05:00:00,448.7,449.5,0.59
1356,01-16-2020 05:30:00,446.6,447.2,0.44
1357,01-16-2020 06:00:00,444,444.6,0.27
1358,01-16-2020 06:30:00,441.6,442.3,0.1
1359,01-16-2020 07:00:00,439.8,440.8,-0.02
1360,01-16-2020 07:30:00,439.3,439.7,-0.09
1361,01-16-2020 08:00:00,438.7,439.3,-0.12
1362,01-16-2020 08:30:00,438.6,439.3,-0.16
1363,01-16-2020 09:00:00,439.2,439.7,-0.15
1364,01-16-2020 09:30:00,439.8,440.1,-0.13
1365,01-16-2020 10:00:00,440.6,441.3,-0.12
1366,01-16-2020 10:30:00,441.1,441.6,-0.11
1367,01-16-2020 11:00:00,441.1,441.2,-0.09
1368,01-16-2020 11:30:00,441.2,441.2,-0.07
1369,01-16-2020 12:00:00,442.1,442.8,-0.04
1370,01-16-2020 12:30:00,442.9,443.5,0.01
1371,01-16-2020 13:00:00,443.7,444.3,0.02
1372,01-16-2020 13:30:00,445.3,445.4,0.08
1373,01-16-2020 14:00:00,445.9,446.6,0.11
1374,01-16-2020 14:30:00,446.3,446.6,0.1
1375,01-16-2020 15:00:00,445.7,446.2,0.05
1376,01-16-2020 15:30:00,444.7,445.5,0
1377,01-16-2020 16:00:00,442.9,443.6,-0.09
1378,01-16-2020 16:30:00,441.6,442.4,-0.11
1379,01-16-2020 17:00:00,442.4,443.2,-0.1
1380,01-16-2020 17:30:00,443,443.6,-0.1
1381,01-16-2020 18:00:00,442.7,443.6,-0.11
1382,01-16-2020 18:30:00,443,443.6,-0.13
1383,01-16-2020 19:00:00,443,443.6,-0.16
1384,01-16-2020 19:30:00,443.6,444.4,-0.17
1385,01-16-2020 20:00:00,444.4,445.2,-0.17
1386,01-16-2020 20:30:00,445.5,446.7,-0.17
1387,01-16-2020 21:00:00,446.8,447.5,-0.16
1388,01-16-2020 21:30:00,448.5,449,-0.16
1389,01-16-2020 22:00:00,450,451,-0.15
1390,01-16-2020 22:30:00,451.1,452.1,-0.15
1391,01-16-2020 23:00:00,452.1,452.9,-0.15
1392,01-16-2020 23:30:00,452.8,453.7,-0.13
1393,01-17-2020 00:00:00,453.2,454.5,-0.15
1394,01-17-2020 00:30:00,453.5,454.5,-0.13
1395,01-17-2020 01:00:00,453.9,454.8,-0.15
1396,01-17-2020 01:30:00,454.2,454.8,-0.13
1397,01-17-2020 02:00:00,454.6,455.2,-0.13
1398,01-17-2020 02:30:00,454.9,456,-0.13
1399,01-17-2020 03:00:00,455.6,456,-0.13
1400,01-17-2020 03:30:00,455.9,456.8,-0.13
1401,01-17-2020 04:00:00,456.3,457.2,-0.13
1402,01-17-2020 04:30:00,457,457.9,-0.13
1403,01-17-2020 05:00:00,457.5,458.7,-0.13
1404,01-17-2020 05:30:00,458.5,459.1,-0.13
1405,01-17-2020 06:00:00,458.7,459.9,-0.13
1406,01-17-2020 06:30:00,459.8,460.3,-0.13
1407,01-17-2020 07:00:00,460.3,460.3,-0.12
1408,01-17-2020 07:30:00,460.9,461.4,-0.13
1409,01-17-2020 08:00:00,461.3,462.2,-0.12
1410,01-17-2020 08:30:00,461.4,462.2,-0.12
1411,01-17-2020 09:00:00,461.4,463,-0.11
1412,01-17-2020 09:30:00,461.8,463.7,-0.09
1413,01-17-2020 10:00:00,462,463,-0.06
1414,01-17-2020 10:30:00,461.4,462.6,-0.04
1415,01-17-2020 11:00:00,460.7,461.4,-0.02
1416,01-17-2020 11:30:00,460.2,461,-0.02
1417,01-17-2020 12:00:00,459.7,460.6,-0.01
1418,01-17-2020 12:30:00,459.5,460.2,-0.01
1419,01-17-2020 13:00:00,459.3,460.2,-0.02
1420,01-17-2020 13:30:00,459.1,459.8,-0.05
1421,01-17-2020 14:00:00,458.9,459.5,-0.05
1422,01-17-2020 14:30:00,458.3,459.1,-0.06
1423,01-17-2020 15:00:00,457.7,459.1,-0.07
1424,01-17-2020 15:30:00,456.9,457.9,-0.09
1425,01-17-2020 16:00:00,456.4,457.5,-0.1
1426,01-17-2020 16:30:00,455.3,457.5,-0.11
1427,01-17-2020 17:00:00,454.9,457.9,-0.12
1428,01-17-2020 17:30:00,455,457.5,-0.11
1429,01-17-2020 18:00:00,455.3,457.2,-0.12
1430,01-17-2020 18:30:00,455.4,457.2,-0.12
1431,01-17-2020 19:00:00,454.9,456.4,-0.12
1432,01-17-2020 19:30:00,455,456.4,-0.12
1433,01-17-2020 20:00:00,454.9,456,-0.12
1434,01-17-2020 20:30:00,454.8,455.6,-0.12
1435,01-17-2020 21:00:00,454.2,455.6,-0.12
1436,01-17-2020 21:30:00,454,455.2,-0.12
1437,01-17-2020 22:00:00,453.7,454.8,-0.12
1438,01-17-2020 22:30:00,453.2,454.1,-0.12
1439,01-17-2020 23:00:00,452.7,453.7,-0.12
1440,01-17-2020 23:30:00,452.2,453.7,-0.12
1441,01-18-2020 00:00:00,451.5,452.9,-0.12
1442,01-18-2020 00:30:00,451,452.1,-0.11
1443,01-18-2020 01:00:00,450.6,451.7,-0.12
1444,01-18-2020 01:30:00,450,451,-0.11
1445,01-18-2020 02:00:00,449.6,450.6,-0.12
1446,01-18-2020 02:30:00,448.9,450.6,-0.12
1447,01-18-2020 03:00:00,448.8,449.8,-0.12
1448,01-18-2020 03:30:00,448.5,449.4,-0.11
1449,01-18-2020 04:00:00,448.1,449.4,-0.11
1450,01-18-2020 04:30:00,447.6,448.6,-0.11
1451,01-18-2020 05:00:00,447.4,448.6,-0.11
1452,01-18-2020 05:30:00,447.2,448.2,-0.11
1453,01-18-2020 06:00:00,446.9,447.5,-0.12
1454,01-18-2020 06:30:00,446.6,447.5,-0.12
1455,01-18-2020 07:00:00,446,447.5,-0.11
1456,01-18-2020 07:30:00,445.9,446.7,-0.11
1457,01-18-2020 08:00:00,445.3,446.3,-0.11
1458,01-18-2020 08:30:00,444.9,445.9,-0.11
1459,01-18-2020 09:00:00,444.1,445.9,-0.11
1460,01-18-2020 09:30:00,444,445.9,-0.1
1461,01-18-2020 10:00:00,444.3,445.5,-0.07
1462,01-18-2020 10:30:00,444.2,445.5,-0.06
1463,01-18-2020 11:00:00,443.6,445.1,-0.06
1464,01-18-2020 11:30:00,443.1,444.3,-0.05
1465,01-18-2020 12:00:00,442.8,443.9,-0.05
1466,01-18-2020 12:30:00,441.9,443.2,-0.05
1467,01-18-2020 13:00:00,440.7,442,-0.06
1468,01-18-2020 13:30:00,439.6,440.9,-0.07
1469,01-18-2020 14:00:00,438,439.7,-0.09
1470,01-18-2020 14:30:00,437.3,438.5,-0.09
1471,01-18-2020 15:00:00,436.9,438.5,-0.09
1472,01-18-2020 15:30:00,436.2,437.8,-0.09
1473,01-18-2020 16:00:00,435.2,436.6,-0.1
1474,01-18-2020 16:30:00,435.3,436.6,-0.1
1475,01-18-2020 17:00:00,435,436.6,-0.11
1476,01-18-2020 17:30:00,434.9,436.6,-0.11
1477,01-18-2020 18:00:00,435.2,436.6,-0.12
1478,01-18-2020 18:30:00,435.2,436.6,-0.12
1479,01-18-2020 19:00:00,435.3,437,-0.12
1480,01-18-2020 19:30:00,435.4,437,-0.12
1481,01-18-2020 20:00:00,435.7,437,-0.12
1482,01-18-2020 20:30:00,436.2,437.8,-0.12
1483,01-18-2020 21:00:00,436.3,437.8,-0.12
1484,01-18-2020 21:30:00,437,438.2,-0.12
1485,01-18-2020 22:00:00,437.2,438.6,-0.12
1486,01-18-2020 22:30:00,438,439.3,-0.12
1487,01-18-2020 23:00:00,438.8,439.7,-0.12
1488,01-18-2020 23:30:00,439.9,440.9,-0.12
1489,01-19-2020 00:00:00,441.8,443.2,-0.12
1490,01-19-2020 00:30:00,443.7,445.1,-0.12
1491,01-19-2020 01:00:00,446.1,447.5,-0.12
1492,01-19-2020 01:30:00,447.4,449,-0.12
1493,01-19-2020 02:00:00,449.2,450.6,-0.12
1494,01-19-2020 02:30:00,449.8,451.3,-0.12
1495,01-19-2020 03:00:00,450.4,452.1,-0.12
1496,01-19-2020 03:30:00,450.7,452.1,-0.12
1497,01-19-2020 04:00:00,451.2,452.5,-0.11
1498,01-19-2020 04:30:00,451.3,452.5,-0.11
1499,01-19-2020 05:00:00,451.2,452.5,-0.11
1500,01-19-2020 05:30:00,451.4,453.3,-0.11
1501,01-19-2020 06:00:00,451.9,453.3,-0.11
1502,01-19-2020 06:30:00,452.5,453.7,-0.11
1503,01-19-2020 07:00:00,453.2,454.1,-0.11
1504,01-19-2020 07:30:00,453.7,454.8,-0.11
1505,01-19-2020 08:00:00,454.3,455.6,-0.11
1506,01-19-2020 08:30:00,454.9,456.4,-0.1
1507,01-19-2020 09:00:00,455.1,456.8,-0.09
1508,01-19-2020 09:30:00,456.2,457.5,-0.07
1509,01-19-2020 10:00:00,457,458.7,-0.06
1510,01-19-2020 10:30:00,457,458.7,-0.04
1511,01-19-2020 11:00:00,457.5,459.4,-0.02
1512,01-19-2020 11:30:00,458,459.8,0
1513,01-19-2020 12:00:00,458.4,459.8,0.02
1514,01-19-2020 12:30:00,459,460.6,0.04
1515,01-19-2020 13:00:00,458.8,460.2,0.04
1516,01-19-2020 13:30:00,458.7,459.8,0.04
1517,01-19-2020 14:00:00,458.3,459.8,0.01
1518,01-19-2020 14:30:00,457.6,459.4,0
1519,01-19-2020 15:00:00,457.1,458.7,-0.02
1520,01-19-2020 15:30:00,456.3,457.9,-0.04
1521,01-19-2020 16:00:00,455.6,456.7,-0.05
1522,01-19-2020 16:30:00,455.2,456.8,-0.07
1523,01-19-2020 17:00:00,455.1,456.4,-0.07
1524,01-19-2020 17:30:00,455.4,456.8,-0.09
1525,01-19-2020 18:00:00,455.2,456.8,-0.1
1526,01-19-2020 18:30:00,455.5,457.5,-0.1
1527,01-19-2020 19:00:00,456,457.9,-0.11
1528,01-19-2020 19:30:00,457,458.7,-0.11
1529,01-19-2020 20:00:00,458.1,459.9,-0.11
1530,01-19-2020 20:30:00,459.8,461,-0.11
1531,01-19-2020 21:00:00,461.4,463,-0.11
1532,01-19-2020 21:30:00,463.2,464.9,-0.11
1533,01-19-2020 22:00:00,464.8,466.1,-0.12
1534,01-19-2020 22:30:00,465.2,466.5,-0.12
1535,01-19-2020 23:00:00,464.1,465.7,-0.11
1536,01-19-2020 23:30:00,462.7,464.1,-0.12
1537,01-20-2020 00:00:00,461,462.2,-0.12
1538,01-20-2020 00:30:00,459.8,461,-0.12
1539,01-20-2020 01:00:00,458.3,459.9,-0.12
1540,01-20-2020 01:30:00,457.9,459.1,-0.12
1541,01-20-2020 02:00:00,457.5,459.1,-0.12
1542,01-20-2020 02:30:00,457.6,459.1,-0.11
1543,01-20-2020 03:00:00,457.7,459.1,-0.12
1544,01-20-2020 03:30:00,457.8,459.1,-0.12
1545,01-20-2020 04:00:00,457.7,459.1,-0.11
1546,01-20-2020 04:30:00,457.5,459.1,-0.11
1547,01-20-2020 05:00:00,457.5,458.7,-0.12
1548,01-20-2020 05:30:00,456.8,457.9,-0.12
1549,01-20-2020 06:00:00,456.4,457.5,-0.11
1550,01-20-2020 06:30:00,455.9,456.8,-0.12
1551,01-20-2020 07:00:00,455.5,456.8,-0.11
1552,01-20-2020 07:30:00,454.8,456,-0.12
1553,01-20-2020 08:00:00,454.4,455.6,-0.11
1554,01-20-2020 08:30:00,454.1,454.8,-0.11
1555,01-20-2020 09:00:00,453.9,454.8,-0.1
1556,01-20-2020 09:30:00,453.6,454.4,-0.09
1557,01-20-2020 10:00:00,453.2,454.4,-0.07
1558,01-20-2020 10:30:00,452.9,453.6,-0.06
1559,01-20-2020 11:00:00,452.6,453.6,-0.05
1560,01-20-2020 11:30:00,452.4,453.6,-0.02
1561,01-20-2020 12:00:00,452.2,453.2,-0.02
1562,01-20-2020 12:30:00,451.9,452.9,-0.02
1563,01-20-2020 13:00:00,451.4,452.1,-0.01
1564,01-20-2020 13:30:00,450.6,451.3,-0.02
1565,01-20-2020 14:00:00,449.8,450.9,-0.01
1566,01-20-2020 14:30:00,448.8,449.8,-0.04
1567,01-20-2020 15:00:00,447.9,448.2,-0.05
1568,01-20-2020 15:30:00,446.7,447.4,-0.06
1569,01-20-2020 16:00:00,445.8,446.7,-0.07
1570,01-20-2020 16:30:00,445,445.5,-0.09
1571,01-20-2020 17:00:00,444.6,445.5,-0.1
1572,01-20-2020 17:30:00,444.2,445.1,-0.1
1573,01-20-2020 18:00:00,443.7,445.1,-0.11
1574,01-20-2020 18:30:00,443.7,444.7,-0.11
1575,01-20-2020 19:00:00,443.3,444.4,-0.11
1576,01-20-2020 19:30:00,443.6,444.7,-0.11
1577,01-20-2020 20:00:00,444,445.1,-0.11
1578,01-20-2020 20:30:00,444.3,445.1,-0.11
1579,01-20-2020 21:00:00,444.6,445.9,-0.11
1580,01-20-2020 21:30:00,444.9,446.3,-0.11
1581,01-20-2020 22:00:00,445.3,447.1,-0.12
1582,01-20-2020 22:30:00,445.4,447.1,-0.12
1583,01-20-2020 23:00:00,445.7,447.1,-0.11
1584,01-20-2020 23:30:00,445.7,447.1,-0.11
1585,01-21-2020 00:00:00,445.6,447.1,-0.12
1586,01-21-2020 00:30:00,446.3,447.5,-0.11
1587,01-21-2020 01:00:00,446.5,447.8,-0.11
1588,01-21-2020 01:30:00,446.9,448.2,-0.11
1589,01-21-2020 02:00:00,447.1,448.6,-0.11
1590,01-21-2020 02:30:00,447.9,449,-0.12
1591,01-21-2020 03:00:00,448.3,449.4,-0.11
1592,01-21-2020 03:30:00,448.9,449.4,-0.12
1593,01-21-2020 04:00:00,448.8,449.8,-0.11
1594,01-21-2020 04:30:00,449.2,449.8,-0.11
1595,01-21-2020 05:00:00,449.6,450.2,-0.11
1596,01-21-2020 05:30:00,449.5,450.2,-0.11
1597,01-21-2020 06:00:00,449.6,450.6,-0.11
1598,01-21-2020 06:30:00,449.9,451,-0.11
1599,01-21-2020 07:00:00,450.6,451,-0.11
1600,01-21-2020 07:30:00,450.6,451.3,-0.11
1601,01-21-2020 08:00:00,451.3,452.5,-0.11
1602,01-21-2020 08:30:00,451.6,452.9,-0.1
1603,01-21-2020 09:00:00,452.1,453.7,-0.1
1604,01-21-2020 09:30:00,452.7,453.6,-0.07
1605,01-21-2020 10:00:00,453.7,454.4,-0.06
1606,01-21-2020 10:30:00,453.7,454.8,-0.04
1607,01-21-2020 11:00:00,454,454.8,-0.02
1608,01-21-2020 11:30:00,454.1,455.2,-0.01
1609,01-21-2020 12:00:00,454.2,455.5,0.01
1610,01-21-2020 12:30:00,454.4,455.2,0.01
1611,01-21-2020 13:00:00,454.2,455.2,0.01
1612,01-21-2020 13:30:00,453.7,454.4,0.01
1613,01-21-2020 14:00:00,452.8,453.6,-0.01
1614,01-21-2020 14:30:00,451.8,452.9,-0.02
1615,01-21-2020 15:00:00,451.4,452.5,-0.04
1616,01-21-2020 15:30:00,450.8,451.7,-0.05
1617,01-21-2020 16:00:00,450.4,451.7,-0.07
1618,01-21-2020 16:30:00,449.9,451.3,-0.07
1619,01-21-2020 17:00:00,449.6,450.9,-0.1
1620,01-21-2020 17:30:00,449.5,450.6,-0.1
1621,01-21-2020 18:00:00,449.5,450.6,-0.11
1622,01-21-2020 18:30:00,448.7,450.2,-0.11
1623,01-21-2020 19:00:00,448.5,449.8,-0.11
1624,01-21-2020 19:30:00,448.5,450.2,-0.11
1625,01-21-2020 20:00:00,448.7,450.6,-0.12
1626,01-21-2020 20:30:00,449.3,451,-0.11
1627,01-21-2020 21:00:00,449.9,451.3,-0.11
1628,01-21-2020 21:30:00,450.2,451.7,-0.11
1629,01-21-2020 22:00:00,449.9,451.3,-0.12
1630,01-21-2020 22:30:00,449.6,451.3,-0.11
1631,01-21-2020 23:00:00,449.5,451,-0.11
1632,01-21-2020 23:30:00,449.1,451,-0.11
1633,01-22-2020 00:00:00,449.3,450.6,-0.11
1634,01-22-2020 00:30:00,449.2,450.6,-0.12
1635,01-22-2020 01:00:00,448.9,450.2,-0.11
1636,01-22-2020 01:30:00,448.7,450.2,-0.11
1637,01-22-2020 02:00:00,448.8,450.2,-0.11
1638,01-22-2020 02:30:00,449.4,450.6,-0.11
1639,01-22-2020 03:00:00,448.3,449.4,-0.11
1640,01-22-2020 03:30:00,448.2,449.4,-0.11
1641,01-22-2020 04:00:00,447.8,448.6,-0.11
1642,01-22-2020 04:30:00,447.4,448.6,-0.11
1643,01-22-2020 05:00:00,446.9,447.8,-0.11
1644,01-22-2020 05:30:00,446.4,447.5,-0.12
1645,01-22-2020 06:00:00,446.2,447.1,-0.11
1646,01-22-2020 06:30:00,445.9,447.1,-0.11
1647,01-22-2020 07:00:00,445.9,446.7,-0.11
1648,01-22-2020 07:30:00,446.1,446.7,-0.11
1649,01-22-2020 08:00:00,446.1,446.7,-0.11
1650,01-22-2020 08:30:00,446.4,447.5,-0.1
1651,01-22-2020 09:00:00,446.5,447.5,-0.09
1652,01-22-2020 09:30:00,446.8,447.8,-0.07
1653,01-22-2020 10:00:00,447,448.2,-0.07
1654,01-22-2020 10:30:00,447.3,448.2,-0.05
1655,01-22-2020 11:00:00,447.3,448.2,-0.04
1656,01-22-2020 11:30:00,447.2,448.6,-0.02
1657,01-22-2020 12:00:00,446.9,447.8,-0.01
1658,01-22-2020 12:30:00,446.7,447.8,-0.01
1659,01-22-2020 13:00:00,446.2,447.4,0
1660,01-22-2020 13:30:00,445.7,446.6,0
1661,01-22-2020 14:00:00,444.5,445.5,-0.01
1662,01-22-2020 14:30:00,443.5,444.3,-0.02
1663,01-22-2020 15:00:00,442.2,443.2,-0.02
1664,01-22-2020 15:30:00,441.2,442,-0.04
1665,01-22-2020 16:00:00,440,440.5,-0.04
1666,01-22-2020 16:30:00,439.1,440.1,-0.06
1667,01-22-2020 17:00:00,438.9,439.7,-0.07
1668,01-22-2020 17:30:00,438.4,439.3,-0.07
1669,01-22-2020 18:00:00,438,438.9,-0.09
1670,01-22-2020 18:30:00,436.9,438.1,-0.09
1671,01-22-2020 19:00:00,436.7,437.8,-0.09
1672,01-22-2020 19:30:00,436.4,437.8,-0.1
1673,01-22-2020 20:00:00,436.2,437.8,-0.1
1674,01-22-2020 20:30:00,436,437,-0.1
1675,01-22-2020 21:00:00,436.2,437.4,-0.1
1676,01-22-2020 21:30:00,436.1,437.4,-0.1
1677,01-22-2020 22:00:00,435.8,437,-0.1
1678,01-22-2020 22:30:00,435.9,437,-0.1
1679,01-22-2020 23:00:00,435.5,437,-0.1
1680,01-22-2020 23:30:00,435.4,436.6,-0.1
1681,01-23-2020 00:00:00,435.2,436.6,-0.1
1682,01-23-2020 00:30:00,434.9,436.6,-0.1
1683,01-23-2020 01:00:00,434.8,436.2,-0.1
1684,01-23-2020 01:30:00,434.7,435.8,-0.1
1685,01-23-2020 02:00:00,434.3,435.8,-0.1
1686,01-23-2020 02:30:00,434,435.4,-0.1
1687,01-23-2020 03:00:00,433.6,435.1,-0.11
1688,01-23-2020 03:30:00,433.2,434.7,-0.1
1689,01-23-2020 04:00:00,433.1,434.7,-0.1
1690,01-23-2020 04:30:00,432.8,434.3,-0.1
1691,01-23-2020 05:00:00,432.8,433.9,-0.1
1692,01-23-2020 05:30:00,432.8,433.9,-0.1
1693,01-23-2020 06:00:00,432.6,433.5,-0.1
1694,01-23-2020 06:30:00,432.4,433.5,-0.1
1695,01-23-2020 07:00:00,432.3,433.5,-0.1
1696,01-23-2020 07:30:00,432.3,433.5,-0.1
1697,01-23-2020 08:00:00,432.4,433.5,-0.1
1698,01-23-2020 08:30:00,432.4,433.5,-0.1
1699,01-23-2020 09:00:00,432.4,433.5,-0.1
1700,01-23-2020 09:30:00,432.4,433.9,-0.1
1701,01-23-2020 10:00:00,432.5,433.9,-0.1
1702,01-23-2020 10:30:00,432.3,433.5,-0.1
1703,01-23-2020 11:00:00,432.3,433.5,-0.09
1704,01-23-2020 11:30:00,432.1,433.5,-0.09
1705,01-23-2020 12:00:00,432,433.5,-0.09
1706,01-23-2020 12:30:00,431.9,433.1,-0.07
1707,01-23-2020 13:00:00,431.6,432.7,-0.07
1708,01-23-2020 13:30:00,431.1,432.3,-0.07
1709,01-23-2020 14:00:00,430.4,431.9,-0.07
1710,01-23-2020 14:30:00,429.8,431.2,-0.06
1711,01-23-2020 15:00:00,429.2,430.4,-0.07
1712,01-23-2020 15:30:00,428.7,430,-0.06
1713,01-23-2020 16:00:00,428.2,429.6,-0.06
1714,01-23-2020 16:30:00,427.7,428.8,-0.06
1715,01-23-2020 17:00:00,427.7,429.2,-0.06
1716,01-23-2020 17:30:00,427.4,428.5,-0.06
1717,01-23-2020 18:00:00,427.1,428.5,-0.05
1718,01-23-2020 18:30:00,426.7,428.1,-0.05
1719,01-23-2020 19:00:00,427,428.1,-0.05
1720,01-23-2020 19:30:00,426.9,427.7,-0.05
1721,01-23-2020 20:00:00,426.5,427.3,-0.06
1722,01-23-2020 20:30:00,426.5,427.3,-0.05
1723,01-23-2020 21:00:00,426.4,427.3,-0.05
1724,01-23-2020 21:30:00,428.4,429.2,-0.05
1725,01-23-2020 22:00:00,433.8,434.7,-0.06
1726,01-23-2020 22:30:00,437.8,438.5,-0.05
1727,01-23-2020 23:00:00,437.5,438.1,-0.05
1728,01-23-2020 23:30:00,436.1,437,-0.05
1729,01-24-2020 00:00:00,436.1,437,-0.05
1730,01-24-2020 00:30:00,438.4,439.3,-0.05
1731,01-24-2020 01:00:00,442,442.8,-0.04
1732,01-24-2020 01:30:00,445.4,445.9,-0.04
1733,01-24-2020 02:00:00,447.9,448.6,-0.02
1734,01-24-2020 02:30:00,450.1,450.9,-0.01
1735,01-24-2020 03:00:00,451.9,452.8,0
1736,01-24-2020 03:30:00,453.4,454.4,0.01
1737,01-24-2020 04:00:00,454.5,455.1,0.04
1738,01-24-2020 04:30:00,455.2,455.9,0.05
1739,01-24-2020 05:00:00,455.7,456.3,0.06
1740,01-24-2020 05:30:00,455.1,455.5,0.06
1741,01-24-2020 06:00:00,453.4,454,0.07
1742,01-24-2020 06:30:00,451.3,452,0.1
1743,01-24-2020 07:00:00,449.4,450.5,0.1
1744,01-24-2020 07:30:00,447.7,448.1,0.11
1745,01-24-2020 08:00:00,446.5,447.3,0.15
1746,01-24-2020 08:30:00,445.4,446.2,0.17
1747,01-24-2020 09:00:00,444.6,445.4,0.18
1748,01-24-2020 09:30:00,444,444.6,0.19
1749,01-24-2020 10:00:00,443.4,444.2,0.24
1750,01-24-2020 10:30:00,442.8,443.4,0.27
1751,01-24-2020 11:00:00,442.6,443.4,0.3
1752,01-24-2020 11:30:00,442.3,443.4,0.34
1753,01-24-2020 12:00:00,442.1,443,0.38
1754,01-24-2020 12:30:00,441.5,442.6,0.41
1755,01-24-2020 13:00:00,441.1,442.2,0.45
1756,01-24-2020 13:30:00,441.2,442.5,0.5
1757,01-24-2020 14:00:00,441.4,442.5,0.53
1758,01-24-2020 14:30:00,441.7,442.9,0.62
1759,01-24-2020 15:00:00,442.2,443.2,0.68
1760,01-24-2020 15:30:00,442.7,443.6,0.73
1761,01-24-2020 16:00:00,443.4,444.3,0.8
1762,01-24-2020 16:30:00,444.6,445.1,0.89
1763,01-24-2020 17:00:00,445.5,446.6,0.96
1764,01-24-2020 17:30:00,446.6,447.3,1.03
1765,01-24-2020 18:00:00,447.7,448.5,1.09
1766,01-24-2020 18:30:00,449,449.6,1.19
1767,01-24-2020 19:00:00,449.5,450.3,1.25
1768,01-24-2020 19:30:00,448.8,450.3,1.21
1769,01-24-2020 20:00:00,449.7,450.3,1.24
1770,01-24-2020 20:30:00,451.8,453,1.3
1771,01-24-2020 21:00:00,454.8,456.5,1.35
1772,01-24-2020 21:30:00,459.6,460.7,1.43
1773,01-24-2020 22:00:00,465.7,466.8,1.52
1774,01-24-2020 22:30:00,478.8,479.6,1.55
1775,01-24-2020 23:00:00,500.2,500.9,1.61
1776,01-24-2020 23:30:00,516.4,517.3,1.65
1777,01-25-2020 00:00:00,524.5,525.8,1.66
1778,01-25-2020 00:30:00,530.9,531.6,1.71
1779,01-25-2020 01:00:00,536.1,537.1,1.76
1780,01-25-2020 01:30:00,538.4,539.4,1.75
1781,01-25-2020 02:00:00,539.6,540.5,1.8
1782,01-25-2020 02:30:00,537.3,538.2,1.8
1783,01-25-2020 03:00:00,533.3,534.3,1.8
1784,01-25-2020 03:30:00,528.9,530,1.8
1785,01-25-2020 04:00:00,524.5,525.7,1.83
1786,01-25-2020 04:30:00,519.6,520.7,1.82
1787,01-25-2020 05:00:00,516.5,517.1,1.9
1788,01-25-2020 05:30:00,511.7,512.9,1.88
1789,01-25-2020 06:00:00,506.5,507.8,1.88
1790,01-25-2020 06:30:00,502.6,503.9,1.88
1791,01-25-2020 07:00:00,498.2,500,1.88
1792,01-25-2020 07:30:00,496.4,498.1,1.83
1793,01-25-2020 08:00:00,490.5,491.9,1.76
1794,01-25-2020 08:30:00,489.9,491.5,1.88
1795,01-25-2020 09:00:00,488.8,490.3,1.93
1796,01-25-2020 09:30:00,487.6,489.1,1.98
1797,01-25-2020 10:00:00,486.6,488.3,2.09
1798,01-25-2020 10:30:00,485.1,486.3,2.13
1799,01-25-2020 11:00:00,484.3,485.9,2.21
1800,01-25-2020 11:30:00,484.2,485.5,2.3
1801,01-25-2020 12:00:00,483.2,484.3,2.35
1802,01-25-2020 12:30:00,482.5,483.9,2.4
1803,01-25-2020 13:00:00,482.1,483.8,2.52
1804,01-25-2020 13:30:00,482.1,483.4,2.6
1805,01-25-2020 14:00:00,482,483.3,2.68
1806,01-25-2020 14:30:00,481.4,482.9,2.67
1807,01-25-2020 15:00:00,482.4,483.7,2.74
1808,01-25-2020 15:30:00,482.3,483.7,2.77
1809,01-25-2020 16:00:00,481.5,483.3,2.79
1810,01-25-2020 16:30:00,480.8,482.1,2.77
1811,01-25-2020 17:00:00,480.3,481.7,2.74
1812,01-25-2020 17:30:00,480.8,482.1,2.78
1813,01-25-2020 18:00:00,481.2,482.9,2.79
1814,01-25-2020 18:30:00,481.1,482.9,2.78
1815,01-25-2020 19:00:00,480.9,482.1,2.72
1816,01-25-2020 19:30:00,481,482.2,2.69
1817,01-25-2020 20:00:00,484.6,485.7,2.67
1818,01-25-2020 20:30:00,496.4,497.7,2.64
1819,01-25-2020 21:00:00,512.5,513.6,2.62
1820,01-25-2020 21:30:00,526.2,527.2,2.61
1821,01-25-2020 22:00:00,539.6,540.5,2.58
1822,01-25-2020 22:30:00,555.1,556.1,2.58
1823,01-25-2020 23:00:00,569.8,570.9,2.58
1824,01-25-2020 23:30:00,588.1,589.2,2.58
1825,01-26-2020 00:00:00,611.8,612.7,2.58
1826,01-26-2020 00:30:00,632.6,633.5,2.6
1827,01-26-2020 01:00:00,644.2,644.8,2.6
1828,01-26-2020 01:30:00,645,645.6,2.6
1829,01-26-2020 02:00:00,638.6,639.7,2.6
1830,01-26-2020 02:30:00,628,628.8,2.6
1831,01-26-2020 03:00:00,615,616.2,2.61
1832,01-26-2020 03:30:00,600,601,2.61
1833,01-26-2020 04:00:00,586.1,587.3,2.61
1834,01-26-2020 04:30:00,575.6,577.1,2.62
1835,01-26-2020 05:00:00,570.6,571.6,2.62
1836,01-26-2020 05:30:00,569.4,570.5,2.63
1837,01-26-2020 06:00:00,566.5,568.5,2.62
1838,01-26-2020 06:30:00,559,561.1,2.62
1839,01-26-2020 07:00:00,549.7,551.4,2.61
1840,01-26-2020 07:30:00,540.5,542.4,2.61
1841,01-26-2020 08:00:00,532.8,535,2.6
1842,01-26-2020 08:30:00,526.9,528.8,2.61
1843,01-26-2020 09:00:00,521.7,523.7,2.63
1844,01-26-2020 09:30:00,518.1,520.2,2.66
1845,01-26-2020 10:00:00,515.1,517.1,2.68
1846,01-26-2020 10:30:00,512.7,514.3,2.73
1847,01-26-2020 11:00:00,510.5,512.4,2.75
1848,01-26-2020 11:30:00,508.7,510.4,2.8
1849,01-26-2020 12:00:00,507.5,509.6,2.84
1850,01-26-2020 12:30:00,506.7,508.4,2.88
1851,01-26-2020 13:00:00,505.9,508,2.91
1852,01-26-2020 13:30:00,505.7,507.2,2.95
1853,01-26-2020 14:00:00,505.3,507.2,2.98
1854,01-26-2020 14:30:00,504.6,506.4,2.98
1855,01-26-2020 15:00:00,503,504.9,2.97
1856,01-26-2020 15:30:00,501.2,503,2.96
1857,01-26-2020 16:00:00,500.2,501.8,2.96
1858,01-26-2020 16:30:00,498.8,500.7,2.92
1859,01-26-2020 17:00:00,497,498.7,2.9
1860,01-26-2020 17:30:00,495.5,497.2,2.84
1861,01-26-2020 18:00:00,494.2,496.1,2.8
1862,01-26-2020 18:30:00,492.8,494.5,2.77
1863,01-26-2020 19:00:00,491.5,492.6,2.72
1864,01-26-2020 19:30:00,490.2,491.5,2.67
1865,01-26-2020 20:00:00,488.7,490.7,2.64
1866,01-26-2020 20:30:00,487.8,489.6,2.58
1867,01-26-2020 21:00:00,486.9,488.4,2.55
1868,01-26-2020 21:30:00,485.7,487.3,2.49
1869,01-26-2020 22:00:00,484.5,486.2,2.45
1870,01-26-2020 22:30:00,484,485.4,2.41
1871,01-26-2020 23:00:00,483.5,485,2.38
1872,01-26-2020 23:30:00,482.9,484.3,2.35
1873,01-27-2020 00:00:00,482.6,484.3,2.33
1874,01-27-2020 00:30:00,482.3,484.3,2.3
1875,01-27-2020 01:00:00,482.2,483.9,2.29
1876,01-27-2020 01:30:00,482.3,484.3,2.26
1877,01-27-2020 02:00:00,481.9,483.6,2.23
1878,01-27-2020 02:30:00,482.5,484.3,2.23
1879,01-27-2020 03:00:00,482.8,484.3,2.2
1880,01-27-2020 03:30:00,482.8,484.3,2.2
1881,01-27-2020 04:00:00,482.7,484.4,2.18
1882,01-27-2020 04:30:00,481.9,484.4,2.17
1883,01-27-2020 05:00:00,481.2,484,2.16
1884,01-27-2020 05:30:00,479.9,482.8,2.15
1885,01-27-2020 06:00:00,478.9,481.7,2.12
1886,01-27-2020 06:30:00,477.8,480.5,2.11
1887,01-27-2020 07:00:00,477.2,479.7,2.09
1888,01-27-2020 07:30:00,476.4,479,2.09
1889,01-27-2020 08:00:00,475.5,477.8,2.07
1890,01-27-2020 08:30:00,475,477.4,2.09
1891,01-27-2020 09:00:00,474.7,477,2.11
1892,01-27-2020 09:30:00,475.1,477.4,2.15
1893,01-27-2020 10:00:00,475,477.4,2.21
1894,01-27-2020 10:30:00,475.6,477.7,2.3
1895,01-27-2020 11:00:00,476.4,478.8,2.39
1896,01-27-2020 11:30:00,477.5,479.5,2.49
1897,01-27-2020 12:00:00,478.4,481,2.6
1898,01-27-2020 12:30:00,479.6,481.8,2.69
1899,01-27-2020 13:00:00,481,482.9,2.81
1900,01-27-2020 13:30:00,481.9,484.4,2.91
1901,01-27-2020 14:00:00,483.2,485.9,3.02
1902,01-27-2020 14:30:00,484.2,487,3.12
1903,01-27-2020 15:00:00,485.2,487.7,3.19
1904,01-27-2020 15:30:00,485.2,486.9,3.21
1905,01-27-2020 16:00:00,485.4,487.3,3.21
1906,01-27-2020 16:30:00,485.2,487.7,3.23
1907,01-27-2020 17:00:00,484.9,486.9,3.21
1908,01-27-2020 17:30:00,484.5,486.2,3.19
1909,01-27-2020 18:00:00,484,485.8,3.17
1910,01-27-2020 18:30:00,483.6,485.4,3.15
1911,01-27-2020 19:00:00,483.1,485,3.13
1912,01-27-2020 19:30:00,482.8,484.7,3.11
1913,01-27-2020 20:00:00,482.2,483.9,3.07
1914,01-27-2020 20:30:00,481.6,483.9,3.02
1915,01-27-2020 21:00:00,480.8,482.8,2.97
1916,01-27-2020 21:30:00,480.3,482,2.95
1917,01-27-2020 22:00:00,480.1,481.6,2.94
1918,01-27-2020 22:30:00,480,481.7,2.9
1919,01-27-2020 23:00:00,480,481.3,2.89
1920,01-27-2020 23:30:00,480.1,480.9,2.86
1921,01-28-2020 00:00:00,480.1,481.3,2.85
1922,01-28-2020 00:30:00,480,480.9,2.83
1923,01-28-2020 01:00:00,479.9,480.9,2.8
1924,01-28-2020 01:30:00,479.7,480.9,2.79
1925,01-28-2020 02:00:00,479.6,480.6,2.75
1926,01-28-2020 02:30:00,479.8,480.6,2.78
1927,01-28-2020 03:00:00,479.4,480.6,2.75
1928,01-28-2020 03:30:00,479.3,480.6,2.75
1929,01-28-2020 04:00:00,479.5,481,2.75
1930,01-28-2020 04:30:00,479.4,480.6,2.74
1931,01-28-2020 05:00:00,479.1,480.2,2.73
1932,01-28-2020 05:30:00,478.7,479.8,2.71
1933,01-28-2020 06:00:00,478.5,479.8,2.69
1934,01-28-2020 06:30:00,478.4,479.5,2.67
1935,01-28-2020 07:00:00,478.2,479.5,2.67
1936,01-28-2020 07:30:00,477.7,479.1,2.64
1937,01-28-2020 08:00:00,477.5,478.7,2.61
1938,01-28-2020 08:30:00,477,477.9,2.58
1939,01-28-2020 09:00:00,476.8,477.9,2.58
1940,01-28-2020 09:30:00,476.2,477.2,2.57
1941,01-28-2020 10:00:00,475.9,477.6,2.58
1942,01-28-2020 10:30:00,475.6,476.8,2.58
1943,01-28-2020 11:00:00,475.5,476.8,2.61
1944,01-28-2020 11:30:00,475.9,477.2,2.62
1945,01-28-2020 12:00:00,475.9,477.5,2.64
1946,01-28-2020 12:30:00,476.2,477.9,2.68
1947,01-28-2020 13:00:00,476.2,477.9,2.72
1948,01-28-2020 13:30:00,476.7,477.9,2.74
1949,01-28-2020 14:00:00,476.6,477.9,2.77
1950,01-28-2020 14:30:00,476.6,478.2,2.78
1951,01-28-2020 15:00:00,476.8,478.2,2.77
1952,01-28-2020 15:30:00,476.6,478.2,2.78
1953,01-28-2020 16:00:00,476.5,477.8,2.78
1954,01-28-2020 16:30:00,475.9,477.5,2.75
1955,01-28-2020 17:00:00,475.3,476.7,2.69
1956,01-28-2020 17:30:00,474.5,476,2.66
1957,01-28-2020 18:00:00,473.6,474.8,2.62
1958,01-28-2020 18:30:00,472.9,474.5,2.57
1959,01-28-2020 19:00:00,471.5,472.9,2.51
1960,01-28-2020 19:30:00,470.6,472.2,2.45
1961,01-28-2020 20:00:00,470,471.1,2.41
1962,01-28-2020 20:30:00,469.4,471.1,2.38
1963,01-28-2020 21:00:00,468.7,469.6,2.3
1964,01-28-2020 21:30:00,467.6,468.8,2.22
1965,01-28-2020 22:00:00,467,468.5,2.17
1966,01-28-2020 22:30:00,466.4,467.7,2.12
1967,01-28-2020 23:00:00,465.8,467.3,2.1
1968,01-28-2020 23:30:00,465.6,467,2.05
1969,01-29-2020 00:00:00,465.1,466.2,2.03
1970,01-29-2020 00:30:00,464.6,465.5,1.99
1971,01-29-2020 01:00:00,464.2,465.1,1.95
1972,01-29-2020 01:30:00,463.7,464.7,1.92
1973,01-29-2020 02:00:00,463.3,464.4,1.86
1974,01-29-2020 02:30:00,462.8,463.6,1.84
1975,01-29-2020 03:00:00,462.5,463.6,1.82
1976,01-29-2020 03:30:00,462.3,463.6,1.81
1977,01-29-2020 04:00:00,462.4,463.6,1.78
1978,01-29-2020 04:30:00,462,462.8,1.77
1979,01-29-2020 05:00:00,461.8,462.9,1.75
1980,01-29-2020 05:30:00,461.6,462.5,1.73
1981,01-29-2020 06:00:00,461,462.5,1.71
1982,01-29-2020 06:30:00,460.5,461.7,1.71
1983,01-29-2020 07:00:00,460.3,461.7,1.67
1984,01-29-2020 07:30:00,459.8,461.3,1.66
1985,01-29-2020 08:00:00,460,461,1.65
1986,01-29-2020 08:30:00,459.7,461,1.63
1987,01-29-2020 09:00:00,459.6,460.6,1.64
1988,01-29-2020 09:30:00,459.8,461,1.65
1989,01-29-2020 10:00:00,460.2,461.3,1.7
1990,01-29-2020 10:30:00,460.6,461.7,1.75
1991,01-29-2020 11:00:00,461,462.5,1.78
1992,01-29-2020 11:30:00,461.8,462.8,1.84
1993,01-29-2020 12:00:00,462.4,463.6,1.89
1994,01-29-2020 12:30:00,463.5,464.7,1.97
1995,01-29-2020 13:00:00,464,465,2.03
1996,01-29-2020 13:30:00,464.5,465.8,2.06
1997,01-29-2020 14:00:00,465,466.6,2.12
1998,01-29-2020 14:30:00,466,467.3,2.18
1999,01-29-2020 15:00:00,465.7,468,2.26
2000,01-29-2020 15:30:00,466.7,468.4,2.29
2001,01-29-2020 16:00:00,467.3,468.8,2.33
2002,01-29-2020 16:30:00,467.2,468.4,2.32
2003,01-29-2020 17:00:00,466.6,468,2.29
2004,01-29-2020 17:30:00,466.2,467.6,2.26
2005,01-29-2020 18:00:00,465.8,467.7,2.23
2006,01-29-2020 18:30:00,465.6,467.3,2.2
2007,01-29-2020 19:00:00,465.6,467.3,2.2
2008,01-29-2020 19:30:00,465.3,466.9,2.16
2009,01-29-2020 20:00:00,464.6,466.6,2.12
2010,01-29-2020 20:30:00,464.7,466.6,2.09
2011,01-29-2020 21:00:00,464,465.4,2.04
2012,01-29-2020 21:30:00,463.4,465.1,1.99
2013,01-29-2020 22:00:00,462.9,465.1,1.94
2014,01-29-2020 22:30:00,462.7,464.7,1.9
2015,01-29-2020 23:00:00,462.2,464,1.86
2016,01-29-2020 23:30:00,462,463.2,1.84
2017,01-30-2020 00:00:00,461.5,463.6,1.82
2018,01-30-2020 00:30:00,461.9,463.2,1.8
2019,01-30-2020 01:00:00,461.5,463.6,1.78
2020,01-30-2020 01:30:00,461.5,463.2,1.76
2021,01-30-2020 02:00:00,461,462.9,1.75
2022,01-30-2020 02:30:00,460.7,462.5,1.73
2023,01-30-2020 03:00:00,460.8,462.5,1.72
2024,01-30-2020 03:30:00,460.5,462.5,1.7
2025,01-30-2020 04:00:00,460.4,462.5,1.7
2026,01-30-2020 04:30:00,460.6,462.5,1.71
2027,01-30-2020 05:00:00,461,462.9,1.71
2028,01-30-2020 05:30:00,461,462.9,1.71
2029,01-30-2020 06:00:00,461,462.9,1.71
2030,01-30-2020 06:30:00,461.1,463.3,1.71
2031,01-30-2020 07:00:00,461,462.9,1.71
2032,01-30-2020 07:30:00,461,463.3,1.71
2033,01-30-2020 08:00:00,461.4,462.9,1.72
2034,01-30-2020 08:30:00,461.7,463.3,1.72
2035,01-30-2020 09:00:00,461.7,463.2,1.76
2036,01-30-2020 09:30:00,462.6,464.4,1.82
2037,01-30-2020 10:00:00,463.6,465.5,1.9
2038,01-30-2020 10:30:00,465.3,467,1.99
2039,01-30-2020 11:00:00,466,468.1,2.09
2040,01-30-2020 11:30:00,468.2,470,2.23
2041,01-30-2020 12:00:00,469.7,471.5,2.34
2042,01-30-2020 12:30:00,470.4,472.6,2.41
2043,01-30-2020 13:00:00,471,473.4,2.47
2044,01-30-2020 13:30:00,472.4,474.5,2.56
2045,01-30-2020 14:00:00,473.6,475.6,2.67
2046,01-30-2020 14:30:00,475.2,476.7,2.74
2047,01-30-2020 15:00:00,475.8,477.1,2.79
2048,01-30-2020 15:30:00,476.1,477.8,2.83
2049,01-30-2020 16:00:00,476.7,478.2,2.89
2050,01-30-2020 16:30:00,476.6,478.2,2.91
2051,01-30-2020 17:00:00,476.2,477.8,2.88
2052,01-30-2020 17:30:00,475.4,477.1,2.81
2053,01-30-2020 18:00:00,475.1,476.7,2.79
2054,01-30-2020 18:30:00,474.8,476.7,2.78
2055,01-30-2020 19:00:00,474.5,476.3,2.75
2056,01-30-2020 19:30:00,474,476.3,2.73
2057,01-30-2020 20:00:00,473.9,475.6,2.69
2058,01-30-2020 20:30:00,473.3,475.2,2.64
2059,01-30-2020 21:00:00,472.8,474.8,2.6
2060,01-30-2020 21:30:00,472.3,474.5,2.55
2061,01-30-2020 22:00:00,472,473.7,2.51
2062,01-30-2020 22:30:00,471.8,473.7,2.5
2063,01-30-2020 23:00:00,471.7,473.7,2.47
2064,01-30-2020 23:30:00,471.6,473.8,2.45
2065,01-31-2020 00:00:00,471.8,473.4,2.45
2066,01-31-2020 00:30:00,471.7,473.8,2.44
2067,01-31-2020 01:00:00,471.7,473,2.43
2068,01-31-2020 01:30:00,471.8,473,2.41
2069,01-31-2020 02:00:00,471.8,473.4,2.4
2070,01-31-2020 02:30:00,472,473.4,2.37
2071,01-31-2020 03:00:00,472.6,473.8,2.38
2072,01-31-2020 03:30:00,473.2,474.9,2.39
2073,01-31-2020 04:00:00,473.6,474.9,2.4
2074,01-31-2020 04:30:00,474,475.3,2.41
2075,01-31-2020 05:00:00,474.4,476.1,2.43
2076,01-31-2020 05:30:00,474.6,476.1,2.45
2077,01-31-2020 06:00:00,474.6,476.1,2.46
2078,01-31-2020 06:30:00,474.4,476.1,2.46
2079,01-31-2020 07:00:00,473.9,475.7,2.45
2080,01-31-2020 07:30:00,473.8,474.9,2.46
2081,01-31-2020 08:00:00,474.3,476.1,2.47
2082,01-31-2020 08:30:00,474.4,475.7,2.5
2083,01-31-2020 09:00:00,474.2,476,2.54
2084,01-31-2020 09:30:00,474.5,476,2.57
2085,01-31-2020 10:00:00,475.2,476.4,2.63
2086,01-31-2020 10:30:00,476.3,477.9,2.74
2087,01-31-2020 11:00:00,477.2,479,2.81
2088,01-31-2020 11:30:00,478.4,479.7,2.91
2089,01-31-2020 12:00:00,479.3,480.8,3
2090,01-31-2020 12:30:00,479.9,481.2,3.06
2091,01-31-2020 13:00:00,480.7,482,3.09
2092,01-31-2020 13:30:00,481.1,483.1,3.14
2093,01-31-2020 14:00:00,481.5,483.4,3.21
2094,01-31-2020 14:30:00,483,484.2,3.3
2095,01-31-2020 15:00:00,483.5,484.9,3.36
2096,01-31-2020 15:30:00,484.2,485.3,3.41
2097,01-31-2020 16:00:00,484.8,486.4,3.46
2098,01-31-2020 16:30:00,485.3,486.8,3.48
2099,01-31-2020 17:00:00,485.2,486.4,3.46
2100,01-31-2020 17:30:00,484.2,485.7,3.4
2101,01-31-2020 18:00:00,483.6,485.3,3.36
2102,01-31-2020 18:30:00,483.5,485.3,3.36
2103,01-31-2020 19:00:00,483.2,485.3,3.37
2104,01-31-2020 19:30:00,483.3,484.9,3.34
2105,01-31-2020 20:00:00,482.8,484.2,3.28
2106,01-31-2020 20:30:00,482.4,483.8,3.25
2107,01-31-2020 21:00:00,481.9,483.4,3.2
2108,01-31-2020 21:30:00,481.3,482.7,3.15
2109,01-31-2020 22:00:00,481,482.3,3.12
2110,01-31-2020 22:30:00,480.8,482,3.09
2111,01-31-2020 23:00:00,480.5,481.6,3.07
2112,01-31-2020 23:30:00,480.4,481.6,3.06
2113,02-01-2020 00:00:00,480.5,481.6,3.04
2114,02-01-2020 00:30:00,480.8,482,3.03
2115,02-01-2020 01:00:00,480.7,482,3.01
2116,02-01-2020 01:30:00,480.9,482,3.01
2117,02-01-2020 02:00:00,480.8,482,3
2118,02-01-2020 02:30:00,481.1,482,3
2119,02-01-2020 03:00:00,481.4,482.4,3.01
2120,02-01-2020 03:30:00,481.9,483.2,3.01
2121,02-01-2020 04:00:00,482.6,483.5,3.02
2122,02-01-2020 04:30:00,482.8,483.9,3.02
2123,02-01-2020 05:00:00,483,484.3,3.03
2124,02-01-2020 05:30:00,483,484.3,3.03
2125,02-01-2020 06:00:00,482.8,483.9,3.04
2126,02-01-2020 06:30:00,482.8,483.9,3.03
2127,02-01-2020 07:00:00,482.6,483.5,3.06
2128,02-01-2020 07:30:00,482.6,483.5,3.07
2129,02-01-2020 08:00:00,482.5,483.9,3.08
2130,02-01-2020 08:30:00,482.3,483.5,3.09
2131,02-01-2020 09:00:00,482.1,483.1,3.11
2132,02-01-2020 09:30:00,481.7,482.7,3.12
2133,02-01-2020 10:00:00,482.2,483.5,3.15
2134,02-01-2020 10:30:00,483.1,484.2,3.24
2135,02-01-2020 11:00:00,484.2,485.3,3.32
2136,02-01-2020 11:30:00,486.1,486.8,3.47
2137,02-01-2020 12:00:00,487.7,488.7,3.6
2138,02-01-2020 12:30:00,489.7,490.5,3.75
2139,02-01-2020 13:00:00,490.9,492,3.88
2140,02-01-2020 13:30:00,493.3,494.3,4.05
2141,02-01-2020 14:00:00,496.9,498,4.33
2142,02-01-2020 14:30:00,497.8,498.7,4.44
2143,02-01-2020 15:00:00,497.5,498.7,4.44
2144,02-01-2020 15:30:00,498.6,499.8,4.51
2145,02-01-2020 16:00:00,498.2,499.5,4.48
2146,02-01-2020 16:30:00,497.4,498.7,4.42
2147,02-01-2020 17:00:00,496.5,497.6,4.33
2148,02-01-2020 17:30:00,495.5,496.4,4.29
2149,02-01-2020 18:00:00,494.7,495.7,4.25
2150,02-01-2020 18:30:00,494.8,496.1,4.25
2151,02-01-2020 19:00:00,494.3,495.7,4.22
2152,02-01-2020 19:30:00,494,495,4.17
2153,02-01-2020 20:00:00,492.7,493.8,4.1
2154,02-01-2020 20:30:00,490.7,491.6,3.94
2155,02-01-2020 21:00:00,488.9,490.1,3.82
2156,02-01-2020 21:30:00,487.7,488.6,3.72
2157,02-01-2020 22:00:00,487.2,488.3,3.66
2158,02-01-2020 22:30:00,486.4,487.5,3.6
2159,02-01-2020 23:00:00,485.3,486.8,3.52
2160,02-01-2020 23:30:00,484.7,486,3.43
2161,02-02-2020 00:00:00,484.9,486.1,3.38
2162,02-02-2020 00:30:00,485.3,486.5,3.34
2163,02-02-2020 01:00:00,485.5,486.5,3.3
2164,02-02-2020 01:30:00,486,486.9,3.26
2165,02-02-2020 02:00:00,486.4,487.7,3.24
2166,02-02-2020 02:30:00,486.8,487.7,3.21
2167,02-02-2020 03:00:00,486.8,488.1,3.21
2168,02-02-2020 03:30:00,486.2,487.3,3.18
2169,02-02-2020 04:00:00,485.3,486.6,3.14
2170,02-02-2020 04:30:00,484.9,486.2,3.12
2171,02-02-2020 05:00:00,484.5,485.4,3.12
2172,02-02-2020 05:30:00,483.6,485,3.11
2173,02-02-2020 06:00:00,482.9,484.3,3.09
2174,02-02-2020 06:30:00,484.7,489.7,3.09
2175,02-02-2020 07:00:00,481.3,483.1,3.09
2176,02-02-2020 07:30:00,481.1,482.3,3.09
2177,02-02-2020 08:00:00,480.7,482.7,3.11
2178,02-02-2020 08:30:00,482.1,483.5,3.14
2179,02-02-2020 09:00:00,483,484.2,3.21
2180,02-02-2020 09:30:00,484.2,485.3,3.31
2181,02-02-2020 10:00:00,485.9,486.8,3.46
2182,02-02-2020 10:30:00,488,489.4,3.6
2183,02-02-2020 11:00:00,490.5,491.7,3.76
2184,02-02-2020 11:30:00,492.3,493.9,3.92
2185,02-02-2020 12:00:00,494.7,496.5,4.11
2186,02-02-2020 12:30:00,497,499.2,4.28
2187,02-02-2020 13:00:00,500.4,501.4,4.44
2188,02-02-2020 13:30:00,501.5,502.9,4.54
2189,02-02-2020 14:00:00,503.5,505.2,4.66
2190,02-02-2020 14:30:00,505.3,506.6,4.79
2191,02-02-2020 15:00:00,506.5,507.7,4.93
2192,02-02-2020 15:30:00,506.6,507.7,4.99
2193,02-02-2020 16:00:00,507.6,509.2,5.01
2194,02-02-2020 16:30:00,506.8,508.1,5.03
2195,02-02-2020 17:00:00,506.5,507.7,5
2196,02-02-2020 17:30:00,504,505.4,4.91
2197,02-02-2020 18:00:00,501.9,503.6,4.77
2198,02-02-2020 18:30:00,499.9,501.3,4.66
2199,02-02-2020 19:00:00,499.1,500.6,4.57
2200,02-02-2020 19:30:00,497.6,498.7,4.46
2201,02-02-2020 20:00:00,496.1,497.6,4.34
2202,02-02-2020 20:30:00,493.7,495.3,4.2
2203,02-02-2020 21:00:00,492.1,493.5,4.04
2204,02-02-2020 21:30:00,492.3,494.3,3.95
2205,02-02-2020 22:00:00,493.7,495.1,3.87
2206,02-02-2020 22:30:00,494.5,495.5,3.8
2207,02-02-2020 23:00:00,494.6,496,3.75
2208,02-02-2020 23:30:00,495.6,496.8,3.69
2209,02-03-2020 00:00:00,497.7,499.1,3.62
2210,02-03-2020 00:30:00,498.5,500.3,3.59
2211,02-03-2020 01:00:00,498.8,500.3,3.55
2212,02-03-2020 01:30:00,498.8,499.9,3.53
2213,02-03-2020 02:00:00,498,499.2,3.47
2214,02-03-2020 02:30:00,499.4,500.8,3.41
2215,02-03-2020 03:00:00,500.2,501.2,3.36
2216,02-03-2020 03:30:00,499.7,501.2,3.29
2217,02-03-2020 04:00:00,497.4,498.6,3.21
2218,02-03-2020 04:30:00,494.8,495.9,3.19
2219,02-03-2020 05:00:00,492.2,493.6,3.13
2220,02-03-2020 05:30:00,488.9,490.5,3.03
2221,02-03-2020 06:00:00,485.8,487.5,2.92
2222,02-03-2020 06:30:00,482.8,484.4,2.83
2223,02-03-2020 07:00:00,479.8,481.4,2.74
2224,02-03-2020 07:30:00,476.4,477.9,2.62
2225,02-03-2020 08:00:00,474.4,476,2.55
2226,02-03-2020 08:30:00,472.9,474.1,2.54
2227,02-03-2020 09:00:00,472.5,473.7,2.54
2228,02-03-2020 09:30:00,472.7,474.1,2.61
2229,02-03-2020 10:00:00,472.9,474.8,2.71
2230,02-03-2020 10:30:00,473.9,475.1,2.81
2231,02-03-2020 11:00:00,475.7,477,3
2232,02-03-2020 11:30:00,477.8,479.2,3.2
2233,02-03-2020 12:00:00,479.7,481,3.38
2234,02-03-2020 12:30:00,481.1,482.5,3.57
2235,02-03-2020 13:00:00,482.4,484,3.74
2236,02-03-2020 13:30:00,483.6,485,3.91
2237,02-03-2020 14:00:00,484.2,485.4,4.03
2238,02-03-2020 14:30:00,484.7,486.1,4.14
2239,02-03-2020 15:00:00,484.4,486,4.26
2240,02-03-2020 15:30:00,484.5,486,4.31
2241,02-03-2020 16:00:00,483.5,484.8,4.32
2242,02-03-2020 16:30:00,482.5,484.1,4.29
2243,02-03-2020 17:00:00,480.8,482.2,4.23
2244,02-03-2020 17:30:00,479.5,481,4.19
2245,02-03-2020 18:00:00,477.4,478.7,4.11
2246,02-03-2020 18:30:00,475.4,477.2,4.04
2247,02-03-2020 19:00:00,473.4,475.3,3.93
2248,02-03-2020 19:30:00,471.3,472.7,3.85
2249,02-03-2020 20:00:00,469.7,471.6,3.75
2250,02-03-2020 20:30:00,468.2,469.7,3.62
2251,02-03-2020 21:00:00,467.1,468.6,3.53
2252,02-03-2020 21:30:00,466.2,467.4,3.49
2253,02-03-2020 22:00:00,465.9,467.4,3.48
2254,02-03-2020 22:30:00,465.9,467.4,3.46
2255,02-03-2020 23:00:00,465.8,467.1,3.45
2256,02-03-2020 23:30:00,466.4,467.5,3.41
2257,02-04-2020 00:00:00,466.6,467.9,3.38
2258,02-04-2020 00:30:00,466.4,467.9,3.36
2259,02-04-2020 01:00:00,466.2,467.5,3.34
2260,02-04-2020 01:30:00,465.8,467.1,3.32
2261,02-04-2020 02:00:00,465.6,467.1,3.3
2262,02-04-2020 02:30:00,465.5,467.2,3.25
2263,02-04-2020 03:00:00,465.4,467.2,3.24
2264,02-04-2020 03:30:00,465.1,467.2,3.21
2265,02-04-2020 04:00:00,464.4,466.4,3.15
2266,02-04-2020 04:30:00,463.6,464.9,3.06
2267,02-04-2020 05:00:00,462.5,464.2,2.97
2268,02-04-2020 05:30:00,461.8,463.5,2.89
2269,02-04-2020 06:00:00,461.4,463.1,2.8
2270,02-04-2020 06:30:00,460.2,461.6,2.71
2271,02-04-2020 07:00:00,458.8,460.5,2.62
2272,02-04-2020 07:30:00,457.6,459.4,2.5
2273,02-04-2020 08:00:00,456.4,458.3,2.4
2274,02-04-2020 08:30:00,455.2,456.8,2.29
2275,02-04-2020 09:00:00,456,457.6,2.24
2276,02-04-2020 09:30:00,455.7,457.2,2.23
2277,02-04-2020 10:00:00,456.2,457.6,2.26
2278,02-04-2020 10:30:00,456.5,458.7,2.34
2279,02-04-2020 11:00:00,458.2,459.5,2.37
2280,02-04-2020 11:30:00,459.1,460.6,2.44
2281,02-04-2020 12:00:00,460.3,462.1,2.56
2282,02-04-2020 12:30:00,462.4,464,2.69
2283,02-04-2020 13:00:00,463.2,464.7,2.8
2284,02-04-2020 13:30:00,464.7,466.6,2.91
2285,02-04-2020 14:00:00,466.3,468,3.03
2286,02-04-2020 14:30:00,467.1,468.4,3.07
2287,02-04-2020 15:00:00,465.6,466.9,3.02
2288,02-04-2020 15:22:48,,,
2289,02-04-2020 15:22:56,,,
2290,02-04-2020 15:23:03,,,
